,movingPlateId,movingPlateCode,timeMa,poleLat,poleLon,angleDeg,fixedPlateId,fixedPlateCode,interpolated,comment,sourceLine
0,1.0,1.0,0.0,90.0,0.0,0.0,0.0,0.0,0.0,,1.0
1,1.0,1.0,1000.0,90.0,0.0,0.0,0.0,0.0,0.0,,2.0
2,1.0,1.0,1010.0,90.0,0.0,0.0,0.0,0.0,0.0,,3.0
3,3,003,0.0,90.0,0.0,0.0,0,000,False,PPH-000 Present day Pacific hotspots fixed to 000,4
4,3,003,240.0,90.0,0.0,0.0,0,000,False,,5
5,3,003,1000.0,90.0,0.0,0.0,0,000,False,,6
6,5,005,0.0,90.0,0.0,0.0,0,000,False,,7
7,5,005,1000.0,90.0,0.0,0.0,0,000,False,,8
8,70,070,0.0,90.0,0.0,0.0,0,000,False,LGS-TPWC Longitudinal shift,9
9,70,070,70.0,90.0,0.0,0.0,0,000,False,LGS-TPWC Longitudinal shift,10
10,70,070,100.0,90.0,0.0,0.0,0,000,False,LGS-TPWC Longitudinal shift,11
11,70,070,230.0,90.0,0.0,0.0,0,000,False,LGS-TPWC Longitudinal shift,12
12,70,070,240.0,90.0,0.0,0.0,0,000,False,LGS-TPWC Longitudinal shift,13
13,70,070,1000.0,90.0,0.0,0.0,0,000,False,LGS-TPWC Longitudinal shift,14
14,70,070,1010.0,90.0,0.0,0.0,0,000,False,LGS-TPWC Longitudinal shift,15
15,101,101,0.0,90.0,0.0,0.0,714,714,False,NAM-NWA North America-Northwest Africa,16
16,101,101,10.9,81.0,22.9,2.84,714,714,False,"NAM-NWA @REF Mueller_1999 @DOI""10.1016/S1874-5997(99)80036-7""	@CHRONID""C5""",17
17,101,101,20.1,80.6,24.5,5.53,714,714,False,"NAM-NWA @REF Mueller_1999 @DOI""10.1016/S1874-5997(99)80036-7""	@CHRONID""C6""",18
18,101,101,33.1,75.99,5.98,9.77,714,714,False,"NAM-NWA @REF Mueller_1999 @DOI""10.1016/S1874-5997(99)80036-7""	@CHRONID""C13""",19
19,101,101,40.1,74.5,-1.2,12.6,714,714,False,"NAM-NWA @REF Mueller_1999 @DOI""10.1016/S1874-5997(99)80036-7""	@CHRONID""C18""",20
20,101,101,47.9,74.9,-4.6,15.61,714,714,False,"NAM-NWA @REF Mueller_1999 @DOI""10.1016/S1874-5997(99)80036-7""	@CHRONID""C21""",21
21,101,101,55.9,80.64,6.57,17.9,714,714,False,"NAM-NWA @REF Mueller_1999 @DOI""10.1016/S1874-5997(99)80036-7""	@CHRONID""C25""",22
22,101,101,67.7,82.3,-1.7000000000000002,21.51,714,714,False,"NAM-NWA @REF Mueller_1999 @DOI""10.1016/S1874-5997(99)80036-7""	@CHRONID""C30""",23
23,101,101,83.0,76.81,-20.59,29.51,714,714,False,"NAM-NWA @REF Mueller_1999 @DOI""10.1016/S1874-5997(99)80036-7""	@CHRONID""C34""",24
24,101,101,120.6,66.28,-19.82,54.44,714,714,False,"NAM-NWA @REF Mueller_++_1997	@DOI""10.1029/96JB01781""",25
25,101,101,125.7,66.11,-18.95,56.48,714,714,False,"NAM-NWA @REF Mueller_++_1997	@DOI""10.1029/96JB01781""",26
26,101,101,130.5,65.95,-18.5,57.45,714,714,False,"NAM-NWA @REF Mueller_++_1997	@DOI""10.1029/96JB01781""",27
27,101,101,137.9,66.12,-18.38,59.9,714,714,False,"NAM-NWA @REF Mueller_++_1997	@DOI""10.1029/96JB01781""",28
28,101,101,146.6,66.54,-17.98,62.08,714,714,False,"NAM-NWA @REF Mueller_++_1997	@DOI""10.1029/96JB01781""",29
29,101,101,154.0,67.06,-15.52,64.6,714,714,False,"NAM-NWA @REF Kneller_2012, @DOI""10.1016/j.cageo.2012.06.019"" Scenario A and B MVH 2014",30
30,101,101,164.7,65.61,-15.97,71.43,714,714,False,"NAM-NWA @REF Kneller_2012, @DOI""10.1016/j.cageo.2012.06.019"" Scenario A and B MVH 2014 @absage",31
31,101,101,200.0,65.0,-13.74,77.54,714,714,False,"NAM-NWA @REF Kneller_2012, @DOI""10.1016/j.cageo.2012.06.019"" Scenario A and B MVH 2014",32
32,101,101,240.0,64.78,-13.96,78.58,714,714,False,"NAM-NWA @REF Kneller_2012, @DOI""10.1016/j.cageo.2012.06.019"" Scenario A and B MVH 2014",33
33,101,101,250.0,64.28,-14.74,78.05,714,714,False,NAM-NWA Noth America-NW Africa (Gondwana) Labails et al. 2010 Gradstein1994TS - closure max Young et al. (this study),34
34,101,101,310.0,64.28,-14.74,78.05,714,714,False,NAM-NWA Labails et al. 2010 Gradstein1994TS - closure max Young et al. (this study),35
35,101,101,320.0,64.28,-14.74,78.05,714,714,False,"NAM-NWA Pangea in place @REF Domeier_Torsvik_2014 @DOI""10.1016/j.gsf.2014.01.002""",36
36,101,101,360.0,51.1,-24.03,72.46,714,714,False,NAM-NWA Young et al. (this study),37
37,101,101,380.0,45.35,-25.51,76.79,714,714,False,NAM-NWA Young et al. (this study),38
38,101,101,410.0,36.1779,-16.1481,79.8161,714,714,False,"NAM-NWA @REF Merdith_++_2021 @DOI""10.1016/j.earscirev.2020.103477"", modified from @REF Domeier 2016 @DOI""10.1016/j.gr.2015.08.003 @xo_of",39
39,101,101,410.0,4.3876,32.0184,81.5747,0,000,False,"NAM-000 North American-Spin axis @REF Merdith_++_2021 @DOI""10.1016/j.earscirev.2020.103477"", modified from @REF Domeier 2016 @DOI""10.1016/j.gr.2015.08.003",40
40,101,101,430.0,-23.0361,35.8805,78.8987,0,000,False,"NAM-000 @REF Merdith_++_2021 @DOI""10.1016/j.earscirev.2020.103477"", modified from @REF Domeier 2016 @DOI""10.1016/j.gr.2015.08.003",41
41,101,101,500.0,-37.59,33.8534,112.3918,0,000,False,"NAM-000 @REF Merdith_++_2021 @DOI""10.1016/j.earscirev.2020.103477"", modified from @REF Domeier 2016 @DOI""10.1016/j.gr.2015.08.003",42
42,101,101,530.0,36.1118,-146.7457,-131.2137,0,000,False,"NAM-000, @REF Merdith et al. 2017, @DOI""10.1016/j.gr.2017.04.001""",43
43,101,101,555.0,40.8,-165.37,-119.32,0,000,False,"NAM-000, @REF Merdith et al. 2017, @DOI""10.1016/j.gr.2017.04.001""",44
44,101,101,590.0,30.89,-160.89,-134.96,0,000,False,"NAM-000, @REF Merdith et al. 2017, @DOI""10.1016/j.gr.2017.04.001""",45
45,101,101,615.0,34.14,-158.86,-140.22,0,000,False,"NAM-000, @REF Merdith et al. 2017, @DOI""10.1016/j.gr.2017.04.001""",46
46,101,101,700.0,44.58,159.82,-180.4,0,000,False,"NAM-000, @REF Merdith et al. 2017, @DOI""10.1016/j.gr.2017.04.001""",47
47,101,101,750.0,47.4055,152.8538,-182.2878,0,000,False,"NAM-000, @REF Merdith et al. 2017, @DOI""10.1016/j.gr.2017.04.001""",48
48,101,101,780.0,51.1932,138.2637,-169.9312,0,000,False,"NAM-000, @REF Merdith et al. 2017, @DOI""10.1016/j.gr.2017.04.001""",49
49,101,101,870.0,31.1796,160.228,-176.1848,0,000,False,"NAM-000, @REF Merdith et al. 2017, @DOI""10.1016/j.gr.2017.04.001""",50
50,101,101,940.0,45.5566,176.2356,-196.8912,0,000,False,"NAM-000, @REF Merdith et al. 2017, @DOI""10.1016/j.gr.2017.04.001""",51
51,101,101,1050.0,43.54,179.56,-168.63,0,000,False,"NAM-000, @REF Mulder et al. 2018, @DOI""10.1130/G45225.1""",52
52,101,101,1066.0,49.7419,179.5839,-146.5091,0,000,False,"NAM-000, @REF Mulder et al. 2018, @DOI""10.1130/G45225.1""",53
53,101,101,1076.0,46.7483,-167.5888,-154.1052,0,000,False,"NAM-000, @REF Mulder et al. 2018, @DOI""10.1130/G45225.1""",54
54,101,101,1091.0,58.7151,-166.4351,-161.293,0,000,False,"NAM-000, @REF Mulder et al. 2018, @DOI""10.1130/G45225.1""",55
55,101,101,1100.0,60.9294,-162.0036,-158.5948,0,000,False,"NAM-000, @REF Mulder et al. 2018, @DOI""10.1130/G45225.1""",56
56,101,101,1140.0,66.53,-132.9,-151.65,0,000,False,"NAM-000, @REF Mulder et al. 2018, @DOI""10.1130/G45225.1""",57
57,102,102,0.0,90.0,0.0,0.0,101,101,False,GRN-NAM Greenland-North America,58
58,102,102,33.1,90.0,0.0,0.0,101,101,False,GRN-NAM @xo_ys,59
59,102,102,33.1,68.22,131.53,7.65,301,301,False,"GRN-EUR Greenland-Eurasia  @REF Gaina_++_2009 @DOI""10.1144/0016-76492008-112""",60
60,102,102,47.9,53.5565,128.4137,9.2893,301,301,False,"GRN-EUR @REF Gaina_++_2009 @DOI""10.1144/0016-76492008-112""       @CHRONID""C21o""",61
61,102,102,49.7,50.6758,127.8122,9.5592,301,301,False,"GRN-EUR @REF Gaina_++_2009 @DOI""10.1144/0016-76492008-112""       @CHRONID""C22o""",62
62,102,102,53.3,48.684,127.49,10.8091,301,301,False,"GRN-EUR @REF Barnett-Moore_++_(in review)                        @CHRONID""C24""",63
63,102,102,55.9,52.0328,122.9375,12.3891,301,301,False,GRN-EUR @REF Barnett-Moore_++_(in review),64
64,102,102,56.39,52.1228,122.7374,12.3892,301,301,False,"GRN-EUR @REF Barnett-Moore_++_(in review)                        @CHRONID""C25"" in (GRN-NAM)",65
65,102,102,57.91,52.653,121.3471,12.3292,301,301,False,"GRN-EUR @REF Barnett-Moore_++_(in review)                        @CHRONID""C26"" in (GRN-NAM)",66
66,102,102,61.27,53.0728,120.8267,12.6092,301,301,False,"GRN-EUR @REF Barnett-Moore_++_(in review)                        @CHRONID""C27"" in (GRN-NAM)",67
67,102,102,79.1,48.1723,121.6263,12.709,301,301,False,GRN-EUR @REF Barnett-Moore_++_(in review) @xo_yf,68
68,102,102,79.1,57.73,-138.96,-8.0,101,101,False,"GRN-NAM @REF Barnett-Moore_++_(in review)                        @CHRONID""C33"", phase II rifting",69
69,102,102,83.0,61.42,-132.01,-9.76,101,101,False,"GRN-NAM @REF Barnett-Moore_++_(in review)                        @CHRONID""C34"" in (EUR-NAM)",70
70,102,102,120.0,61.76,-132.95,-10.98,101,101,False,"GRN-NAM @REF Hosseinpour_++_2013 & Barnett-Moore_++_(in review)  @DOI""0.5194/se-4-461-2013"" @absage",71
71,102,102,250.0,61.76,-132.95,-10.98,101,101,False,GRN - NAM full fit modification of Hosseinpour et al. 2013 (Barnett-Moore 2015) @absage,72
72,102,102,410.0,61.76,-132.95,-10.98,101,101,False,GRN - NAM full fit modification of Hosseinpour et al. 2013 (Barnett-Moore 2015) @absage   OLD ROT 70.4	-94.1	-18.0	101,73
73,102,102,1000.0,61.76,-132.95,-10.98,101,101,False,Greenland,74
74,102,102,1010.0,61.76,-132.95,-10.98,101,101,False,Greenland,75
75,103,103,0.0,90.0,0.0,0.0,101,101,False,NSL-NAM North Slope Alaska-North America,76
76,103,103,126.0,90.0,0.0,0.0,101,101,False,NSL-NAM assume @absage,77
77,103,103,132.0,60.0,-126.0,-3.0,101,101,False,"NSL-NAM @REF Alvey_++_2008, @DOI""10.1016/j.epsl.2008.07.036"" assume @absage",78
78,103,103,136.5,60.0,-126.0,-6.5,101,101,False,"NSL-NAM @REF Alvey_++_2008, @DOI""10.1016/j.epsl.2008.07.036"" assume @absage",79
79,103,103,139.6,60.0,-126.0,-10.0,101,101,False,"NSL-NAM @REF Alvey_++_2008, @DOI""10.1016/j.epsl.2008.07.036"" assume @absage",80
80,103,103,142.5,65.0,-130.2,-30.0,101,101,False,"NSL-NAM @REF Alvey_++_2008, @DOI""10.1016/j.epsl.2008.07.036"" CG0806, assume @absage",81
81,103,103,145.0,65.0,-130.2,-34.0,101,101,False,"NSL-NAM @REF Lawver_++_1990, @DOI""10.1007/978-94-009-2029-3_3"" assume @absage",82
82,103,103,195.0,64.18,-129.65,-34.25,101,101,False,"NSL-NAM @REF Shephard_++_2013, @DOI""10.1016/j.earscirev.2013.05.012"" @Au GS, @T 12, additional rifting, assume @absage",83
83,103,103,250.0,64.18,-129.65,-34.25,101,101,False,"NSL-NAM North Slope Alaska-North America  @REF Shephard_++_2013, @DOI""10.1016/j.earscirev.2013.05.012""",84
84,103,103,400.0,64.18,-129.65,-34.25,101,101,False,"NSL-NAM End of Ellesmerian  @REF Shephard_++_2013, @DOI""10.1016/j.earscirev.2013.05.012""",85
85,103,103,410.0,66.28,-122.78,-34.99,101,101,False,"""NSL-NAM @REF Domeier_Torsvik_2014 @DOI""""10.1016/j.gsf.2014.01.002""""""",86
86,103,103,420.0,66.9,-114.09,-35.05,101,101,False,"""NSL-NAM @REF Domeier_Torsvik_2014 @DOI""""10.1016/j.gsf.2014.01.002""""""",87
87,103,103,430.0,67.38,-105.21,-35.43,101,101,False,"""NSL-NAM @REF Domeier_Torsvik_2014 @DOI""""10.1016/j.gsf.2014.01.002""""""",88
88,103,103,445.0,34.0,154.0,16.6,101,101,False,"""NSL-NAM  @REF Domeier_Torsvik_2014 @DOI""""10.1016/j.gsf.2014.01.002""""""",89
89,103,103,460.0,14.8,137.5,25.56,101,101,False,"""NSL-NAM THT2009 Midway LAU and SIB  @REF Domeier_Torsvik_2014 @DOI""""10.1016/j.gsf.2014.01.002""""""",90
90,103,103,600.0,14.8,137.5,25.56,101,101,False,"""NSL-NAM Fauna suggest Alaska and Chkotka half between SIB and LAU  @REF Domeier_Torsvik_2014 @DOI""""10.1016/j.gsf.2014.01.002""""""",91
91,103,103,610.0,14.8,137.5,25.56,101,101,False,"""NSL-NAM Fauna suggest Alaska and Chkotka half between SIB and LAU  @REF Domeier_Torsvik_2014 @DOI""""10.1016/j.gsf.2014.01.002""""""",92
92,104,104,0.0,90.0,0.0,0.0,101,101,False,MEX-NAM Mexico-North America,93
93,104,104,152.0,90.0,0.0,0.0,101,101,False,MEX-NAM @absage,94
94,104,104,170.0,35.0,-14.0,-1.5,101,101,False,"MEX-NAM @REF Muller_++_2008 @DOI""10.1029/2007GC001743"" @absage",95
95,104,104,250.0,35.0,-14.0,-1.5,101,101,False,"MEX-NAM Mexico-North America FIT Ross & Scotese 1988  @REF Domeier_Torsvik_2014 @DOI""10.1016/j.gsf.2014.01.002""",96
96,104,104,410.0,35.0,-14.0,-1.5,101,101,False,"MEX-NAM Mexico-North America FIT Ross & Scotese 1988  @REF Domeier_Torsvik_2014 @DOI""10.1016/j.gsf.2014.01.002""",97
97,104,104,600.0,35.0,-14.0,-1.5,101,101,False,"MEX-NAM Ross & Scotese 1988  @REF Domeier_Torsvik_2014 @DOI""10.1016/j.gsf.2014.01.002""107 410.0  -69.79  101.72    5.98  101",98
98,104,104,610.0,35.0,-14.0,-1.5,101,101,False,"MEX-NAM Ross & Scotese 1988  @REF Domeier_Torsvik_2014 @DOI""10.1016/j.gsf.2014.01.002""107 410.0  -69.79  101.72    5.98  101",99
99,105,105,0.0,90.0,0.0,0.0,101,101,False,BAJ-NAM Northern Baja California-North America,100
100,105,105,6.0,47.87,-81.61,5.26,101,101,False,"BAJ-NAM @REF McQuarrie_Wernicke_2005 @DOI""10.1130/GES00016.1"" @Au MG & MT",101
101,105,105,12.0,48.11,-92.97,9.49,101,101,False,"BAJ-NAM @REF McQuarrie_Wernicke_2005 @DOI""10.1130/GES00016.1"" @Au MG & MT",102
102,105,105,18.0,51.92,-93.77,9.79,101,101,False,"BAJ-NAM @REF McQuarrie_Wernicke_2005 @DOI""10.1130/GES00016.1"" @Au MG & MT",103
103,105,105,24.0,55.5,-92.93,9.26,101,101,False,"BAJ-NAM @REF McQuarrie_Wernicke_2005 @DOI""10.1130/GES00016.1"" @Au MG & MT",104
104,105,105,30.0,57.94,-92.42,8.91,101,101,False,"BAJ-NAM @REF McQuarrie_Wernicke_2005 @DOI""10.1130/GES00016.1"" @Au MG & MT",105
105,105,105,36.0,57.94,-92.42,8.91,101,101,False,"BAJ-NAM @REF McQuarrie_Wernicke_2005 @DOI""10.1130/GES00016.1"" @Au MG & MT",106
106,105,105,250.0,57.94,-92.42,8.91,101,101,False,"BAJ-NAM @REF McQuarrie_Wernicke_2005 @DOI""10.1130/GES00016.1"" @Au MG & MT",107
107,107,107,0.0,90.0,0.0,0.0,101,101,False,BIS-NAM Baffin Island-North America,108
108,107,107,33.5,90.0,0.0,0.0,101,101,False,BIS-NAM,109
109,107,107,92.0,-69.79,101.72,5.98,101,101,False,"BIS-NAM @REF Lawver_++_1990 @DOI""10.1007/978-94-009-2029-3_3"" - assume @absage",110
110,107,107,250.0,-69.79,101.72,5.98,101,101,False,"BIS-NAM Baffin Island (Rae Craton)-North America (Laurentia/Laurussia)  @REF Domeier_Torsvik_2014 @DOI""10.1016/j.gsf.2014.01.002""",111
111,107,107,1000.0,-69.79,101.72,5.98,101,101,False,"BIS-NAM	@REF Domeier_Torsvik_2014 @DOI""10.1016/j.gsf.2014.01.002""",112
112,107,107,1010.0,-69.79,101.72,5.98,101,101,False,"BIS-NAM	@REF Domeier_Torsvik_2014 @DOI""10.1016/j.gsf.2014.01.002""",113
113,108,108,0.0,90.0,0.0,0.0,101,101,False,AVA-NAM Avalon/Acadia-North America,114
114,108,108,250.0,90.0,0.0,0.0,101,101,False,"AVA-NAM @REF Domeier_Torsvik_2014 @DOI""10.1016/j.gsf.2014.01.002""",115
115,108,108,410.0,90.0,0.0,0.0,101,101,False,"AVA-NAM  @REF Domeier_Torsvik_2014 @DOI""10.1016/j.gsf.2014.01.002""",116
116,108,108,420.0,90.0,0.0,0.0,101,101,False,"AVA-NAM	@REF Domeier, 2016 @DOI""10.1016/j.gr.2015.08.003",117
117,108,108,430.0,6.87,123.36,8.04,101,101,False,"AVA-NAM @REF Domeier, 2016 @DOI""10.1016/j.gr.2015.08.003, relative rotation recalculated",118
118,999,999,440.0,-13.4438,111.121,38.1529,101,101,False,"AVA-NAM @REF Domeier, 2016 @DOI""10.1016/j.gr.2015.08.003, relative rotation recalculated",119
119,108,108,450.0,14.7253,92.2254,21.0462,101,101,False,"AVA-NAM @REF Domeier, 2016 @DOI""10.1016/j.gr.2015.08.003, relative rotation recalculated",120
120,108,108,489.0,4.1529,123.4984,64.8218,101,101,False,"AVA-NAM @REF Domeier, 2016 @DOI""10.1016/j.gr.2015.08.003, relative rotation recalculated, @xo_of",121
121,108,108,489.0,-57.1619,167.049,-73.5611,714,714,False,"AVA-NAM @REF Domeier, 2016 @DOI""10.1016/j.gr.2015.08.003, relative rotation recalculated",122
122,108,108,500.0,-57.1619,167.049,-73.5611,714,714,False,"AVA-NAM @REF Domeier, 2016 @DOI""10.1016/j.gr.2015.08.003, relative rotation recalculated",123
123,108,108,650.0,-57.1619,167.049,-73.5611,714,714,False,"AVA-NAM @REF Domeier, 2016 @DOI""10.1016/j.gr.2015.08.003, relative rotation recalculated",124
124,108,108,750.0,60.5,-44.0,64.7,714,714,False,"WAV-WNA @REF Murphy et al., 2004 @DOI""10.1007/s00531-004-0412-9",125
125,108,108,760.0,60.5,-44.0,64.7,714,714,False,"WAV-WNA @REF Murphy et al., 2004 @DOI""10.1007/s00531-004-0412-9",126
126,109,109,0.0,90.0,0.0,0.0,101,101,False,PDM-NAM Piedmont-North America,127
127,109,109,310.0,90.0,0.0,0.0,101,101,False,"PDM-NAM	Labails et al. 2010 Gradstein1994TS - closure max @REF Domeier_Torsvik_2014 @DOI""10.1016/j.gsf.2014.01.002""  @xo_ys",128
128,109,109,310.0,64.28,-14.74,78.05,714,714,False,"PDM-NWA Piedmont-Northwest Africa  Labails et al. 2010 Gradstein1994TS - closure max  @REF Domeier_Torsvik_2014 @DOI""10.1016/j.gsf.2014.01.002""",129
129,109,109,650.0,64.28,-14.74,78.05,714,714,False,"PDM-WAC Piedmont (Florida)-West African Craton Labails et al. 2010 Gradstein1994TS - closure max @REF Domeier_Torsvik_2014 @DOI""10.1016/j.gsf.2014.01.002""",130
130,109,109,700.0,65.8824,-22.2119,76.6299,714,714,False,PDM-WAC,131
131,109,109,1000.0,65.8824,-22.2119,76.6299,714,714,False,PDM-WAC Slight alter from Torsvik et al 2012; 2014 to account for Bassaride Belt,132
132,109,109,1010.0,65.8824,-22.2119,76.6299,714,714,False,PDM-WAC Slight alter from Torsvik et al 2012; 2014 to account for Bassaride Belt,133
133,110,110,0.0,90.0,0.0,0.0,101,101,False,ALR-NAM Alpha Ridge/Cordillera-North America,134
134,110,110,250.0,90.0,0.0,0.0,101,101,False,"ALR-NAM	Alpha Ridge/Cordillera-North America Alvey test model 6-Mar  @REF Domeier_Torsvik_2014 @DOI""10.1016/j.gsf.2014.01.002""",135
135,110,110,410.0,90.0,0.0,0.0,101,101,False,"ALR-NAM  @REF Domeier_Torsvik_2014 @DOI""10.1016/j.gsf.2014.01.002""",136
136,110,110,600.0,90.0,0.0,0.0,101,101,False,"ALR-NAM  @REF Domeier_Torsvik_2014 @DOI""10.1016/j.gsf.2014.01.002""",137
137,110,110,610.0,90.0,0.0,0.0,101,101,False,"ALR-NAM  @REF Domeier_Torsvik_2014 @DOI""10.1016/j.gsf.2014.01.002""",138
138,111,111,0.0,90.0,0.0,0.0,101,101,False,MNR-NAM Mendeleyev Ridge-North America,139
139,111,111,118.0,90.0,0.0,0.0,101,101,False,"MNR-NAM modified after @REF Alvey_++_2008, @DOI""10.1016/j.epsl.2008.07.036"" assume @absage",140
140,111,111,150.0,24.82,60.8,8.3,101,101,False,"MNR-NAM modified after @REF Alvey_++_2008, @DOI""10.1016/j.epsl.2008.07.036"" assume @absage",141
141,111,111,410.0,24.82,60.8,8.3,101,101,False,"MNR-NAM Mendeleyev Ridge-North America  modified after Alvey et al. 2008, @REF Domeier_Torsvik_2014 @DOI""10.1016/j.gsf.2014.01.002""",142
142,111,111,600.0,24.82,60.8,8.3,101,101,False,"MNR-NAM  @REF Domeier_Torsvik_2014 @DOI""10.1016/j.gsf.2014.01.002""",143
143,111,111,610.0,24.82,60.8,8.3,101,101,False,"MNR-NAM  @REF Domeier_Torsvik_2014 @DOI""10.1016/j.gsf.2014.01.002""",144
144,112,112,0.0,90.0,0.0,0.0,113,113,False,CHP-NWR Chukchi Cap-Northwind Ridge,145
145,112,112,600.0,90.0,0.0,0.0,113,113,False,"CHP-NWR  @REF Domeier_Torsvik_2014 @DOI""10.1016/j.gsf.2014.01.002""",146
146,112,112,610.0,90.0,0.0,0.0,113,113,False,"CHP-NWR  @REF Domeier_Torsvik_2014 @DOI""10.1016/j.gsf.2014.01.002""",147
147,113,113,0.0,90.0,0.0,0.0,103,103,False,NWR-NSL Northwind Ridge-North Slope Alaska,148
148,113,113,125.0,90.0,0.0,0.0,103,103,False,"NWR-NSL modified after @REF Alvey_++_2008, @DOI""10.1016/j.epsl.2008.07.036"" assume @absage",149
149,113,113,145.0,-74.62,18.27,-23.99,103,103,False,"NWR-NSL modified after @REF Alvey_++_2008, @DOI""10.1016/j.epsl.2008.07.036"" assume @absage",150
150,113,113,250.0,-74.62,18.27,-23.99,103,103,False,"NWR-NAM Northwind Ridge-North America  modified after Alvey et al. 2008  @REF Domeier_Torsvik_2014 @DOI""10.1016/j.gsf.2014.01.002""",151
151,113,113,410.0,-74.62,18.27,-23.99,103,103,False,"NWR-NAM Northwind Ridge-North America  modified after Alvey et al. 2008  @REF Domeier_Torsvik_2014 @DOI""10.1016/j.gsf.2014.01.002""",152
152,113,113,600.0,-74.62,18.27,-23.99,103,103,False,"NWR-NAM  @REF Domeier_Torsvik_2014 @DOI""10.1016/j.gsf.2014.01.002""",153
153,113,113,610.0,-74.62,18.27,-23.99,103,103,False,"NWR-NAM  @REF Domeier_Torsvik_2014 @DOI""10.1016/j.gsf.2014.01.002""",154
154,114,114,0.0,90.0,0.0,0.0,101,101,False,LMN-NAM Lomonosov Ridge-North America,155
155,114,114,58.0,90.0,0.0,0.0,101,101,False,LMN-NAM	@xo_ys @absage,156
156,114,114,58.0,56.99,145.4,13.74,301,301,False,"LMN-EUR Lomonosov Ridge-Eurasia, @REF Gaina_++_2002 @DOI""10.1016/S0012-81X(02)00499-5"" @absage",157
157,114,114,600.0,56.99,145.4,13.74,301,301,False,"LMN-EUR @REF Gaina_++_2002 @absage @DOI""10.1016/S0012-81X(02)00499-5""    @REF Domeier_Torsvik_2014 @DOI""10.1016/j.gsf.2014.01.002""",158
158,114,114,610.0,56.99,145.4,13.74,301,301,False,"LMN-EUR @REF Gaina_++_2002 @absage @DOI""10.1016/S0012-81X(02)00499-5""    @REF Domeier_Torsvik_2014 @DOI""10.1016/j.gsf.2014.01.002""",159
159,116,116,0.0,90.0,0.0,0.0,101,101,False,MVR-NAM Marvin Spur-North America,160
160,116,116,250.0,90.0,0.0,0.0,101,101,False,MVR-NAM,161
161,117,117,0.0,90.0,0.0,0.0,114,114,False,LMN2-LMN Lomonosov Ridge 2 - Lomonosov,162
162,117,117,250.0,90.0,0.0,0.0,114,114,False,LMN2-LMN,163
163,118,118,0.0,90.0,0.0,0.0,103,103,False,NSL2-NSL North Slope Alaska 2 - North Slope Alaska,164
164,118,118,250.0,90.0,0.0,0.0,103,103,False,NSL2-NSL,165
165,120,120,0.0,90.0,0.0,0.0,101,101,False,CAIN-NAM Canadian Arctic Islands North-North America,166
166,120,120,33.5,90.0,0.0,0.0,101,101,False,CAIN-NAM,167
167,120,120,83.0,57.15,-137.0,-1.07,101,101,False,"CAIN-NAM fit, NW passage, @REF Lawver_++_1990 @DOI""10.1007/978-94-009-2029-3_3""",168
168,120,120,250.0,57.15,-137.0,-1.07,101,101,False,"CAIN-NAM @REF Lawver_++_1990 @DOI""10.1007/978-94-009-2029-3_3""",169
169,120,120,360.0,57.15,-137.0,-1.07,101,101,False,"CAIN-NAM Temp fix to NAM to avoid COB Arctic problems   @REF Domeier_Torsvik_2014 @DOI""10.1016/j.gsf.2014.01.002""",170
170,120,120,400.0,7.0,35.0,-3.5,101,101,False,"CAIN-NAM Switch to emulate Ellesmerian  @REF Domeier_Torsvik_2014 @DOI""10.1016/j.gsf.2014.01.002""",171
171,120,120,600.0,7.0,35.0,-3.5,101,101,False,"CAIN-NAM THT2009	@REF Domeier_Torsvik_2014 @DOI""10.1016/j.gsf.2014.01.002""",172
172,120,120,610.0,7.0,35.0,-3.5,101,101,False,"CAIN-NAM THT2009	@REF Domeier_Torsvik_2014 @DOI""10.1016/j.gsf.2014.01.002""",173
173,121,121,0.0,90.0,0.0,0.0,122,122,False,ELA-ELB South Ellesmere Island-South Central Ellesmere Island,174
174,121,121,53.3,90.0,0.0,0.0,122,122,False,ELA-ELB AN 24,175
175,121,121,56.2,79.0,8.5,2.91,122,122,False,"ELA-ELB @REF Lawver_++_1990 @DOI""10.1007/978-94-009-2029-3_3"" restore Parrish Glacier @REF Domeier_Torsvik_2014 @DOI""10.1016/j.gsf.2014.01.002""",176
176,121,121,410.0,79.0,8.5,2.91,122,122,False,"ELA-ELB   @REF Domeier_Torsvik_2014 @DOI""10.1016/j.gsf.2014.01.002""",177
177,121,121,410.0,1.7506,-0.21130000000000002,-1.216,101,101,False,ELA-NAM cross over for 1000-410 Ma model ASM,178
178,121,121,1000.0,1.7506,-0.21130000000000002,-1.216,101,101,False,Pearya South,179
179,121,121,1010.0,1.7506,-0.21130000000000002,-1.216,101,101,False,Pearya South,180
180,122,122,0.0,90.0,0.0,0.0,123,123,False,ELB-ELC South Central Ellesmere Island-North Central Ellesmere Island,181
181,122,122,33.1,90.0,0.0,0.0,123,123,False,ELB-ELC,182
182,122,122,56.2,54.0,-107.0,-1.6600000000000001,123,123,False,"ELB-ELC @REF Lawver_++_1990 @DOI""10.1007/978-94-009-2029-3_3""",183
183,122,122,83.0,64.7,-111.1,-2.91,123,123,False,"ELB-ELC @REF Lawver_++_1990 @DOI""10.1007/978-94-009-2029-3_3""",184
184,122,122,600.0,64.7,-111.1,-2.91,123,123,False,"ELB-ELC @REF Lawver_++_1990 @DOI""10.1007/978-94-009-2029-3_3"" @xo_ys  @REF Domeier_Torsvik_2014 @DOI""10.1016/j.gsf.2014.01.002""",185
185,122,122,610.0,64.7,-111.1,-2.91,123,123,False,"ELB-ELC @REF Lawver_++_1990 @DOI""10.1007/978-94-009-2029-3_3"" @xo_ys  @REF Domeier_Torsvik_2014 @DOI""10.1016/j.gsf.2014.01.002""",186
186,123,123,0.0,90.0,0.0,0.0,124,124,False,ELC-ELD North Central Ellesmere-North Ellesmere Island (Pearya),187
187,123,123,33.1,90.0,0.0,0.0,124,124,False,ELC-ELD,188
188,123,123,56.2,10.5,-98.8,-0.76,124,124,False,"ELC-ELD @REF Lawver_++_1990 @DOI""10.1007/978-94-009-2029-3_3""",189
189,123,123,83.0,-11.0,-127.9,-1.0,124,124,False,"ELC-ELD @REF Lawver_++_1990 @DOI""10.1007/978-94-009-2029-3_3""",190
190,123,123,600.0,-11.0,-127.9,-1.0,124,124,False,"ELC-ELD @REF Lawver_++_1990 @DOI""10.1007/978-94-009-2029-3_3""  @REF Domeier_Torsvik_2014 @DOI""10.1016/j.gsf.2014.01.002""",191
191,123,123,610.0,-11.0,-127.9,-1.0,124,124,False,"ELC-ELD @REF Lawver_++_1990 @DOI""10.1007/978-94-009-2029-3_3""  @REF Domeier_Torsvik_2014 @DOI""10.1016/j.gsf.2014.01.002""",192
192,124,124,0.0,90.0,0.0,0.0,120,120,False,ELD-CAIN North Ellesmere Island (Pearya)-Canadian Arctic Islands North,193
193,124,124,600.0,90.0,0.0,0.0,120,120,False,"ELD-CAIN   @REF Domeier_Torsvik_2014 @DOI""10.1016/j.gsf.2014.01.002""",194
194,124,124,610.0,90.0,0.0,0.0,120,120,False,"ELD-CAIN   @REF Domeier_Torsvik_2014 @DOI""10.1016/j.gsf.2014.01.002""",195
195,127,127,0.0,90.0,0.0,0.0,301,301,False,FRP-EUR Faeroe Plate-Eurasia,196
196,127,127,51.0,90.0,0.0,0.0,301,301,False,"FRP-EUR @REF Skogseid_1993 @DOI""10.1016/0040-1951(94)90274-7""",197
197,127,127,52.5,42.77,102.76,0.48,301,301,False,"FRP-EUR @REF Skogseid_1993 @DOI""10.1016/0040-1951(94)90274-7"" @CHRONID""An24a""",198
198,127,127,53.3,43.83,105.46,0.77,301,301,False,"FRP-EUR @REF Skogseid_1993 @DOI""10.1016/0040-1951(94)90274-7"" @CHRONID""An24b""",199
199,128,128,0.0,90.0,0.0,0.0,301,301,False,GV1-EUR Trapped Greenland crust 1-Eurasia,200
200,128,128,49.4,90.0,0.0,0.0,301,301,False,"GV1-EUR @REF Skogseid_1993 @DOI""10.1016/0040-1951(94)90274-7""",201
201,128,128,51.0,11.76,-45.96,-0.58,301,301,False,"GV1-EUR @REF Skogseid_1993 @DOI""10.1016/0040-1951(94)90274-7"" @CHRONID""An23""",202
202,128,128,53.3,11.76,-45.96,-0.58,301,301,False,"GV1-EUR @REF Skogseid_1993 @DOI""10.1016/0040-1951(94)90274-7""",203
203,129,129,0.0,90.0,0.0,0.0,301,301,False,GV2-EUR Trapped Greenland crust 2-Eurasia,204
204,129,129,51.0,90.0,0.0,0.0,301,301,False,"GV2-EUR @REF Skogseid_1993 @DOI""10.1016/0040-1951(94)90274-7""",205
205,129,129,52.5,32.17,78.29,0.22,301,301,False,"GV2-EUR @REF Skogseid_1993 @DOI""10.1016/0040-1951(94)90274-7"" @CHRONID""An24a""",206
206,129,129,53.3,40.27,94.9,0.49,301,301,False,"GV2-EUR @REF Skogseid_1993 @DOI""10.1016/0040-1951(94)90274-7"" @CHRONID""An24b""",207
207,129,129,55.3,40.27,94.9,0.49,301,301,False,"GV2-EUR @REF Skogseid_1993 @DOI""10.1016/0040-1951(94)90274-7""",208
208,130,130,0.0,90.0,0.0,0.0,102,102,False,BAF-GRN Baffin Bay-Greenland,209
209,130,130,200.0,90.0,0.0,0.0,102,102,False,BAF-GRN,210
210,131,131,0.0,28.38,-58.24,13.38,101,101,False,CCO-NAM Cache Creek Ocean-North America,211
211,131,131,180.0,28.38,-58.24,13.38,101,101,False,"CCO-NAM @REF Matthews_et_al_2016 @DOI""10.1016/j.gloplacha.2016.10.002"" @Au KJM  @absage",212
212,131,131,190.0,28.38,-58.24,13.38,101,101,False,"CCO-NAM @REF Matthews_et_al_2016 @DOI""10.1016/j.gloplacha.2016.10.002"" @Au KJM  @absage",213
213,131,131,200.0,-2.5300000000000002,-51.35,11.72,101,101,False,"CCO-NAM @REF Matthews_et_al_2016 @DOI""10.1016/j.gloplacha.2016.10.002"" @Au KJM  @absage",214
214,131,131,210.0,22.68,103.11,-14.47,101,101,False,"CCO-NAM @REF Matthews_et_al_2016 @DOI""10.1016/j.gloplacha.2016.10.002"" @Au KJM  @absage",215
215,131,131,220.0,8.31,87.58,-20.36,101,101,False,"CCO-NAM @REF Matthews_et_al_2016 @DOI""10.1016/j.gloplacha.2016.10.002"" @Au KJM  @absage",216
216,131,131,231.0,-5.25,-98.26,26.67,101,101,False,"CCO-NAM @REF Matthews_et_al_2016 @DOI""10.1016/j.gloplacha.2016.10.002"" @Au KJM  @absage",217
217,131,131,250.0,22.59,-110.66,39.41,101,101,False,"CCO-NAM @REF Shephard_++_2013 @DOI""10.1016/j.earscirev.2013.05.012""  @absage  @Au KJM & GS @T 2013",218
218,131,131,600.0,22.59,-110.66,39.41,101,101,False,"CCO-NAM @REF Shephard_++_2013 @DOI""10.1016/j.earscirev.2013.05.012"" @absage updated KJM  @REF Domeier_Torsvik_2014 @DOI""10.1016/j.gsf.2014.01.002""",219
219,131,131,610.0,22.59,-110.66,39.41,101,101,False,"CCO-NAM @REF Shephard_++_2013 @DOI""10.1016/j.earscirev.2013.05.012"" @absage updated KJM  @REF Domeier_Torsvik_2014 @DOI""10.1016/j.gsf.2014.01.002""",220
220,132,132,0.0,90.0,0.0,0.0,131,131,False,CCO Flank 2-CCO Cache Creek Ocean,221
221,132,132,600.0,90.0,0.0,0.0,131,131,False,"CCO Flank 2-CCO @REF Shephard_++_2013 @DOI""10.1016/j.earscirev.2013.05.012"" @absage @Au GS, @T 2013 @REF Domeier_Torsvik_2014 @DOI""10.1016/j.gsf.2014.01.002""",222
222,132,132,610.0,90.0,0.0,0.0,131,131,False,"CCO Flank 2-CCO @REF Shephard_++_2013 @DOI""10.1016/j.earscirev.2013.05.012"" @absage @Au GS, @T 2013 @REF Domeier_Torsvik_2014 @DOI""10.1016/j.gsf.2014.01.002""",223
223,133,133,0.0,90.0,0.0,0.0,120,120,False,AT1-CAIN Arctic Terrane 1-Canadian Arctic Islands North,224
224,133,133,250.0,90.0,0.0,0.0,120,120,False,AT1-CAIN,225
225,134,134,0.0,90.0,0.0,0.0,120,120,False,AT2-CAIN Arctic Terrane 2-Canadian Arctic Islands North,226
226,134,134,250.0,90.0,0.0,0.0,120,120,False,AT2-CAIN,227
227,135,135,0.0,90.0,0.0,0.0,120,120,False,AT3-CAIN Arctic Terrane 3-Canadian Arctic Islands North,228
228,135,135,250.0,90.0,0.0,0.0,120,120,False,AT3-CAIN,229
229,140,140,0.0,90.0,0.0,0.0,16111,16111,False,PEN1-ALX Peninsula Terrane 1 - Alexander Terrane,230
230,140,140,250.0,90.0,0.0,0.0,16111,16111,False,PEN1-ALX,231
231,141,141,0.0,90.0,0.0,0.0,121,121,False,CAIS-ELA Canadian Arctic Islands South (Ellesmerian Terrane)-East Ellesmere Island,232
232,141,141,360.0,90.0,0.0,0.0,121,121,False,"CAIS-ELA Together after Ellesmerian deformation THT2009  @REF Domeier_Torsvik_2014 @DOI""10.1016/j.gsf.2014.01.002""",233
233,141,141,400.0,7.0,35.0,-3.0,121,121,False,"CAIS-ELA  @REF Domeier_Torsvik_2014 @DOI""10.1016/j.gsf.2014.01.002""",234
234,141,141,600.0,7.0,35.0,-3.0,121,121,False,"CAIS-ELA THT2009  @REF Domeier_Torsvik_2014 @DOI""10.1016/j.gsf.2014.01.002""",235
235,141,141,610.0,7.0,35.0,-3.0,121,121,False,"CAIS-ELA THT2009  @REF Domeier_Torsvik_2014 @DOI""10.1016/j.gsf.2014.01.002""",236
236,154,154,0.0,90.0,0.0,0.0,101,101,False,LPA-NAM Laurentia Parautochthon-North America,237
237,154,154,240.0,90.0,0.0,0.0,101,101,False,"LPA-NAM @REF Domeier_Torsvik_2014 @DOI""10.1016/j.gsf.2014.01.002"" End of Sonoma event (260?240 Ma)",238
238,154,154,250.0,71.87,97.94,-0.5,101,101,False,"LPA-NAM @REF Domeier_Torsvik_2014 @DOI""10.1016/j.gsf.2014.01.002""",239
239,154,154,260.0,71.87,97.94,-1.0,101,101,False,"LPA-NAM Start Sonoma event 260-240				   @REF Domeier_Torsvik_2014 @DOI""10.1016/j.gsf.2014.01.002""",240
240,154,154,360.0,71.87,97.94,-1.0,101,101,False,"LPA-NAM   @REF Domeier_Torsvik_2014 @DOI""10.1016/j.gsf.2014.01.002""",241
241,154,154,375.0,71.87,97.94,-2.0,101,101,False,"LPA-NAM   @REF Domeier_Torsvik_2014 @DOI""10.1016/j.gsf.2014.01.002""",242
242,154,154,1000.0,71.87,97.94,-2.0,101,101,False,"LPA-NAM Keep off west coast of NAM		   @REF Domeier_Torsvik_2014 @DOI""10.1016/j.gsf.2014.01.002""",243
243,154,154,1010.0,71.87,97.94,-2.0,101,101,False,"LPA-NAM Keep off west coast of NAM		   @REF Domeier_Torsvik_2014 @DOI""10.1016/j.gsf.2014.01.002""",244
244,155,155,0.0,90.0,0.0,0.0,103,103,False,FARW-NSL Farewell Terrane-North Slope Alaska,245
245,155,155,230.0,90.0,0.0,0.0,103,103,False,FARW-NSL @absage (600 Ma),246
246,155,155,250.0,51.61,-147.6,33.73,103,103,False,"FARW-NSL	Farewell Terrane-North Slope Alaska  Keep close to Arctic Alaska  @REF Domeier_Torsvik_2014 @DOI""10.1016/j.gsf.2014.01.002""",247
247,155,155,600.0,51.61,-147.6,33.73,103,103,False,"FARW-NSL Farewell Terrane close to AA  @REF Domeier_Torsvik_2014 @DOI""10.1016/j.gsf.2014.01.002""",248
248,155,155,610.0,51.61,-147.6,33.73,103,103,False,"FARW-NSL Farewell Terrane close to AA  @REF Domeier_Torsvik_2014 @DOI""10.1016/j.gsf.2014.01.002""",249
249,160,160,0.0,90.0,0.0,0.0,101,101,False,NAMC-NAM North America Craton-North America,250
250,160,160,250.0,90.0,0.0,0.0,101,101,False,NAMC-NAM @absage,251
251,173,173,0.0,90.0,0.0,0.0,101,101,False,"DSH-NAM Dashwoods and Coreelatives?North America @REF Domeier, 2016 @DOI""10.1016/j.gr.2015.08.003 - polygon disappears at 410 Ma?",252
252,173,173,410.0,90.0,0.0,0.0,101,101,False,"DSH-NAM @REF Domeier, 2016 @DOI""10.1016/j.gr.2015.08.003 - polygon disappears at 410 Ma?",253
253,173,173,450.0,12.9559,-86.42,19.6,101,101,False,"DSH-NAM @REF Domeier, 2016 @DOI""10.1016/j.gr.2015.08.003 - polygon disappears at 410 Ma?",254
254,173,173,460.0,33.3148,-92.0,10.48,101,101,False,"DSH-NAM @REF Domeier, 2016 @DOI""10.1016/j.gr.2015.08.003 - polygon disappears at 410 Ma?",255
255,173,173,470.0,49.25,-64.6,6.07,101,101,False,"DSH-NAM @REF Domeier, 2016 @DOI""10.1016/j.gr.2015.08.003 - polygon disappears at 410 Ma?",256
256,173,173,480.0,62.0557,-36.23,6.71,101,101,False,"DSH-NAM @REF Domeier, 2016 @DOI""10.1016/j.gr.2015.08.003 - polygon disappears at 410 Ma?",257
257,173,173,490.0,62.1589,2.6,9.01,101,101,False,"DSH-NAM @REF Domeier, 2016 @DOI""10.1016/j.gr.2015.08.003 - polygon disappears at 410 Ma?",258
258,173,173,500.0,61.2467,18.96,9.66,101,101,False,"DSH-NAM @REF Domeier, 2016 @DOI""10.1016/j.gr.2015.08.003 - polygon disappears at 410 Ma?",259
259,173,173,510.0,55.9049,23.9,11.86,101,101,False,"DSH-NAM @REF Domeier, 2016 @DOI""10.1016/j.gr.2015.08.003 - polygon disappears at 410 Ma?",260
260,173,173,520.0,55.9049,23.9,11.86,101,101,False,"DSH-NAM @REF Domeier, 2016 @DOI""10.1016/j.gr.2015.08.003 - polygon disappears at 410 Ma?",261
261,176,176,0.0,90.0,0.0,0.0,101,101,False,EKL-NAM East Klamath - NAM,262
262,176,176,250.0,90.0,0.0,0.0,101,101,False,"EKL-NAM East Klamath - NAM, @REF Matthews_et_al_2016 @DOI""10.1016/j.gloplacha.2016.10.002"" @Au KJM",263
263,176,176,260.0,33.5534,-121.865,47.0876,101,101,False,"EKL-NAM East Klamath - NAM @absage @REF Matthews_et_al_2016 @DOI""10.1016/j.gloplacha.2016.10.002"" @xo_ys",264
264,176,176,260.0,-52.9588,-27.672,-6.9379,16104,16104,False,"EKL-YTT East Klamath - Yukon-Tanana Subduction Zone @REF Matthews_et_al_2016 @DOI""10.1016/j.gloplacha.2016.10.002""",265
265,176,176,270.0,-52.9588,-27.672,-6.9379,16104,16104,False,"EKL-YTT East Klamath - Yukon-Tanana Subduction Zone @REF Matthews_et_al_2016 @DOI""10.1016/j.gloplacha.2016.10.002""",266
266,176,176,360.0,-52.9588,-27.672,-6.9379,16104,16104,False,"EKL-YTT East Klamath - Yukon-Tanana Subduction Zone @REF Matthews_et_al_2016 @DOI""10.1016/j.gloplacha.2016.10.002"" @xo_ys @absage",267
267,176,176,360.0,33.9661,-128.8049,-6.136,178,178,False,"EKL-RMG East Klamath - Roberts Mnt and Golkonda @REF Domeier_Torsvik_2014 @DOI""10.1016/j.gsf.2014.01.002"" @absage",268
268,176,176,600.0,33.9661,-128.8049,-6.136,178,178,False,"EKL-RMG East Klamath - Roberts Mnt and Golkonda @REF Domeier_Torsvik_2014 @DOI""10.1016/j.gsf.2014.01.002""",269
269,176,176,610.0,33.9661,-128.8049,-6.136,178,178,False,"EKL-RMG East Klamath - Roberts Mnt and Golkonda @REF Domeier_Torsvik_2014 @DOI""10.1016/j.gsf.2014.01.002""",270
270,178,178,0.0,90.0,0.0,0.0,101,101,False,RMG-NAM Roberts Mnt and Golkonda-North America,271
271,178,178,240.0,90.0,0.0,0.0,101,101,False,"RMG-NAM @REF Domeier_Torsvik_2014, @DOI""10.1016/j.gsf.2014.01.002"" End of Sonoma Event (260-240 Ma)",272
272,178,178,250.0,71.87,97.94,-0.5,101,101,False,"RMG-NAM @REF Domeier_Torsvik_2014, @DOI""10.1016/j.gsf.2014.01.002""",273
273,178,178,260.0,71.87,97.94,-1.0,101,101,False,"RMG-NAM Start Sonoma Orogeny 260-240		  @REF Domeier_Torsvik_2014 @DOI""10.1016/j.gsf.2014.01.002""",274
274,178,178,360.0,71.87,97.94,-1.0,101,101,False,"RMG-NAM Ca End of Antler Orogen and collision  @REF Domeier_Torsvik_2014 @DOI""10.1016/j.gsf.2014.01.002""",275
275,178,178,375.0,71.87,97.94,-4.1,101,101,False,"RMG-NAM Start Antler Orogen  @REF Domeier_Torsvik_2014 @DOI""10.1016/j.gsf.2014.01.002""",276
276,178,178,410.0,71.87,97.94,-4.1,101,101,False,"RMG-NAM Keep offshore west Laurentia  @REF Domeier_Torsvik_2014 @DOI""10.1016/j.gsf.2014.01.002""",277
277,178,178,530.0,90.0,0.0,0.0,101,101,False,RMG-NAM,278
278,178,178,1000.0,90.0,0.0,0.0,101,101,False,RMG-NAM,279
279,178,178,1010.0,90.0,0.0,0.0,101,101,False,RMG-NAM,280
280,182,182,0.0,90.0,0.0,0.0,101,101,False,"KNTT-NAM Koyukuk, Nyak, Togiak terranes-North America",281
281,182,182,250.0,90.0,0.0,0.0,101,101,False,KNTT-NAM,282
282,183,183,0.0,90.0,0.0,0.0,108,108,False,MEG-AVA Meguma-Avalonia,283
283,183,183,600.0,90.0,0.0,0.0,108,108,False,"MEG-AVA @REF Domeier, 2016 @DOI""10.1016/j.gr.2015.08.003",284
284,183,183,610.0,90.0,0.0,0.0,108,108,False,"MEG-AVA @REF Domeier, 2016 @DOI""10.1016/j.gr.2015.08.003",285
285,184,184,0.0,90.0,0.0,0.0,108,108,False,GAN-AVA Ganderia-Avalonia,286
286,184,184,410.0,90.0,0.0,0.0,108,108,False,"GAN-AVA @REF Domeier, 2016 @DOI""10.1016/j.gr.2015.08.003",287
287,184,184,410.0,90.0,0.0,0.0,101,101,False,"GAN-AVA	@REF Domeier, 2016 @DOI""10.1016/j.gr.2015.08.003",288
288,184,184,430.0,90.0,0.0,0.0,101,101,False,"GAN-AVA	@REF Domeier, 2016 @DOI""10.1016/j.gr.2015.08.003",289
289,184,184,450.0,29.1845,-76.6991,-26.0447,101,101,False,"GAN-AVA	@REF Domeier, 2016 @DOI""10.1016/j.gr.2015.08.003",290
290,184,184,489.0,-0.7375,122.8938,60.9288,101,101,False,"GAN-AVA	@REF Domeier, 2016 @DOI""10.1016/j.gr.2015.08.003 @xo_of",291
291,184,184,489.0,52.5945,-7.9965,72.9976,714,714,False,"@REF Domeier, 2016 @DOI""10.1016/j.gr.2015.08.003",292
292,184,184,600.0,52.5945,-7.9965,72.9976,714,714,False,"@REF Domeier, 2016 @DOI""10.1016/j.gr.2015.08.003, @xo_yf",293
293,184,184,600.0,-39.9614,-16.5274,6.4453,108,108,False,"@REF Murphy et al., 2004 @DOI""10.1007/s00531-004-0412-17",294
294,184,184,760.0,-39.9614,-16.5274,6.4453,108,108,False,"@REF Murphy et al., 2004 @DOI""10.1007/s00531-004-0412-17",295
295,185,185,0.0,90.0,0.0,0.0,108,108,False,CAR-AVA Carolinia-Avalonia,296
296,185,185,410.0,90.0,0.0,0.0,108,108,False,CAR-AVA,297
297,185,185,410.0,90.0,0.0,0.0,101,101,False,CAR-AVA,298
298,185,185,440.0,90.0,0.0,0.0,101,101,False,"CAR-AVA @REF Domeier, 2016 @DOI""10.1016/j.gr.2015.08.003",299
299,185,185,450.0,27.2,149.27,3.9699999999999998,101,101,False,"CAR-AVA @REF Domeier, 2016 @DOI""10.1016/j.gr.2015.08.003",300
300,185,185,489.0,5.2856,123.2049,65.6788,101,101,False,"CAR-AVA @REF Domeier, 2016 @DOI""10.1016/j.gr.2015.08.003, @xo_of",301
301,185,185,489.0,-58.1878,166.056,-74.192,714,714,False,"CAR-WAC Carolinia-West African Craton @REF Domeier, 2016 @DOI""10.1016/j.gr.2015.08.003",302
302,185,185,600.0,-58.1878,166.056,-74.192,714,714,False,"CAR-WAC @REF Domeier, 2016 @DOI""10.1016/j.gr.2015.08.003, @xo_yf",303
303,185,185,600.0,56.0585,150.82,1.525,108,108,False,"CAR-EAV Carolinia- East Avalonia @REF Murphy et al., 2004 @DOI""10.1007/s00531-004-0412-17",304
304,185,185,650.0,56.0585,150.82,1.525,108,108,False,"CAR-EAV @REF Murphy et al., 2004 @DOI""10.1007/s00531-004-0412-17",305
305,185,185,750.0,56.0585,150.82,1.525,108,108,False,"CAR-EAV @REF Murphy et al., 2004 @DOI""10.1007/s00531-004-0412-18",306
306,185,185,760.0,56.0585,150.82,1.525,108,108,False,"CAR-EAV @REF Murphy et al., 2004 @DOI""10.1007/s00531-004-0412-18",307
307,199,199,0.0,90.0,0.0,0.0,101,101,False,PDM-NAM Laurentia-North America,308
308,199,199,250.0,90.0,0.0,0.0,101,101,False,PDM-NAM,309
309,201,201,0.0,90.0,0.0,0.0,701,701,False,"SAM-AFR @REF Mueller_1999 @DOI""10.1016/S1874-5997(99)80036-7""  @C""ZEROROT""",310
310,201,201,10.9,61.2,-39.7,3.68,701,701,False,"SAM-AFR @REF Mueller_1999 @DOI""10.1016/S1874-5997(99)80036-7""  @CHRONID""An5""",311
311,201,201,20.1,58.5,-37.1,7.52,701,701,False,"SAM-AFR @REF Mueller_1999 @DOI""10.1016/S1874-5997(99)80036-7""  @CHRONID""An6""",312
312,201,201,33.1,56.17,-33.64,13.41,701,701,False,"SAM-AFR @REF Mueller_1999 @DOI""10.1016/S1874-5997(99)80036-7""  @CHRONID""An13""",313
313,201,201,40.1,57.1,-32.5,16.6,701,701,False,"SAM-AFR @REF Mueller_1999 @DOI""10.1016/S1874-5997(99)80036-7""  @CHRONID""An18""",314
314,201,201,47.9,57.5,-31.2,19.7,701,701,False,"SAM-AFR @REF Mueller_1999 @DOI""10.1016/S1874-5997(99)80036-7""  @CHRONID""An21""",315
315,201,201,55.9,61.35,-32.21,22.27,701,701,False,"SAM-AFR @REF Mueller_1999 @DOI""10.1016/S1874-5997(99)80036-7""  @CHRONID""An25""",316
316,201,201,67.7,63.7,-33.5,25.39,701,701,False,"SAM-AFR @REF Mueller_1999 @DOI""10.1016/S1874-5997(99)80036-7""  @CHRONID""An30""",317
317,201,201,83.5,61.88,-34.26,33.51,701,701,False,"SAM-AFR @REF Mueller_1999 @DOI""10.1016/S1874-5997(99)80036-7""  @CHRONID""An34""",318
318,201,201,96.0,57.46,-34.02,39.79,701,701,False,"SAM-AFR @REF Heine_++_2013 @DOI""10.5194/se-4-215-2013"" @Au""CHHEI"" @T""2012-01-24""  @C""artificial rotation, interpolated position from 120-83 stage""",319
319,201,201,120.6,52.04,-33.76,52.7,701,701,False,"SAM-AFR @REF Heine_++_2013 @DOI""10.5194/se-4-215-2013"" @Au""CHHEI"" @T""2012-01-23""  @CHRONID""M0ry"" @C""fit M0 picks and Max isochron in Walvis-Pelotas segment. Guinea comp vIII"" @xo_ys",320
320,201,201,120.6,52.9,-35.05,51.9,714,714,False,"SAM-NWA @REF Heine_++_2013 @DOI""10.5194/se-4-215-2013"" @AU""CHHEI""  @T""2012-02-24""",321
321,201,201,125.0,51.45,-34.76,53.04,714,714,False,"SAM-NWA @REF Heine_++_2013 @DOI""10.5194/se-4-215-2013"" @AU""CHHEI""  @T""2012-02-24""",322
322,201,201,145.0,51.78,-34.96,53.08,714,714,False,"SAM-AFR @REF Heine_++_2013 @DOI""10.5194/se-4-215-2013"" @AU""CHHEI""  @T""2012-02-23""",323
323,201,201,540.0,51.78,-34.96,53.08,714,714,False,"SAM-AFR @REF Heine_++_2013 @DOI""10.5194/se-4-215-2013"" @AU""CHHEI""  @T""2012-02-23""",324
324,201,201,540.0,49.0492,-31.1977,55.7995,701,701,False,AMA-CON Amazonia-Congo Craton,325
325,201,201,590.0,38.27,51.28,61.98,701,701,False,"AMA-CON, this study",326
326,201,201,590.0,11.97,-47.01,-110.66,101,101,False,"AMA-LAU Amazonia-Laurentia @REF Li et al. 2008, @DOI""10.1016/j.precamres.2007.04.021""",327
327,201,201,750.0,11.97,-47.01,-110.66,101,101,False,"AMA-LAU @REF Li et al. 2008, @DOI""10.1016/j.precamres.2007.04.021""",328
328,201,201,1000.0,11.97,-47.01,-110.66,101,101,False,"AMA-LAU @REF Li et al. 2008, @DOI""10.1016/j.precamres.2007.04.021""",329
329,201,201,1100.0,-2.89,-42.79,-63.9,101,101,False,"AMA-LAU @REF Li et al. 2008, @DOI""10.1016/j.precamres.2007.04.021""",330
330,202,202,0.0,90.0,0.0,0.0,201,201,False,"PRB-SAM Parana Basin-South America @C""ZEROROT""",331
331,202,202,410.0,90.0,0.0,0.0,201,201,False,"PRB-SAM @AU""CHHEI"" @T""19/12/11 2:58:13 PM""	@C""Removed any rot""",332
332,202,202,410.0,90.0,0.0,0.0,22041,22041,False,PRB-RDLP	Parana Basin-Rio de la Plata,333
333,202,202,1000.0,90.0,0.0,0.0,22041,22041,False,PRB-RDLP,334
334,202,202,1010.0,90.0,0.0,0.0,22041,22041,False,PRB-RDLP,335
335,204,204,0.0,90.0,0.0,0.0,101,101,False,HON-NAM Honduras - North America,336
336,204,204,130.0,90.0,0.0,0.0,101,101,False,"HON-NAM @REF Pindell_Kennan_2009 @DOI""10.1144/SP328.1"", @REF Boschman_++_2014 @DOI""10.1016/j.earscirev.2014.08.007"" same as 2004 but copied here for agegrid purposes",337
337,204,204,148.0,21.82,-83.42,-13.65,101,101,False,"HON-NAM @REF Boschman_++_2014 @DOI""10.1016/j.earscirev.2014.08.007""",338
338,204,204,158.0,23.06,-84.62,-35.53,101,101,False,"HON-NAM @REF Boschman_++_2014 @DOI""10.1016/j.earscirev.2014.08.007""",339
339,204,204,190.0,26.58,-84.36,-51.99,101,101,False,"HON-NAM @REF Boschman_++_2014 @DOI""10.1016/j.earscirev.2014.08.007""",340
340,204,204,600.0,26.58,-84.36,-51.99,101,101,False,"HON-NAM @REF Boschman_++_2014 @DOI""10.1016/j.earscirev.2014.08.007""",341
341,204,204,610.0,26.58,-84.36,-51.99,101,101,False,"HON-NAM @REF Boschman_++_2014 @DOI""10.1016/j.earscirev.2014.08.007""",342
342,205,205,0.0,90.0,0.0,0.0,101,101,False,YUC-NAM Yucatan-North America,343
343,205,205,140.0,90.0,0.0,0.0,101,101,False,YUC-NAM - assume @absage,344
344,205,205,164.0,23.85,-84.76,-43.67,101,101,False,YUC-NAM based on Marton & Buffler 1994 - assume @absage,345
345,205,205,172.0,23.82,-84.31,-66.02,101,101,False,YUC-NAM based on Marton & Buffler 1994 - assume @absage @xo_ys,346
346,205,205,172.0,1.45,-81.97,-72.44,201,201,False,YUC-SAM Yucatan-South America - assume @absage,347
347,205,205,600.0,1.45,-81.97,-72.44,201,201,False,YUC-SAM,348
348,205,205,610.0,1.45,-81.97,-72.44,201,201,False,YUC-SAM,349
349,206,206,0.0,90.0,0.0,0.0,201,201,False,SF-SAM Sao Francisco-South America,350
350,206,206,520.0,90.0,0.0,0.0,201,201,False,SF-SAM,351
351,206,206,520.0,49.0492,-31.1977,55.7995,701,701,False,SF-CON Sao Francisco-Congo Craton,352
352,206,206,570.0,49.0492,-31.1977,55.7995,701,701,False,"SF-CON @Merdith et al. 2017 @DOI""10.1016/j.gr.2017.04.001""",353
353,206,206,620.0,-70.23,100.62,-48.06,701,701,False,"SF-CON @Merdith et al. 2017 @DOI""10.1016/j.gr.2017.04.001""",354
354,206,206,750.0,-70.23,100.62,-48.06,701,701,False,"SF-CON @Merdith et al. 2017 @DOI""10.1016/j.gr.2017.04.001""",355
355,206,206,870.0,-70.23,100.6,-48.05,701,701,False,"SF-CON @Merdith et al. 2017 @DOI""10.1016/j.gr.2017.04.001""",356
356,206,206,870.0,-13.3298,25.2173,-66.0906,201,201,False,"SF-AMA Sao Francisco-Amazonia @Merdith et al. 2017 @DOI""10.1016/j.gr.2017.04.001""",357
357,206,206,1000.0,-13.3298,25.2173,-66.0906,201,201,False,"SF-AMA @Merdith et al. 2017 @DOI""10.1016/j.gr.2017.04.001""",358
358,206,206,1010.0,-13.3298,25.2173,-66.0906,201,201,False,"SF-AMA @Merdith et al. 2017 @DOI""10.1016/j.gr.2017.04.001""",359
359,208,208,0.0,90.0,0.0,0.0,205,205,False,CHI-YUC Chiapas-Yucatan,360
360,208,208,11.1,90.0,0.0,0.0,205,205,False,CHI-YUC,361
361,208,208,28.5,16.22,-92.55,29.34,205,205,False,"CHI-YUC @REF Ross_Scotese_1988, @DOI""10.1016/0040-1951(88)90263-6""",362
362,208,208,150.0,16.22,-92.55,29.34,205,205,False,"CHI-YUC @REF Ross_Scotese_1988, @DOI""10.1016/0040-1951(88)90263-6""",363
363,209,209,0.0,90.0,0.0,0.0,205,205,False,CUC-YUC Cuchumantanes-Yucatan,364
364,209,209,250.0,90.0,0.0,0.0,205,205,False,CUC-YUC,365
365,210,210,0.0,90.0,0.0,0.0,204,204,False,POM-HON Polochic/Motahua-Honduras/Chortis,366
366,210,210,250.0,90.0,0.0,0.0,204,204,False,POM-HON,367
367,211,211,0.0,90.0,0.0,0.0,204,204,False,SCR-HON Santa Cruz-Honduras/Chortis,368
368,211,211,250.0,90.0,0.0,0.0,204,204,False,SCR-HON,369
369,212,212,0.0,90.0,0.0,0.0,204,204,False,GYP-HON Guayape-Honduras/Chortis,370
370,212,212,250.0,90.0,0.0,0.0,204,204,False,"GYP-HON Guayape-Honduras/Chortis  @REF Domeier_Torsvik_2014 @DOI""10.1016/j.gsf.2014.01.002""",371
371,212,212,410.0,90.0,0.0,0.0,204,204,False,"GYP-HON  @REF Domeier_Torsvik_2014 @DOI""10.1016/j.gsf.2014.01.002""",372
372,213,213,0.0,90.0,0.0,0.0,204,204,False,MGJ-HON Motagua/Jocotan-Honduras/Chortis,373
373,213,213,250.0,90.0,0.0,0.0,204,204,False,MGJ-HON,374
374,215,215,0.0,90.0,0.0,0.0,104,104,False,GUE-MEX Guerrero-Mexico,375
375,215,215,141.2,90.0,0.0,0.0,104,104,False,"GUE-MEX @REF Ross_Scotese_1988, @DOI""10.1016/0040-1951(88)90263-6""",376
376,215,215,156.6,79.37,-43.54,-0.44,104,104,False,"GUE-MEX BSMA (Blake Spur Magnetic Anomaly), @REF Ross_Scotese_1988, @DOI""10.1016/0040-1951(88)90263-6""  - assume @absage",377
377,215,215,159.4,79.37,-43.54,-2.37,104,104,False,"GUE-MEX @REF Ross_Scotese_1988, @DOI""10.1016/0040-1951(88)90263-6""  - assume @absage",378
378,215,215,169.0,79.37,-43.54,-3.92,104,104,False,"GUE-MEX Initial Rifting, @REF Ross_Scotese_1988, @DOI""10.1016/0040-1951(88)90263-6""  - assume @absage",379
379,215,215,175.0,79.37,-43.54,-4.34,104,104,False,"GUE-MEX @REF Ross_Scotese_1988, @DOI""10.1016/0040-1951(88)90263-6""  - assume @absage",380
380,215,215,245.0,79.37,-43.54,-4.34,104,104,False,GUE-MEX @xo_yf,381
381,215,215,245.0,48.4268,45.8559,26.3376,201,201,False,"GUE-SAM Guerrero-South America @REF Domeier_Torsvik_2014, @DOI""10.1016/j.gsf.2014.01.002"" crossover recalculated, @Au KTM, @T 2014",382
382,215,215,250.0,16.58,71.41,42.06,201,201,False,"GUE-SAM @REF Domeier_Torsvik_2014, @DOI""10.1016/j.gsf.2014.01.002"" position preserved, not stage rotation @Au THT, @T 2009",383
383,215,215,260.0,4.49,78.46,70.02,201,201,False,"GUE-SAM THT2009  @REF Domeier_Torsvik_2014 @DOI""10.1016/j.gsf.2014.01.002""",384
384,215,215,500.0,4.49,78.46,70.02,201,201,False,"GUE-SAM THT13 Calculated interactively by GPlates  @REF Domeier_Torsvik_2014 @DOI""10.1016/j.gsf.2014.01.002""",385
385,215,215,600.0,4.49,78.46,70.02,201,201,False,"GUE-SAM THT2009  @REF Domeier_Torsvik_2014 @DOI""10.1016/j.gsf.2014.01.002""",386
386,215,215,610.0,4.49,78.46,70.02,201,201,False,"GUE-SAM THT2009  @REF Domeier_Torsvik_2014 @DOI""10.1016/j.gsf.2014.01.002""",387
387,216,216,0.0,90.0,0.0,0.0,205,205,False,CYR-YUC Cayman Ridge-Yucatan,388
388,216,216,63.5,90.0,0.0,0.0,205,205,False,CYR-YUC @xo_ys,389
389,216,216,63.5,-74.54,22.02,-12.77,222,222,False,"CYR-JMC Cayman Ridge-Jamaica cross-over @REF Ross_Scotese_1988, @DOI""10.1016/0040-1951(88)90263-6""",390
390,216,216,74.3,-81.62,-0.74,-11.31,222,222,False,"CYR-JMC Start of Cuban Thrusting @REF Ross_Scotese_1988, @DOI""10.1016/0040-1951(88)90263-6""",391
391,216,216,121.6,-81.62,-0.74,-11.31,222,222,False,CYR-JMC fixed in arc at this time  Ross & Scotese 1988,392
392,216,216,149.5,-81.62,-0.74,-11.31,222,222,False,CYR-JMC,393
393,222,222,0.0,90.0,0.0,0.0,205,205,False,JMC-YUC Jamaica-Yucatan,394
394,222,222,3.3,28.68,-84.38,-1.82,205,205,False,"JMC-YUC @REF Ross_Scotese_1988, @DOI""10.1016/0040-1951(88)90263-6"" @CHRONID""AN2An3n""",395
395,222,222,10.9,79.35,-161.3,-1.24,205,205,False,"JMC-YUC @REF Ross_Scotese_1988, @DOI""10.1016/0040-1951(88)90263-6"" @CHRONID""AN5""",396
396,222,222,19.7,68.78,134.98,-2.47,205,205,False,"JMC-YUC @REF Ross_Scotese_1988, @DOI""10.1016/0040-1951(88)90263-6"" @CHRONID""AN6""",397
397,222,222,25.2,69.94,137.98,-3.22,205,205,False,"JMC-YUC @REF Ross_Scotese_1988, @DOI""10.1016/0040-1951(88)90263-6"" @CHRONID""AN7""",398
398,222,222,28.5,76.94,173.26,-4.2,205,205,False,"JMC-YUC @REF Ross_Scotese_1988, @DOI""10.1016/0040-1951(88)90263-6"" @CHRONID""AN10""",399
399,222,222,33.1,76.94,179.67,-5.65,205,205,False,"JMC-YUC @REF Ross_Scotese_1988, @DOI""10.1016/0040-1951(88)90263-6"" @CHRONID""AN13""",400
400,222,222,41.5,56.27,123.41,-7.75,205,205,False,"JMC-YUC @REF Ross_Scotese_1988, @DOI""10.1016/0040-1951(88)90263-6"" @CHRONID""AN19""",401
401,222,222,47.9,-60.93,-47.0,9.66,205,205,False,"JMC-YUC @REF Ross_Scotese_1988, @DOI""10.1016/0040-1951(88)90263-6""",402
402,222,222,56.4,-63.42,-44.86,11.23,205,205,False,"JMC-YUC @REF Ross_Scotese_1988, @DOI""10.1016/0040-1951(88)90263-6""",403
403,222,222,65.0,-73.31,36.79,13.35,205,205,False,"JMC-YUC @REF Ross_Scotese_1988, @DOI""10.1016/0040-1951(88)90263-6"" @absage",404
404,222,222,74.3,-52.98,80.97,19.44,205,205,False,"JMC-YUC @REF Ross_Scotese_1988, @DOI""10.1016/0040-1951(88)90263-6""",405
405,222,222,83.0,34.65,-94.87,-37.86,205,205,False,"JMC-YUC @REF Ross_Scotese_1988, @DOI""10.1016/0040-1951(88)90263-6""",406
406,222,222,100.5,28.66,-96.81,-59.03,205,205,False,"JMC-YUC @REF Ross_Scotese_1988, @DOI""10.1016/0040-1951(88)90263-6""",407
407,222,222,120.6,-28.91,83.51,58.93,205,205,False,"JMC-YUC @REF Ross_Scotese_1988, @DOI""10.1016/0040-1951(88)90263-6""",408
408,222,222,141.9,-24.72,85.3,76.23,205,205,False,"JMC-YUC @REF Ross_Scotese_1988, @DOI""10.1016/0040-1951(88)90263-6"" @xo_ys",409
409,222,222,141.9,-24.37,84.27,70.79,212,212,False,"JMC-GYP Jamaica-Guayape cross-over @REF Ross_Scotese_1988, @DOI""10.1016/0040-1951(88)90263-6""",410
410,222,222,250.0,24.37,-95.73,-70.79,212,212,False,JMC-GYP,411
411,224,224,0.0,90.0,0.0,0.0,252,252,False,COF-SHI Caribbean Ocean Floor-Southern Hispaniola,412
412,224,224,52.2,90.0,0.0,0.0,252,252,False,"COF-SHI @REF Ross_Scotese_1988, @DOI""10.1016/0040-1951(88)90263-6"", End of seafloor spreading",413
413,224,224,63.5,-39.34,-61.59,1.9500000000000002,252,252,False,"COF-SHI @REF Ross_Scotese_1988, @DOI""10.1016/0040-1951(88)90263-6""",414
414,224,224,74.3,2.7800000000000002,-70.0,8.23,252,252,False,"COF-SHI @REF Ross_Scotese_1988, @DOI""10.1016/0040-1951(88)90263-6"", Start of seafloor spreading",415
415,224,224,83.0,6.7645,-75.7804,28.8362,252,252,False,COF-SHI Adjusted Young et al. (this study),416
416,224,224,147.1,-4.7965,-68.0156,72.5333,252,252,False,COF-SHI Adjusted Young et al. (this study),417
417,225,225,0.0,90.0,0.0,0.0,201,201,False,MRB-SAM Maricaibo-South America,418
418,225,225,10.9,-1.52,-62.24,9.5,201,201,False,"MRB-SAM @REF Ross_Scotese_1988, @DOI""10.1016/0040-1951(88)90263-6"", 100km slip on Bocono Fault",419
419,225,225,250.0,-1.52,-62.24,9.5,201,201,False,"MRB-SAM Maricaibo-South America    @REF Domeier_Torsvik_2014 @DOI""10.1016/j.gsf.2014.01.002""",420
420,225,225,600.0,-1.52,-62.24,9.5,201,201,False,"MRB-SAM  @REF Domeier_Torsvik_2014 @DOI""10.1016/j.gsf.2014.01.002""",421
421,226,226,0.0,90.0,0.0,0.0,225,225,False,RML-MRB Romeral-Maricaibo,422
422,226,226,250.0,90.0,0.0,0.0,225,225,False,"RML-MRB Romeral-Maricaibo  @REF Domeier_Torsvik_2014 @DOI""10.1016/j.gsf.2014.01.002""",423
423,226,226,600.0,90.0,0.0,0.0,225,225,False,"RML-MRB No motion at any time EarthByteGroup, RDM 1997 @REF Domeier_Torsvik_2014 @DOI""10.1016/j.gsf.2014.01.002""",424
424,227,227,0.0,90.0,0.0,0.0,225,225,False,STM-MRB Santa Marta-Maricaibo,425
425,227,227,250.0,90.0,0.0,0.0,225,225,False,STM-MRB,426
426,228,228,0.0,90.0,0.0,0.0,225,225,False,PRJ-MRB Perija-Maricaibo,427
427,228,228,250.0,90.0,0.0,0.0,225,225,False,PRJ-MRB,428
428,229,229,0.0,90.0,0.0,0.0,230,230,False,EPN-CPN Eastern Panama-Central Panama,429
429,229,229,10.9,8.81,-78.45,68.84,230,230,False,"EPN-CPN @REF Ross_Scotese_1988, @DOI""10.1016/0040-1951(88)90263-6"", Arc Straight",430
430,229,229,20.1,9.57,-78.34,72.82,230,230,False,"EPN-CPN @REF Ross_Scotese_1988, @DOI""10.1016/0040-1951(88)90263-6"", Arc Straight",431
431,229,229,28.7,9.03,-78.21,72.82,230,230,False,"EPN-CPN @REF Ross_Scotese_1988, @DOI""10.1016/0040-1951(88)90263-6"", Arc concave",432
432,229,229,33.5,9.83,-77.85,81.55,230,230,False,"EPN-CPN @REF Ross_Scotese_1988, @DOI""10.1016/0040-1951(88)90263-6"", Arc concave",433
433,229,229,70.0,9.83,-77.85,81.55,230,230,False,EPN-CPN,434
434,230,230,0.0,90.0,0.0,0.0,231,231,False,CPN-WPN Central Panama-Western Panama,435
435,230,230,9.8,8.27,-81.87,-40.63,231,231,False,"CPN-WPN @REF Ross_Scotese_1988, @DOI""10.1016/0040-1951(88)90263-6"", Arc straight",436
436,230,230,33.6,-7.29,97.84,40.63,231,231,False,"CPN-WPN @REF Ross_Scotese_1988, @DOI""10.1016/0040-1951(88)90263-6"", Arc straight",437
437,230,230,70.0,-7.29,97.84,40.63,231,231,False,CPN-WPN,438
438,231,231,0.0,90.0,0.0,0.0,224,224,False,WPN-COF Western Panama-Caribbean Ocean Floor,439
439,231,231,71.7,90.0,0.0,0.0,224,224,False,WPN-COF,440
440,231,231,83.0,-25.53,43.92,12.39,224,224,False,"WPN-COF @REF Ross_Scotese_1988, @DOI""10.1016/0040-1951(88)90263-6""",441
441,231,231,100.0,-19.79,41.72,30.09,224,224,False,"WPN-COF @REF Ross_Scotese_1988, @DOI""10.1016/0040-1951(88)90263-6""",442
442,233,233,0.0,90.0,0.0,0.0,101,101,False,"FLS-NAM Florida Straits Block-North America  @REF Ross_Scotese_1988, @DOI""10.1016/0040-1951(88)90263-6""",443
443,233,233,154.3,90.0,0.0,0.0,101,101,False,"FLS-NAM @REF Ross_Scotese_1988, @DOI""10.1016/0040-1951(88)90263-6""",444
444,233,233,157.7,66.78,-17.54,-1.5,101,101,False,"FLS-NAM @REF Ross_Scotese_1988, @DOI""10.1016/0040-1951(88)90263-6""",445
445,233,233,158.8,66.78,-17.54,-2.01,101,101,False,"FLS-NAM @REF Ross_Scotese_1988, @DOI""10.1016/0040-1951(88)90263-6""",446
446,233,233,175.0,66.78,-17.5,-6.16,101,101,False,"FLS-NAM @REF Ross_Scotese_1988, @DOI""10.1016/0040-1951(88)90263-6""  - assume @absage @xo_ys",447
447,233,233,175.0,66.78,-17.5,-6.16,109,109,False,FLS-PDM Florida Straits Block-Piedmont (Florida/Suwannee) cross-over - assume @absage,448
448,233,233,800.0,66.78,-17.5,-6.16,109,109,False,"FLS-PDM @REF Ross_Scotese_1988, @DOI""10.1016/0040-1951(88)90263-6"" - assume @absage",449
449,233,233,810.0,66.78,-17.5,-6.16,109,109,False,"FLS-PDM @REF Ross_Scotese_1988, @DOI""10.1016/0040-1951(88)90263-6"" - assume @absage",450
450,234,234,0.0,90.0,0.0,0.0,235,235,False,LAA-AVR Lesser Antilles Arc-Aves Ridge,451
451,234,234,41.5,90.0,0.0,0.0,235,235,False,"LAA-AVR @REF Ross_Scotese_1988, @DOI""10.1016/0040-1951(88)90263-6""",452
452,234,234,52.2,73.31,-73.22,-1.37,235,235,False,"LAA-AVR @REF Ross_Scotese_1988, @DOI""10.1016/0040-1951(88)90263-6""",453
453,234,234,148.6,73.31,-73.22,-1.37,235,235,False,LAA-AVR,454
454,235,235,0.0,90.0,0.0,0.0,224,224,False,AVR-COF Aves Ridge-Caribbean Ocean Floor,455
455,235,235,148.6,90.0,0.0,0.0,224,224,False,AVR-COF,456
456,236,236,0.0,90.0,0.0,0.0,234,234,False,SCB-LAA St. Christopher Block-Lesser Antilles Arc,457
457,236,236,14.9,15.62,-61.63,-6.39,234,234,False,"SCB-LAA @REF Ross_Scotese_1988, @DOI""10.1016/0040-1951(88)90263-6"", Closure of St. Chris Basin",458
458,236,236,63.5,15.62,-61.63,-6.39,234,234,False,"SCB-LAA @REF Ross_Scotese_1988, @DOI""10.1016/0040-1951(88)90263-6""",459
459,237,237,0.0,90.0,0.0,0.0,255,255,False,PTR-NHI Puerto Rico-Northern Hispaniola,460
460,237,237,40.0,89.46,-103.11,-2.66,255,255,False,"PTR-NHI @REF Ross_Scotese_1988, @DOI""10.1016/0040-1951(88)90263-6"" @absage",461
461,237,237,116.5,89.46,-103.11,-2.66,255,255,False,"PTR-NHI @REF Ross_Scotese_1988, @DOI""10.1016/0040-1951(88)90263-6""",462
462,252,252,0.0,90.0,0.0,0.0,222,222,False,SHI-JMC Southern Hispaniola-Jamaica,463
463,252,252,20.1,-13.2,-62.74,1.1400000000000001,222,222,False,"SHI-JMC @REF Ross_Scotese_1988, @DOI""10.1016/0040-1951(88)90263-6""",464
464,252,252,33.5,8.82,-80.95,6.31,222,222,False,"SHI-JMC @REF Ross_Scotese_1988, @DOI""10.1016/0040-1951(88)90263-6""",465
465,252,252,41.5,19.89,-24.56,-1.27,222,222,False,"SHI-JMC @REF Ross_Scotese_1988, @DOI""10.1016/0040-1951(88)90263-6""",466
466,252,252,47.9,-22.62,-110.68,2.11,222,222,False,"SHI-JMC @REF Ross_Scotese_1988, @DOI""10.1016/0040-1951(88)90263-6""",467
467,252,252,56.4,-17.74,-113.82,2.24,222,222,False,"SHI-JMC @REF Ross_Scotese_1988, @DOI""10.1016/0040-1951(88)90263-6""",468
468,252,252,74.3,-29.41,-89.16,1.8900000000000001,222,222,False,"SHI-JMC @REF Ross_Scotese_1988, @DOI""10.1016/0040-1951(88)90263-6""",469
469,252,252,148.6,-29.41,-89.16,1.8900000000000001,222,222,False,SHI-JMC,470
470,253,253,0.0,90.0,0.0,0.0,254,254,False,SJH-HCO San Juan/Hispaniola-Hispaniola Cordillera,471
471,253,253,33.6,90.0,0.0,0.0,254,254,False,"SJH-HCO @REF Ross_Scotese_1988, @DOI""10.1016/0040-1951(88)90263-6""",472
472,253,253,52.2,42.24,-55.74,-4.37,254,254,False,"SJH-HCO @REF Ross_Scotese_1988, @DOI""10.1016/0040-1951(88)90263-6"", Arc Complete",473
473,253,253,148.6,42.24,-55.74,-4.37,254,254,False,SJH-HCO No Motion,474
474,254,254,0.0,90.0,0.0,0.0,255,255,False,HCO-NHI Hispaniola Cordillera-Northern Hispaniola,475
475,254,254,37.1,90.0,0.0,0.0,255,255,False,"HCO-NHI @REF Ross_Scotese_1988, @DOI""10.1016/0040-1951(88)90263-6""",476
476,254,254,50.0,10.6,-75.49,17.11,255,255,False,"HCO-NHI @REF Ross_Scotese_1988, @DOI""10.1016/0040-1951(88)90263-6"", Arc complete, @absage",477
477,254,254,121.6,10.6,-75.49,17.11,255,255,False,"HCO-NHI @REF Ross_Scotese_1988, @DOI""10.1016/0040-1951(88)90263-6""",478
478,254,254,148.6,10.6,-75.49,17.11,255,255,False,HCO-NHI,479
479,255,255,0.0,90.0,0.0,0.0,216,216,False,NHI-CYR Northern Hispaniola-Cayman Ridge,480
480,255,255,20.1,-68.9,-44.7,2.88,216,216,False,"NHI-CYR @REF Ross_Scotese_1988, @DOI""10.1016/0040-1951(88)90263-6""",481
481,255,255,52.4,-8.73,-72.57,16.29,216,216,False,"NHI-CYR @REF Ross_Scotese_1988, @DOI""10.1016/0040-1951(88)90263-6""",482
482,255,255,148.6,-8.73,-72.57,16.29,216,216,False,NHI-CYR,483
483,274,274,0.0,90.0,0.0,0.0,216,216,False,NCT-CYR North Cuban Thrust Sheets-Cayman Ridge,484
484,274,274,47.9,90.0,0.0,0.0,216,216,False,"NCT-CYR @REF Ross_Scotese_1988, @DOI""10.1016/0040-1951(88)90263-6"", END SUTURE",485
485,274,274,63.5,18.21,-71.55,13.74,216,216,False,"NCT-CYR @REF Ross_Scotese_1988, @DOI""10.1016/0040-1951(88)90263-6"", Open basin",486
486,274,274,78.9,18.21,-71.55,13.74,216,216,False,"NCT-CYR @REF Ross_Scotese_1988, @DOI""10.1016/0040-1951(88)90263-6"", Open basin",487
487,275,275,0.0,90.0,0.0,0.0,216,216,False,SCT-CYR South Cuban Thrust Sheets-Cayman Ridge,488
488,275,275,47.9,90.0,0.0,0.0,216,216,False,"SCT-CYR @REF Ross_Scotese_1988, @DOI""10.1016/0040-1951(88)90263-6"", END SUTURE",489
489,275,275,63.5,18.21,-71.55,13.74,216,216,False,"SCT-CYR @REF Ross_Scotese_1988, @DOI""10.1016/0040-1951(88)90263-6"", OPEN BASIN",490
490,275,275,91.0,18.21,-71.55,13.74,216,216,False,"SCT-CYR @REF Ross_Scotese_1988, @DOI""10.1016/0040-1951(88)90263-6"", OPEN BASIN",491
491,276,276,0.0,62.58,-39.21,-4.48,281,281,False,SPE-SPW Sandwich Plate East-Sandwich Plate West  Seton et al. 2012,492
492,276,276,610.0,62.58,-39.21,-4.48,281,281,False,SPE-SPW Seton et al. 2012,493
493,278,278,0.0,-48.13,10.2,-8.05,280,280,False,"CSS-BDW Central Scotia Sea South-Burdwood Plate Based Barker 2001 to simulate opening, no magnetics, Muller et al. 2008  @REF Domeier_Torsvik_2014 @DOI""10.1016/j.gsf.2014.01.002""",494
494,278,278,250.0,-48.13,10.2,-8.05,280,280,False,"CSS-BDW Central Scotia Sea South-Burdwood Plate Based Barker 2001 to simulate opening, no magnetics, Muller et al. 2008  @REF Domeier_Torsvik_2014 @DOI""10.1016/j.gsf.2014.01.002""",495
495,278,278,610.0,-48.13,10.2,-8.05,280,280,False,"CSS-BDW	@REF Domeier_Torsvik_2014 @DOI""10.1016/j.gsf.2014.01.002""",496
496,280,280,0.0,90.0,0.0,0.0,291,291,False,BDW-RAW Burdwood Plate-Rawson Block,497
497,280,280,610.0,90.0,0.0,0.0,291,291,False,"BDW-DPN  @REF Domeier_Torsvik_2014 @DOI""10.1016/j.gsf.2014.01.002""",498
498,281,281,0.0,90.0,0.0,0.0,280,280,False,SPW-BDW	Sandwich Plate West-Burdwood Plate,499
499,281,281,610.0,90.0,0.0,0.0,280,280,False,SPW-BDW,500
500,283,283,0.0,90.0,0.0,0.0,290,290,False,"NPM-SSP North Patagonian Massif-Salado Subplate @C""ZEROROT""",501
501,283,283,125.0,90.0,0.0,0.0,290,290,False,"NPM-SSP @REF Heine_++_2013 @DOI""10.5194/se-4-215-2013"" @AU""CHHEI""	 @T""2011-12-27"" @absage",502
502,283,283,150.0,-32.5,-59.58,4.9,290,290,False,"NPM-SSP @REF Heine_++_2013 @DOI""10.5194/se-4-215-2013"" @AU""CHHEI; ALY""  @T""2012-01-04"" @absage",503
503,283,283,610.0,-32.5,-59.58,4.9,290,290,False,NPM-SSP,504
504,285,285,0.0,90.0,0.0,0.0,820,820,False,"SGR-WSE	South Georgia-Western Scotia Sea @REF Domeier_Torsvik_2014 @DOI""10.1016/j.gsf.2014.01.002""",505
505,285,285,610.0,90.0,0.0,0.0,820,820,False,"SGR-WSE @REF Domeier_Torsvik_2014 @DOI""10.1016/j.gsf.2014.01.002""",506
506,288,288,0.0,90.0,0.0,0.0,291,291,False,FLI-CSS Falkland Islands-Colorado Subplate,507
507,288,288,600.0,90.0,0.0,0.0,291,291,False,"FLI-CSS @REF Grunow_++_1991 @DOI""10.1029/91JB01507""",508
508,290,290,0.0,90.0,0.0,0.0,201,201,False,SSP-SAM Salado Subplate-South America,509
509,290,290,124.1,90.0,0.0,0.0,201,201,False,"SSP-SAM @REF Heine_++_2013 @DOI""10.5194/se-4-215-2013"" @T""2011-12-22""  M2o",510
510,290,290,150.0,-33.02,-60.52,8.5,201,201,False,"SSP-SAM @REF Heine_++_2013 @DOI""10.5194/se-4-215-2013"" @T""2011-12-22"" @absage",511
511,290,290,410.0,-33.02,-60.52,8.5,201,201,False,SSP-SAM,512
512,290,290,410.0,-33.02,-60.52,8.5,22041,22041,False,SSP-RDLP	Salado Subplate-Rio de la Plata,513
513,290,290,1010.0,-33.02,-60.52,8.5,22041,22041,False,SSP-RDLP,514
514,291,291,0.0,90.0,0.0,0.0,283,283,False,RAW-NPM Rawson Block-North Patagonian Massif,515
515,291,291,610.0,90.0,0.0,0.0,283,283,False,"RAW-NPM @REF Heine_++_2013 @DOI""10.5194/se-4-215-2013""",516
516,293,293,0.0,90.0,0.0,0.0,201,201,False,EMEB-SAM East of Maurice Ewing Bank-South America,517
517,293,293,125.0,90.0,0.0,0.0,201,201,False,"EMEB-SAM @REF Heine_++_2013 @DOI""10.5194/se-4-215-2013"" @AU""CHHEI"" @T""2011-12-21"" @absage",518
518,293,293,145.0,-57.19,-55.31,0.43,201,201,False,"EMEB-SAM @REF Heine_++_2013 @DOI""10.5194/se-4-215-2013"" @AU""CHHEI"" @T""2012-01-19"" @C""FITRECON"" @absage",519
519,293,293,250.0,-57.19,-55.31,0.43,201,201,False,EMEB-SAM,520
520,294,294,0.0,90.0,0.0,0.0,201,201,False,FP-SAM Falkland Plateau (North Weddell Sea)-South America,521
521,294,294,83.0,90.0,0.0,0.0,201,201,False,FP-SAM  cross-over @xo_ys,522
522,294,294,83.0,-77.56,-113.44,-29.48,802,802,False,"FP-EANT Falkland Plateau-Antarctica, @REF Shaw_Cande_1990 @DOI""10.1029/JB095iB03p02625"" & Royer_++_1988 @DOI""19.1016/0040-1951(88)90268-5"" *recalculated @Au GS, @T 2011",523
523,294,294,92.7,75.55,61.16,32.43,802,802,False,"FP-EANT @REF Livermore_Hunter_1996 @DOI"" 10.1144/GSL.SP.1996.108.01.17""",524
524,294,294,120.6,72.68,84.08,44.59,802,802,False,"FP-EANT @REF Konig_Jokat_2006 @DOI""10.1029/2005JB004035"", M0ry",525
525,294,294,123.6,72.13,85.43,46.24,802,802,False,"FP-EANT @REF Konig_Jokat_2006 @DOI""10.1029/2005JB004035"", M2y",526
526,294,294,125.7,71.48,84.24,46.54,802,802,False,"FP-EANT @REF Konig_Jokat_2006 @DOI""10.1029/2005JB004035"", M4y",527
527,294,294,128.9,70.46,83.05,47.3,802,802,False,"FP-EANT @REF Konig_Jokat_2006 @DOI""10.1029/2005JB004035"", M10y",528
528,294,294,130.8,69.97,82.46,47.73,802,802,False,"FP-EANT @REF Konig_Jokat_2006 @DOI""10.1029/2005JB004035"", M11y",529
529,294,294,132.6,69.37,80.82,47.63,802,802,False,"FP-EANT @REF Konig_Jokat_2006 @DOI""10.1029/2005JB004035"", M12ny",530
530,294,294,136.0,68.79,82.7,50.28,802,802,False,"FP-EANT @REF Konig_Jokat_2006 @DOI""10.1029/2005JB004035"", M15ny  *inconsistency between chron and age in paper - chron assumed to be correct, time adjusted",531
531,294,294,138.5,67.78,80.24,50.08,802,802,False,"FP-EANT @REF Konig_Jokat_2006 @DOI""10.1029/2005JB004035"", M17ny  *inconsistency between chron and age in paper - chron assumed to be correct, time adjusted",532
532,294,294,143.4,66.5,77.55,49.86,802,802,False,"FP-EANT @REF Konig_Jokat_2006 @DOI""10.1029/2005JB004035"", M20ny  *inconsistency between chron and age in paper - chron assumed to be correct, time adjusted",533
533,294,294,160.0,66.52,77.54,53.44,802,802,False,"FP-EANT @REF Konig_Jokat_2006 @DOI""10.1029/2005JB004035"" @absage",534
534,294,294,180.0,66.52,77.54,53.44,802,802,False,FP-EANT,535
535,301,301,0.0,90.0,0.0,0.0,101,101,False,EUR-NAM Northern European Craton-North America,536
536,301,301,10.9,66.44,132.98,-2.5700000000000003,101,101,False,"EUR-NAM @REF Gaina_++_2002 @DOI""10.1016/S0012-821X(02)00499-5"" (5o)",537
537,301,301,20.1,68.91,132.51,-5.09,101,101,False,"EUR-NAM @REF Gaina_++_2002 @DOI""10.1016/S0012-821X(02)00499-5"" (6o)",538
538,301,301,33.1,68.22,131.53,-7.65,101,101,False,"EUR-NAM @REF Gaina_++_2002 @DOI""10.1016/S0012-821X(02)00499-5"" (13y)",539
539,301,301,47.9,65.38,138.44,-10.96,101,101,False,"EUR-NAM @REF Gaina_++_2002 @DOI""10.1016/S0012-821X(02)00499-5"" (21o)",540
540,301,301,55.9,56.17,145.06,-13.24,101,101,False,"EUR-NAM @REF Gaina_++_2002 @DOI""10.1016/S0012-821X(02)00499-5"" (25y)",541
541,301,301,68.7,60.38,146.96,-16.33,101,101,False,EUR-NAM @REF Barnett-Moore_++_(in review),542
542,301,301,79.1,63.4,147.75,-18.48,101,101,False,"EUR-NAM @REF Gaina_++_2002 @DOI""10.1016/S0012-821X(02)00499-5"" (33o) @xo_ys",543
543,301,301,79.1,48.16,121.62,-12.71,102,102,False,EUR-GRN Northern European Craton-Greenland cross over @REF Barnett-Moore_++_(in review),544
544,301,301,120.0,48.16,121.62,-12.71,102,102,False,"EUR-GRN tectonic quiescence between EUR and GRN after Faerseth_Lien_2002 @DOI""10.1016/S0264-8172(02)00112-5, @REF Barnett-Moore_++_(in review) @xo_yf @absage",545
545,301,301,120.0,68.01,153.59,-21.01,101,101,False,EUR-NAM Northern European Craton-North America cross over @REF Barnett-Moore_++_(in review) @absage,546
546,301,301,200.0,71.41,152.6,-23.68,101,101,False,"EUR-NAM Full fit between EUR and NAM, initial rifting @REF Barnett-Moore_++_(in review) @absage",547
547,301,301,390.0,71.41,152.6,-23.68,101,101,False,"EUR-NAM Full fit between EUR and NAM, initial rifting @REF Barnett-Moore_++_(in review) @absage",548
548,301,301,430.0,-69.57,-24.64,24.02,101,101,False,"EUR-NAM THT Final 2006 @REF Domeier_Torsvik_2014 @DOI""10.1016/j.gsf.2014.01.002""",549
549,301,301,1100.0,-69.57,-24.64,24.02,101,101,False,"EUR-NAM THT Final 2006 @REF Domeier_Torsvik_2014 @DOI""10.1016/j.gsf.2014.01.002""",550
550,302,302,0.0,90.0,0.0,0.0,301,301,False,BAL-EUR Baltic Shield-Northern European Craton (this is the baltica we care about for the neoproterozoic),551
551,302,302,250.0,90.0,0.0,0.0,301,301,False,"BAL-EUR	Baltic Shield-Northern European Craton  @REF Domeier_Torsvik_2014 @DOI""10.1016/j.gsf.2014.01.002""",552
552,302,302,430.0,90.0,0.0,0.0,301,301,False,"BAL-EUR Finetuned longitude 4th ITE	  @REF Domeier_Torsvik_2014 @DOI""10.1016/j.gsf.2014.01.002"", @xo_yf",553
553,302,302,430.0,-36.2936,41.3894,93.387,0,000,False,"BAL-000 Baltica-Spin Axis, @REF Domeier 2016 @DOI""10.1016/j.gr.2015.08.003""",554
554,302,302,440.0,30.6346,-131.154,-103.114,0,000,False,"BAL-000 @REF Domeier 2016 @DOI""10.1016/j.gr.2015.08.003""",555
555,302,302,460.0,33.6226,-96.3172,-119.2958,0,000,False,"BAL-000 @REF Domeier 2016 @DOI""10.1016/j.gr.2015.08.003""",556
556,302,302,475.0,-20.8051,109.2212,126.3652,0,000,False,"BAL-000 @REF Domeier 2016 @DOI""10.1016/j.gr.2015.08.003""",557
557,302,302,505.0,-22.2072,70.7981,118.8405,0,000,False,,558
558,302,302,520.0,19.07,-127.66,-125.83,0,000,False,"BAL-000 @ REF @REF Merdith et al. 2017, @DOI""10.1016/j.gr.2017.04.001""",559
559,302,302,560.0,15.61,174.61,-131.05,0,000,False,"BAL-000 @REF Merdith et al. 2017, @DOI""10.1016/j.gr.2017.04.001""",560
560,302,302,600.0,31.4045,-132.824,-175.456,0,000,False,"BAL-000, @REF Merdith et al. 2017, @DOI""10.1016/j.gr.2017.04.001"" @xo_yf",561
561,302,302,600.0,75.8,-95.82,-59.16,101,101,False,"BAL-LAU, Baltica-Laurentia, @REF Merdith et al. 2017, @DOI""10.1016/j.gr.2017.04.001"", re-calculated relative rotation from Li et al. 2008 (10.1016/j.precamres.2007.04.021)",562
562,302,302,750.0,75.8,-95.82,-59.16,101,101,False,"BAL-LAU, @REF Merdith et al. 2017, @DOI""10.1016/j.gr.2017.04.001"", re-calculated relative rotation from Li et al. 2008 (10.1016/j.precamres.2007.04.021)",563
563,302,302,1020.0,75.8,-95.82,-59.16,101,101,False,"BAL-LAU, @REF Merdith et al. 2017, @DOI""10.1016/j.gr.2017.04.001"", re-calculated relative rotation from Li et al. 2008 (10.1016/j.precamres.2007.04.021)",564
564,302,302,1050.0,62.28,-115.28,-41.53,101,101,False,"BAL-LAU, @REF Merdith et al. 2017, @DOI""10.1016/j.gr.2017.04.001"", re-calculated relative rotation from Li et al. 2008 (10.1016/j.precamres.2007.04.021)",565
565,302,302,1100.0,56.12,-107.78,-44.22,101,101,False,"BAL-LAU, @REF Merdith et al. 2017, @DOI""10.1016/j.gr.2017.04.001"", re-calculated relative rotation from Li et al. 2008 (10.1016/j.precamres.2007.04.021)",566
566,303,303,0.0,90.0,0.0,0.0,301,301,False,NSI-EUR Northern Scotland/Ireland-Norther European Craton,567
567,303,303,430.0,90.0,0.0,0.0,301,301,False,NSI-EUR,568
568,303,303,430.0,-69.57,-24.64,24.02,101,101,False,"@REF Domeier 2016 @DOI""10.1016/j.gr.2015.08.003""",569
569,303,303,1100.0,69.57,155.36,-24.02,101,101,False,"@REF Domeier 2016 @DOI""10.1016/j.gr.2015.08.003""",570
570,304,304,0.0,90.0,0.0,0.0,101,101,False,IBR-NAM  Iberia-North America,571
571,304,304,10.9,-67.03,-47.12,2.56,101,101,False,"IBR-NAM @REF Schettino_Scotese_2005 @DOI""10.1111/j.1365-246X.2005.02638.x""",572
572,304,304,20.1,-68.08,-42.87,5.03,101,101,False,"IBR-NAM @REF Schettino_Scotese_2005 @DOI""10.1111/j.1365-246X.2005.02638.x""",573
573,304,304,33.1,-51.45,-35.97,7.14,101,101,False,"IBR-NAM @REF Schettino_Scotese_2005 @DOI""10.1111/j.1365-246X.2005.02638.x""",574
574,304,304,40.1,-64.76,-41.87,9.02,101,101,False,"IBR-NAM @REF Schettino_Scotese_2005 @DOI""10.1111/j.1365-246X.2005.02638.x""",575
575,304,304,47.9,-72.69,-49.13,11.38,101,101,False,"IBR-NAM @REF Schettino_Scotese_2005 @DOI""10.1111/j.1365-246X.2005.02638.x""",576
576,304,304,55.9,-73.27,-47.19,14.09,101,101,False,"IBR-NAM @REF Schettino_Scotese_2005 @DOI""10.1111/j.1365-246X.2005.02638.x""",577
577,304,304,67.7,-74.84,-45.62,17.41,101,101,False,"IBR-NAM @REF Schettino_Scotese_2005 @DOI""10.1111/j.1365-246X.2005.02638.x""",578
578,304,304,83.0,-87.17,-123.4,24.69,101,101,False,"IBR-NAM @REF Schettino_Scotese_2005 @DOI""10.1111/j.1365-246X.2005.02638.x""",579
579,304,304,120.8,-71.71,168.36,46.3,101,101,False,"IBR-NAM @REF Rowley_Lottes_1988 @DOI""10.1016/0040-1951(88)90261-2""; @REF Schettino_Scotese_2005 @DOI""10.1111/j.1365-246X.2005.02638.x"", 2005 m0",580
580,304,304,144.7,-66.6,165.01,61.97,101,101,False,IBR-NAM @REF Barnett-Moore_++_(in review) @xo_ys,581
581,304,304,144.7,48.94,-3.08,-48.46,301,301,False,IBR-EUR Iberia-Eurasia cross over @REF Barnett-Moore_++_(in review),582
582,304,304,250.0,48.94,-3.08,-48.46,301,301,False,IBR-EUR,583
583,304,304,250.0,67.0511,-16.0439,-63.9257,101,101,False,"IBR-NAM Iberia-North America @REF Young et al. (2019) @DOI ""10.1016/j.gsf.2018.05.011""",584
584,304,304,320.0,-67.0511,163.9561,63.9257,101,101,False,"IBR-NAM @REF Young et al. (2019) @DOI ""10.1016/j.gsf.2018.05.011""	@xo_ys",585
585,304,304,320.0,55.4006,1.2988,14.4964,714,714,False,"IBR-NWA @REF Young et al. (2019) @DOI ""10.1016/j.gsf.2018.05.011""",586
586,304,304,335.0,38.6924,-3.6678,-22.2115,714,714,False,"IBR-NWA @REF Young et al. (2019) @DOI ""10.1016/j.gsf.2018.05.011""",587
587,304,304,760.0,38.6924,-3.6678,-22.2115,714,714,False,"IBR-NWA	@REF Young et al. (2019) @DOI ""10.1016/j.gsf.2018.05.011""",588
588,305,305,0.0,90.0,0.0,0.0,302,302,False,"CEU-BAL Central Europe (Armorica and Moldanubia)-Baltica @REF Young et al. (2019) @DOI ""10.1016/j.gsf.2018.05.011""",589
589,305,305,320.0,90.0,0.0,0.0,302,302,False,"CEU-BAL @REF Young et al. (2019) @DOI ""10.1016/j.gsf.2018.05.011"" @xo_ys",590
590,305,305,320.0,50.1168,-1.2158,62.8718,714,714,False,"CEU-NWA Central Europe (Armorica and Moldanubia)-Northwest Africa @REF Young et al. (2019) @DOI ""10.1016/j.gsf.2018.05.011""",591
591,305,305,335.0,49.6861,-2.7803,62.9448,714,714,False,"CEU-NWA @REF Young et al. (2019) @DOI ""10.1016/j.gsf.2018.05.011""",592
592,305,305,810.0,49.6861,-2.7803,62.9448,714,714,False,"CEU-NWA @REF Young et al. (2019) @DOI ""10.1016/j.gsf.2018.05.011""",593
593,306,306,0.0,90.0,0.0,0.0,304,304,False,"COR-IBR Corsica-Iberia @Au MHV, @T2014.",594
594,306,306,19.0,90.0,0.0,0.0,304,304,False,"COR-IBR @REF Schettino_Turco_2006 @DOI""10.1111/j.1365-246X.2006.02997.x""",595
595,306,306,33.1,44.49,10.28,-29.3,304,304,False,"COR-IBR @REF Schettino_Turco_2006 @DOI""10.1111/j.1365-246X.2006.02997.x""",596
596,306,306,610.0,44.49,10.28,-29.3,304,304,False,"COR-IBR  @REF Domeier_Torsvik_2014 @DOI""10.1016/j.gsf.2014.01.002""",597
597,307,307,0.0,90.0,0.0,0.0,3307,3307,False,ADR-APU Adria-Apulia,598
598,307,307,40.1,90.0,0.0,0.0,3307,3307,False,"ADR-APU @REF Schettino_Turco_2011 @DOI""10.1130/B30064.1""",599
599,307,307,47.0,-26.5,-166.58,1.0,3307,3307,False,"ADR-APU @REF Schettino_Turco_2011 @DOI""10.1130/B30064.1""",600
600,307,307,60.0,-26.5,-166.58,1.0,3307,3307,False,"ADR-APU @REF Schettino_Turco_2011 @DOI""10.1130/B30064.1""",601
601,307,307,70.0,-26.5,-166.58,2.0,3307,3307,False,"ADR-APU @REF Schettino_Turco_2011 @DOI""10.1130/B30064.1""",602
602,307,307,100.0,-26.5,-166.58,7.73,3307,3307,False,"ADR-APU @REF Schettino_Turco_2011 @DOI""10.1130/B30064.1""",603
603,307,307,810.0,-26.5,-166.58,7.73,3307,3307,False,"ADR-APU  @REF Domeier_Torsvik_2014 @DOI""10.1016/j.gsf.2014.01.002""",604
604,308,308,0.0,90.0,0.0,0.0,307,307,False,DIN-ADR  Eastern Dinaride Platform-Adria,605
605,308,308,30.0,90.0,0.0,0.0,307,307,False,"DIN-ADR @REF Schettino_Turco_2011 @DOI""10.1130/B30064.1""",606
606,308,308,40.1,60.25,-71.75,0.81,307,307,False,"DIN-ADR @REF Schettino_Turco_2011 @DOI""10.1130/B30064.1""",607
607,308,308,67.7,60.25,-71.75,0.81,307,307,False,"DIN-ADR @REF Schettino_Turco_2011 @DOI""10.1130/B30064.1""",608
608,308,308,83.5,49.69,-5.7,4.02,307,307,False,"DIN-ADR @REF Schettino_Turco_2011 @DOI""10.1130/B30064.1""",609
609,308,308,90.0,49.1,-9.84,4.13,307,307,False,"DIN-ADR @REF Schettino_Turco_2011 @DOI""10.1130/B30064.1""",610
610,308,308,185.0,49.1,-9.84,4.13,307,307,False,"DIN-ADR @REF Schettino_Turco_2011 @DOI""10.1130/B30064.1""   308 was fixed to 338 from 600to 185 in the @REF Schettino_Turco_2011 paper",611
611,308,308,230.0,41.18,6.9,-3.6,307,307,False,"DIN-ADR @REF Schettino_Turco_2011 @DOI""10.1130/B30064.1""",612
612,308,308,810.0,41.18,6.9,-3.6,307,307,False,"DIN-ADR  @REF Domeier_Torsvik_2014 @DOI""10.1016/j.gsf.2014.01.002""",613
613,309,309,0.0,90.0,0.0,0.0,311,311,False,WSV-BAR West Svalbard-Barentsia and East Svalbard,614
614,309,309,250.0,90.0,0.0,0.0,311,311,False,"WSV-BAR West Svalbard-Barentsia and East Svalbard  @REF Domeier_Torsvik_2014 @DOI""10.1016/j.gsf.2014.01.002""",615
615,309,309,360.0,90.0,0.0,0.0,311,311,False,"WSV-BAR THT2006 Post Svalbardian_Ellesmerian location		    @REF Domeier_Torsvik_2014 @DOI""10.1016/j.gsf.2014.01.002""",616
616,309,309,400.0,58.13,-45.29,2.32,311,311,False,"WSV-BAR  @REF Domeier_Torsvik_2014 @DOI""10.1016/j.gsf.2014.01.002""",617
617,309,309,430.0,58.13,-45.29,2.32,311,311,False,"WSV-BAR switch but with strikeslip to do later  @xo_ys  @REF Domeier_Torsvik_2014 @DOI""10.1016/j.gsf.2014.01.002""",618
618,309,309,430.0,61.1361,117.263,-17.5655,102,102,False,"WSV-GRN Silurian Collision Caledonides  @REF Domeier_Torsvik_2014 @DOI""10.1016/j.gsf.2014.01.002""",619
619,309,309,440.0,21.572,118.4645,-10.537,102,102,False,"WSV-GRN  @REF Domeier_Torsvik_2014 @DOI""10.1016/j.gsf.2014.01.002""",620
620,309,309,610.0,21.572,118.4645,-10.537,102,102,False,"WSV-GRN  @REF Domeier_Torsvik_2014 @DOI""10.1016/j.gsf.2014.01.002""",621
621,311,311,0.0,90.0,0.0,0.0,302,302,False,BAR-BAL Barentsia and East Svalbard-Baltic Shield,622
622,311,311,250.0,90.0,0.0,0.0,302,302,False,"BAR-BAL Barentsia and East Svalbard-Baltic Shield END	BARENTS	SEA	EXTENSION  @REF Domeier_Torsvik_2014 @DOI""10.1016/j.gsf.2014.01.002""",623
623,311,311,340.0,74.59,145.72,0.9,302,302,False,"BAR-BAL  @REF Domeier_Torsvik_2014 @DOI""10.1016/j.gsf.2014.01.002""",624
624,311,311,410.0,74.59,145.72,0.9,302,302,False,"BAR-BAL Switch to 302 THT 2009 some overlap for later rifting @xo_ys  @REF Domeier_Torsvik_2014 @DOI""10.1016/j.gsf.2014.01.002""",625
625,311,311,410.0,54.065,121.767,-14.3232,102,102,False,"BAR-GRN Barentsia and East Svalbard-Greenland  @REF Domeier_Torsvik_2014 @DOI""10.1016/j.gsf.2014.01.002""",626
626,311,311,430.0,67.2814,116.7765,-18.8334,102,102,False,"@REF Domeier 2016 @DOI""10.1016/j.gr.2015.08.003",627
627,311,311,435.0,83.3988,90.2765,-31.0633,102,102,False,"@REF Domeier 2016 @DOI""10.1016/j.gr.2015.08.003",628
628,311,311,440.0,85.8496,5.4783,-44.9532,102,102,False,"@REF Domeier 2016 @DOI""10.1016/j.gr.2015.08.003",629
629,311,311,1010.0,85.8496,5.4783,-44.9532,102,102,False,"@REF Domeier 2016 @DOI""10.1016/j.gr.2015.08.003",630
630,312,312,250.0,90.0,0.0,0.0,304,304,False,IUA-IBR Iberia Upper Allochthon-Iberia,631
631,312,312,320.0,90.0,0.0,0.0,304,304,False,"IUA-IBR @REF Young et al. (2019) @DOI ""10.1016/j.gsf.2018.05.011""",632
632,312,312,335.0,41.34,-8.83,70.21,304,304,False,"IUA-IBR @REF Young et al. (2019) @DOI ""10.1016/j.gsf.2018.05.011""",633
633,312,312,360.0,41.34,-8.83,70.21,304,304,False,"IUA-IBR @REF Young et al. (2019) @DOI ""10.1016/j.gsf.2018.05.011""",634
634,312,312,380.0,40.68,-10.55,75.27,304,304,False,"IUA-IBR @REF Young et al. (2019) @DOI ""10.1016/j.gsf.2018.05.011"" @xo_ys",635
635,312,312,380.0,-37.6584,178.754,15.0442,314,314,False,"IUA-MGCR Iberia Upper Allochthon-Mid German Crystalline Rise @REF Young et al. (2019) @DOI ""10.1016/j.gsf.2018.05.011""",636
636,312,312,610.0,-37.6584,178.754,15.0442,314,314,False,"IUA-MGCR @REF Young et al. (2019) @DOI ""10.1016/j.gsf.2018.05.011""",637
637,313,313,250.0,90.0,0.0,0.0,305,305,False,LED-CEU Leon Domain-Central Europe (Armorica and Moldanubia),638
638,313,313,360.0,90.0,0.0,0.0,305,305,False,LED-CEU End collision and suturing,639
639,313,313,370.0,48.03,3.64,-20.02,305,305,False,"LED-CEU Initial collision with Armorica @REF Young et al. (2019) @DOI ""10.1016/j.gsf.2018.05.011"" @xo_ys",640
640,313,313,370.0,-42.6482,172.9777,22.4134,314,314,False,"LED-MGCR @REF Young et al. (2019) @DOI ""10.1016/j.gsf.2018.05.011""",641
641,313,313,380.0,42.6482,-7.0223,-22.4134,314,314,False,"LED-MGCR @REF Young et al. (2019) @DOI ""10.1016/j.gsf.2018.05.011""",642
642,313,313,610.0,42.6482,-7.0223,-22.4134,314,314,False,"LED-MGCR @REF Young et al. (2019) @DOI ""10.1016/j.gsf.2018.05.011""",643
643,314,314,250.0,90.0,0.0,0.0,375,375,False,MGCR-SAX Mid German Crystalline Rise-Saxothuringia,644
644,314,314,360.0,90.0,0.0,0.0,375,375,False,"MGCR-SAX @REF Young et al. (2019) @DOI ""10.1016/j.gsf.2018.05.011"" @xo_ys",645
645,314,314,360.0,-28.5649,-70.1436,-17.1715,315,315,False,"MGCR-SAX @REF Young et al. (2019) @DOI ""10.1016/j.gsf.2018.05.011""",646
646,314,314,370.0,-28.5649,-70.1436,-17.1715,315,315,False,"MGCR-ENG Mid German Crystalline Rise-South England (East Avalonia) @REF Young et al. (2019) @DOI ""10.1016/j.gsf.2018.05.011""",647
647,314,314,380.0,-32.6533,-67.486,-14.9855,315,315,False,"MGCR-ENG Max extent of Lizard-Giessen backarc @REF Young et al. (2019) @DOI ""10.1016/j.gsf.2018.05.011""",648
648,314,314,410.0,-78.7443,-100.8473,-6.0925,315,315,False,"MGCR-ENG KTM_2015 @REF Young et al. (2019) @DOI ""10.1016/j.gsf.2018.05.011""",649
649,314,314,610.0,-78.7443,-100.8473,-6.0925,315,315,False,"MGCR-ENG KTM_2015 @REF Young et al. (2019) @DOI ""10.1016/j.gsf.2018.05.011""",650
650,315,315,0.0,90.0,0.0,0.0,302,302,False,ENG-BAL South England (East Avalonia)-Baltic Shield,651
651,315,315,440.0,90.0,0.0,0.0,302,302,False,"ENG-BAL THT2007 @REF Domeier_Torsvik_2014 @DOI""10.1016/j.gsf.2014.01.002""",652
652,315,315,455.0,23.9946,-39.5916,-22.0116,302,302,False,"ENG-BAL @REF Domeier, 2016 @DOI""10.1016/j.gr.2015.08.003, @xo_of",653
653,315,315,455.0,-52.2192,140.961,76.7102,101,101,False,"ENG-WAV South England-West Avalonia @REF Domeier, 2016 @DOI""10.1016/j.gr.2015.08.003",654
654,315,315,489.0,-32.4623,150.988,84.0312,101,101,False,"ENG-WAC South England-West African Craton @REF Domeier, 2016 @DOI""10.1016/j.gr.2015.08.003",655
655,315,315,489.0,13.7151,18.2029,35.1734,714,714,False,"ENG-WAC South England-West African Craton @REF Domeier, 2016 @DOI""10.1016/j.gr.2015.08.003",656
656,315,315,550.0,-13.7151,-161.797,-35.1734,714,714,False,"ENG-WAC @REF Domeier, 2016 @DOI""10.1016/j.gr.2015.08.003, @xo_yf",657
657,315,315,550.0,-85.525,136.9298,56.4496,108,108,False,"EAV-WAV East Avalonia-West Avalonia @REF Murphy et al., 2004 @DOI""10.1007/s00531-004-0412-9",658
658,315,315,760.0,-85.525,136.9298,56.4496,108,108,False,"EAV-WAV @REF Murphy et al., 2004 @DOI""10.1007/s00531-004-0412-9",659
659,316,316,250.0,90.0,0.0,0.0,304,304,False,SPZ-IBR South Portuguese Zone-Iberia,660
660,316,316,320.0,90.0,0.0,0.0,304,304,False,"SPZ-IBR @REF Young et al. (2019) @DOI ""10.1016/j.gsf.2018.05.011""",661
661,316,316,340.0,39.84,-10.35,-68.95,304,304,False,"SPZ-IBR @REF Young et al. (2019) @DOI ""10.1016/j.gsf.2018.05.011""",662
662,316,316,360.0,39.84,-10.35,-68.95,304,304,False,"SPZ-IBR @REF Young et al. (2019) @DOI ""10.1016/j.gsf.2018.05.011"" @xo_ys",663
663,316,316,360.0,41.0001,-10.2799,-139.1383,312,312,False,"SPZ-IUA South Portuguese Zone-Iberia Upper Allochthon @REF Young et al. (2019) @DOI ""10.1016/j.gsf.2018.05.011""",664
664,316,316,610.0,41.0001,-10.2799,-139.1383,312,312,False,"SPZ-IUA @REF Young et al. (2019) @DOI ""10.1016/j.gsf.2018.05.011""",665
665,317,317,0.0,90.0,0.0,0.0,101,101,False,POR-NAM Porcupine-North America,666
666,317,317,9.8,65.38,133.58,-2.44,101,101,False,"POR-NAM @REF Lawver_++_1990 @DOI""10.1007/978-94-009-2029-3_3"", An5",667
667,317,317,19.7,68.92,136.74,-4.97,101,101,False,"POR-NAM @REF Lawver_++_1990 @DOI""10.1007/978-94-009-2029-3_3"", An6",668
668,317,317,33.5,65.64,136.95,-7.51,101,101,False,"POR-NAM @REF Lawver_++_1990 @DOI""10.1007/978-94-009-2029-3_3"", An13",669
669,317,317,46.5,58.75,142.49,-10.01,101,101,False,"POR-NAM @REF Srivastava_Roest_1989 @DOI""10.1130/0091-7613(1989)017""",670
670,317,317,53.3,59.21,143.14,-12.3,101,101,False,"POR-NAM @REF Srivastava_Roest_1989 @DOI""10.1130/0091-7613(1989)017""",671
671,317,317,56.2,60.11,143.68,-13.76,101,101,False,"POR-NAM @REF Srivastava_Roest_1989 @DOI""10.1130/0091-7613(1989)017""",672
672,317,317,68.3,62.31,145.52,-16.47,101,101,False,"POR-NAM @REF Srivastava_Roest_1989 @DOI""10.1130/0091-7613(1989)017""",673
673,317,317,78.9,63.9,148.92,-18.51,101,101,False,"POR-NAM @REF Srivastava_Roest_1989 @DOI""10.1130/0091-7613(1989)017""",674
674,317,317,83.0,64.35,149.97,-19.21,101,101,False,"POR-NAM @REF Srivastava_Roest_1989 @DOI""10.1130/0091-7613(1989)017""",675
675,317,317,92.0,64.55,151.19,-19.88,101,101,False,"POR-NAM @REF Srivastava_Roest_1989 @DOI""10.1130/0091-7613(1989)017""  @absage",676
676,317,317,105.0,64.82,153.08,-21.0,101,101,False,"POR-NAM @REF Srivastava_Roest_1989 @DOI""10.1130/0091-7613(1989)017"", AnK @absage",677
677,317,317,120.6,67.13,155.32,-22.54,101,101,False,"POR-NAM @REF Srivastava_Roest_1989 @DOI""10.1130/0091-7613(1989)017"", AnM0",678
678,317,317,610.0,67.13,155.32,-22.54,101,101,False,"POR-NAM	 @REF Domeier_Torsvik_2014 @DOI""10.1016/j.gsf.2014.01.002""",679
679,318,318,0.0,90.0,0.0,0.0,301,301,False,RKL-EUR Rockall-Northern European Craton,680
680,318,318,410.0,90.0,0.0,0.0,301,301,False,"RKL-EUR  @REF Domeier_Torsvik_2014 @DOI""10.1016/j.gsf.2014.01.002""",681
681,318,318,410.0,70.4888,154.0522,-23.8463,101,101,False,RKL-LAU Rockall-Laurentia recalculated from Pangea position (slight change),682
682,318,318,1010.0,70.4888,154.0522,-23.8463,101,101,False,RKL-LAU,683
683,319,319,0.0,90.0,0.0,0.0,301,301,False,STR-EUR Strandja (Mosesia)-Northern European Craton,684
684,319,319,430.0,90.0,0.0,0.0,301,301,False,"STR-EUR Strandja (Mosesia)-Northern European Craton  @REF Domeier_Torsvik_2014 @DOI""10.1016/j.gsf.2014.01.002""",685
685,319,319,430.0,90.0,0.0,0.0,302,302,False,"STR-EUR Strandja (Mosesia)-Northern European Craton  @REF Domeier_Torsvik_2014 @DOI""10.1016/j.gsf.2014.01.002""",686
686,319,319,610.0,90.0,0.0,0.0,302,302,False,"STR-EUR JG/LG 1996	 @REF Domeier_Torsvik_2014 @DOI""10.1016/j.gsf.2014.01.002""",687
687,322,322,0.0,90.0,0.0,0.0,3062,3062,False,CAL-SSR Calabria-Southern Sardinia,688
688,322,322,250.0,90.0,0.0,0.0,3062,3062,False,CAL-SSR @REF Hosseinpour_++_(in review) @xo_ys,689
689,322,322,250.0,32.84,-3.36,4.55,306,306,False,CAL-COR Calabria-Corsica  MHV2014  Hosseinpour et al. (2016),690
690,322,322,610.0,32.84,-3.36,4.55,306,306,False,CAL-COR MHV2014,691
691,323,323,0.0,90.0,0.0,0.0,7701,7701,False,SIC-TUN Sicily-Tunesia,692
692,323,323,10.0,-37.4,-172.6,1.99,7701,7701,False,"SIC-TUN @REF Schettino_Turco_2011 @DOI""10.1130/B30064.1""",693
693,323,323,610.0,-37.4,-172.6,1.99,7701,7701,False,SIC-TUN,694
694,328,328,0.0,90.0,0.0,0.0,308,308,False,EDAW-DIN Eastern Dinaride accretionary wedge-Eastern Dinaride platform,695
695,328,328,10.0,19.07,-2.88,2.0,308,308,False,"EDAW-DIN @REF Schettino_Turco_2011 @DOI""10.1130/B30064.1""",696
696,328,328,20.0,19.07,-2.88,3.0,308,308,False,"EDAW-DIN @REF Schettino_Turco_2011 @DOI""10.1130/B30064.1""",697
697,328,328,30.0,19.07,-2.88,3.0,308,308,False,"EDAW-DIN @REF Schettino_Turco_2011 @DOI""10.1130/B30064.1""",698
698,328,328,40.0,19.07,-2.88,4.0,308,308,False,"EDAW-DIN @REF Schettino_Turco_2011 @DOI""10.1130/B30064.1""",699
699,328,328,50.0,19.07,-2.88,5.4,308,308,False,"EDAW-DIN @REF Schettino_Turco_2011 @DOI""10.1130/B30064.1""",700
700,328,328,810.0,19.07,-2.88,5.4,308,308,False,"EDAW-DIN @REF Schettino_Turco_2011 @DOI""10.1130/B30064.1""",701
701,329,329,0.0,90.0,0.0,0.0,304,304,False,BET-SPN Betic (Spain)-Iberia,702
702,329,329,760.0,90.0,0.0,0.0,304,304,False,"BET-SPN Betic (Spain)-Iberia JG/LG 1996  @REF Domeier_Torsvik_2014 @DOI""10.1016/j.gsf.2014.01.002""",703
703,330,330,0.0,90.0,0.0,0.0,331,331,False,TOB-UKB Tornquist Block-United Kingdom Block,704
704,330,330,145.0,90.0,0.0,0.0,331,331,False,TOB-UKB @absage,705
705,330,330,170.0,24.19,36.2,0.59,331,331,False,"TOB-UKB @REF Muller_++_2008 @DOI""10.1029/2007GC001743"" @absage @absage",706
706,330,330,610.0,24.19,36.2,0.59,331,331,False,"TOB-UKB @REF Domeier_Torsvik_2014 @DOI""10.1016/j.gsf.2014.01.002"" Torsvik et al 2012, 2014",707
707,331,331,0.0,90.0,0.0,0.0,301,301,False,UKB-EUR United Kingdom Block-Europe,708
708,331,331,410.0,90.0,0.0,0.0,301,301,False,"UKB-EUR United Kingdom Block-North America  Roest & Srivastiva 1989  @REF Domeier_Torsvik_2014 @DOI""10.1016/j.gsf.2014.01.002""",709
709,331,331,410.0,90.0,0.0,0.0,302,302,False,UKB-BAL recalculated relative to Baltica,710
710,331,331,610.0,90.0,0.0,0.0,302,302,False,"UKB-BAL  Roest & Srivastiva 1989  @REF Domeier_Torsvik_2014 @DOI""10.1016/j.gsf.2014.01.002""",711
711,334,334,0.0,90.0,0.0,0.0,328,328,False,PES-EDAW Pelso-Eastern Dinaride accretionary wedge,712
712,334,334,4.0,43.92,22.75,3.99,328,328,False,"PES-EDAW @REF Schettino_Turco_2011 @DOI""10.1130/B30064.1""",713
713,334,334,19.0,33.76,18.13,6.37,328,328,False,"PES-EDAW @REF Schettino_Turco_2011 @DOI""10.1130/B30064.1""",714
714,334,334,155.0,33.76,18.13,6.37,328,328,False,"PES-EDAW @REF Schettino_Turco_2011 @DOI""10.1130/B30064.1""",715
715,334,334,200.0,24.0,14.0,14.0,328,328,False,PES-EDAW @REF Hosseinpour_++_(in review) @Au MHV @T 2014,716
716,334,334,810.0,24.0,14.0,14.0,328,328,False,PES-EDAW,717
717,335,335,250.0,90.0,0.0,0.0,331,331,False,"EALP-UKB Eastern (Calcareous) Alps-United Kingdom Block  Muller et al. 2008  @REF Domeier_Torsvik_2014 @DOI""10.1016/j.gsf.2014.01.002""",718
718,335,335,610.0,90.0,0.0,0.0,331,331,False,"EALP-UKB JG/LG 1996  @xo_ys	 @REF Domeier_Torsvik_2014 @DOI""10.1016/j.gsf.2014.01.002""",719
719,337,337,0.0,90.0,0.0,0.0,334,334,False,TIS-PEL Tisza-Pelso,720
720,337,337,19.0,-36.15,14.41,1.8399999999999999,334,334,False,"TIS-PEL @REF Schettino_Turco_2011 @DOI""10.1130/B30064.1""",721
721,337,337,610.0,-36.15,14.41,1.8399999999999999,334,334,False,TIS-PEL,722
722,338,338,0.0,90.0,0.0,0.0,319,319,False,ROD-STR Rhodopes-Strandja (Moesia),723
723,338,338,185.0,90.0,0.0,0.0,319,319,False,"ROD-STR @REF Schettino_Turco_2011 @DOI""10.1130/B30064.1""",724
724,338,338,230.0,44.56,21.9,-12.92,319,319,False,"ROD-STR @REF Schettino_Turco_2011 @DOI""10.1130/B30064.1""",725
725,338,338,250.0,48.47,16.28,-38.93,319,319,False,ROD-STR	Rhodopes-Strandja (Moesia),726
726,338,338,270.0,49.25,15.0,-65.0,319,319,False,"ROD-STR Schettino and Turco, 2011",727
727,338,338,610.0,49.25,15.0,-65.0,319,319,False,ROD-STR,728
728,339,339,0.0,90.0,0.0,0.0,222,222,False,CFZ-JMC Caribbean Fracture zone north 1 and fracture zone north 2 - Jamaica,729
729,339,339,10.9,78.96,-179.68,0.68,222,222,False,"CFZ-JMC @REF Muller et al. 2016 @DOI""10.1146/annurev-earth-060115-012211""",730
730,339,339,20.1,69.03,134.6,1.26,222,222,False,"CFZ-JMC @REF Muller et al. 2016 @DOI""10.1146/annurev-earth-060115-012211""",731
731,339,339,33.1,76.58,179.7,2.81,222,222,False,"CFZ-JMC @REF Muller et al. 2016 @DOI""10.1146/annurev-earth-060115-012211""",732
732,339,339,40.1,60.16,123.51,3.65,222,222,False,"CFZ-JMC @REF Muller et al. 2016 @DOI""10.1146/annurev-earth-060115-012211""",733
733,339,339,43.8,58.8,124.6,4.21,222,222,False,"CFZ-JMC @REF Muller et al. 2016 @DOI""10.1146/annurev-earth-060115-012211""",734
734,339,339,53.3,62.69,133.24,5.32,222,222,False,"CFZ-JMC @REF Muller et al. 2016 @DOI""10.1146/annurev-earth-060115-012211""",735
735,339,339,67.7,61.94,-122.82,7.62,222,222,False,"CFZ-JMC @REF Muller et al. 2016 @DOI""10.1146/annurev-earth-060115-012211""",736
736,339,339,79.1,38.17,-105.51,14.4,222,222,False,"CFZ-JMC @REF Muller et al. 2016 @DOI""10.1146/annurev-earth-060115-012211""",737
737,339,339,99.0,28.46,-105.43,28.76,222,222,False,"CFZ-JMC @REF Muller et al. 2016 @DOI""10.1146/annurev-earth-060115-012211""",738
738,339,339,120.6,28.24,-105.09,29.63,222,222,False,"CFZ-JMC @REF Muller et al. 2016 @DOI""10.1146/annurev-earth-060115-012211""",739
739,339,339,250.0,27.42,-104.7,32.69,222,222,False,"CFZ-JMC @REF Muller et al. 2016 @DOI""10.1146/annurev-earth-060115-012211""",740
740,340,340,0.0,90.0,0.0,0.0,337,337,False,SPN-TIS Southern Panonian-Tisza,741
741,340,340,19.0,-19.16,-154.96,1.6099999999999999,337,337,False,"SPN-TIS @REF Schettino_Turco_2011 @DOI""10.1130/B30064.1""",742
742,340,340,610.0,-19.16,-154.96,1.6099999999999999,337,337,False,SPN-TIS Southern Panonian-Tisza Schettino & Turco 2011,743
743,344,344,0.0,90.0,0.0,0.0,331,331,False,WALP-UKB Western Alps-United Kingdom Block,744
744,344,344,610.0,90.0,0.0,0.0,331,331,False,"WALP-UKB JG/LG 1996  @REF Domeier_Torsvik_2014 @DOI""10.1016/j.gsf.2014.01.002""",745
745,346,346,0.0,90.0,0.0,0.0,522,522,False,PEL-MTB Peloponnese-Menderes Taurides Block,746
746,346,346,20.1,-22.74,-157.39,3.8,522,522,False,"PEL-MTB @REF Schettino_Turco_2011 @DOI""10.1130/B30064.1""",747
747,346,346,33.1,-22.74,-157.39,3.8,522,522,False,"PEL-MTB @REF Schettino_Turco_2011 @DOI""10.1130/B30064.1""",748
748,346,346,55.9,16.93,150.79,3.52,522,522,False,"PEL-MTB Peloponnese-Menderes Taurides block @REF Schettino_Turco_2011 @DOI""10.1130/B30064.1"", @xo_ys",749
749,346,346,55.9,-38.62,-152.95,4.95,3307,3307,False,"PEL-APU Peloponnese-Apulia @REF Hosseinpour_++_(in review) based on @REF Schettino_Turco_2011 @DOI""10.1130/B30064.1"" cross-over recalculated by @Au MH @T 11022014",750
750,346,346,250.0,38.62,27.05,-4.95,3307,3307,False,PEL-APU Peloponnese-Apulia  Schettino & Turco 2011,751
751,346,346,610.0,38.62,27.05,-4.95,3307,3307,False,PEL-APU Schettino & Turco 2011,752
752,347,347,0.0,90.0,0.0,0.0,346,346,False,CRT-PEL Crete-Peloponnese,753
753,347,347,13.0,35.09,23.41,44.81,346,346,False,"CRT-PEL @REF Schettino_Turco_2011 @DOI""10.1130/B30064.1""",754
754,347,347,610.0,35.09,23.41,44.81,346,346,False,CRT-PEL Schettino and Turco 2011,755
755,349,349,0.0,90.0,0.0,0.0,319,319,False,SMD-STR Serbo/Macedonia-Strandja (Moesia),756
756,349,349,610.0,90.0,0.0,0.0,319,319,False,"SMD-STR JG/LG 1996 suture  @REF Domeier_Torsvik_2014 @DOI""10.1016/j.gsf.2014.01.002""",757
757,352,352,0.0,90.0,0.0,0.0,752,752,False,LOI1-LOI2 Isochron of AFR-IBR  Ligurian Ocean,758
758,352,352,145.0,90.0,0.0,0.0,752,752,False,"LOI1-LOI2 Isochron of AFR-IBR  Ligurian Ocean @REF Hosseinpour_++_(in review) @Au MH, @T 05082014 @xo_ys",759
759,352,352,145.0,26.6,103.74,1.3,304,304,False,"LOI1-IBR @REF Hosseinpour_++_(in review) @Au MH, @T 05082014",760
760,352,352,250.0,26.6,103.74,1.3,304,304,False,LOI1-IBR,761
761,354,354,0.0,90.0,0.0,0.0,754,754,False,"LOI3-LOI4 Isochron of IBR-ADR East, Ligurian Ocean",762
762,354,354,145.0,90.0,0.0,0.0,754,754,False,"LOI3-LOI4 @REF Hosseinpour_++_(in review) @Au MH, @T 05082014 @xo_ys",763
763,354,354,145.0,61.3297,18.5508,16.0392,322,322,False,"ILOI3-CAL Isochron of IBR-ADR East-Calabria,  Ligurian Ocean @REF Hosseinpour_++_(in review) @Au MH, @T 05082014",764
764,354,354,250.0,-61.3297,-161.4492,-16.0392,322,322,False,LOI3-CAL,765
765,355,355,0.0,90.0,0.0,0.0,308,308,False,"VAR1-DIN Isochron of AFR-EUR, Vardar Ocean @REF Hosseinpour_++_(in review) @Au MH, @T 05082014",766
766,355,355,610.0,90.0,0.0,0.0,308,308,False,"Isochron of AFR-EUR, Vardar Ocean	By MH 05082014  Hosseinpour et al. (2016)",767
767,356,356,0.0,90.0,0.0,0.0,301,301,False,"AT1-EUR Isochron of AFR-EUR,  Alpine Tethys",768
768,356,356,250.0,90.0,0.0,0.0,301,301,False,"AT1-EUR Isochron of AFR-EUR,  Alpine Tethys @REF Hosseinpour_++_(in review) @Au MH, @T 05082014",769
769,357,357,0.0,90.0,0.0,0.0,356,356,False,"IAT2-AT1 Isochron of AFR-EUR,  Alpine Tethys",770
770,357,357,130.0,90.0,0.0,0.0,356,356,False,"IAT2-AT1 @REF Hosseinpour_++_(in review) @Au MH, @T 05082014 @xo_ys",771
771,357,357,130.0,46.89,-6.14,38.45,334,334,False,"IAT2-PES @REF Hosseinpour_++_(in review) @Au MH, @T 05082014",772
772,357,357,250.0,46.89,-6.14,38.45,334,334,False,IAT2-PES,773
773,358,358,0.0,45.74,3.02,57.82,359,359,False,"VAL1-VAL2 Isochron of AFR-IBR,  Valais Sea",774
774,358,358,130.0,45.74,3.02,57.82,359,359,False,"VAL1-VAL2 @REF Hosseinpour_++_(in review) @Au MH, @T 05082014 @xo_ys",775
775,358,358,130.0,45.99,-3.19,-10.13,301,301,False,"VAL1-EUR @REF Hosseinpour_++_(in review) @Au MH, @T 05082014",776
776,358,358,250.0,45.99,-3.19,-10.13,301,301,False,VAL1-EUR,777
777,359,359,0.0,90.0,0.0,0.0,306,306,False,"VAL2-COR Isochron of IBR-EUR,  Valais Sea",778
778,359,359,250.0,90.0,0.0,0.0,306,306,False,"VAL2-COR @REF Hosseinpour_++_(in review) @Au MH, @T 05082014",779
779,372,372,0.0,90.0,0.0,0.0,401,401,False,YWK-SIB Yamal Peninsula (Western Kara Sea)-Siberia,780
780,372,372,610.0,90.0,0.0,0.0,401,401,False,YWK-SIB,781
781,373,373,0.0,90.0,0.0,0.0,302,302,False,NVS-BAL Novaya-Semya - Baltic Shield,782
782,373,373,190.0,90.0,0.0,0.0,302,302,False,"NVS-BAL @REF Domeier_Torsvik_2014 @DOI""10.1016/j.gsf.2014.01.002""",783
783,373,373,220.0,77.0,144.6,4.0,302,302,False,"NVS-BAL @REF Domeier_Torsvik_2014 @DOI""10.1016/j.gsf.2014.01.002""",784
784,373,373,610.0,77.0,144.6,4.0,302,302,False,"NVS-BAL Torsvik 2005  @REF Domeier_Torsvik_2014 @DOI""10.1016/j.gsf.2014.01.002""",785
785,374,374,0.0,90.0,0.0,0.0,301,301,False,PER-EUR Perunica-Northern European Craton,786
786,374,374,250.0,90.0,0.0,0.0,301,301,False,PER-EUR @xo_ys,787
787,374,374,250.0,90.0,0.0,0.0,375,375,False,"PER-SAX Perunica-Saxothuringia @REF Young et al. (2019) @DOI""10.1016/j.gsf.2018.05.011""",788
788,374,374,610.0,90.0,0.0,0.0,375,375,False,"PER-SAX @REF Young et al. (2019) @DOI""10.1016/j.gsf.2018.05.011""",789
789,375,375,0.0,90.0,0.0,0.0,302,302,False,SAX-BAL Saxothuringia-Baltic Shield,790
790,375,375,250.0,90.0,0.0,0.0,302,302,False,SAX-BAL,791
791,375,375,250.0,90.0,0.0,0.0,305,305,False,"SAX-CEU Saxothuringia-Central Europe (Armorica and Moldanubia) @REF Young et al. (2019) @DOI""10.1016/j.gsf.2018.05.011""",792
792,375,375,610.0,90.0,0.0,0.0,305,305,False,SAX-CEU,793
793,380,380,0.0,90.0,0.0,0.0,430,430,False,MOO-AMU Mongol-Okhotsk Ocean plate-Amuria,794
794,380,380,240.0,32.463,-64.806,-4.8234,430,430,False,MOO-AMU,795
795,380,380,250.0,90.0,0.0,0.0,430,430,False,"MOO-AMU @REF Domeier_Torsvik_2014 @DOI""10.1016/j.gsf.2014.01.002""",796
796,380,380,260.0,-22.0041,88.6311,-13.4136,430,430,False,MOO-AMU,797
797,380,380,610.0,-22.0041,88.6311,-13.4136,430,430,False,MOO-AMU,798
798,390,390,0.0,90.0,0.0,0.0,302,302,False,UPB-BAL Urals Peri Baltica-Baltica,799
799,390,390,250.0,90.0,0.0,0.0,302,302,False,"UPB-BAL Urals Peri Baltica-Baltic Shield  @REF Domeier_Torsvik_2014 @DOI""10.1016/j.gsf.2014.01.002""",800
800,390,390,610.0,90.0,0.0,0.0,302,302,False,"UPB-BAL Accretion South	 @REF Domeier_Torsvik_2014 @DOI""10.1016/j.gsf.2014.01.002""",801
801,401,401,0.0,90.0,0.0,0.0,301,301,False,SIB-EUR Siberia-Northern European Craton,802
802,401,401,230.0,90.0,0.0,0.0,301,301,False,SIB-EUR @absage,803
803,401,401,250.0,77.0,144.6,2.0,301,301,False,"SIB-EUR Siberia-Northern European Craton  @REF Domeier_Torsvik_2014 @DOI""10.1016/j.gsf.2014.01.002""",804
804,401,401,280.0,83.0,143.8,5.0,301,301,False,"SIB-EUR Smooth almost rotogonal collision THT  @REF Domeier_Torsvik_2014 @DOI""10.1016/j.gsf.2014.01.002""",805
805,401,401,320.0,83.0,143.8,10.0,301,301,False,"SIB-EUR THT preliminary  @REF Domeier_Torsvik_2014 @DOI""10.1016/j.gsf.2014.01.002""",806
806,401,401,340.0,26.0,-30.4,-10.7,301,301,False,"SIB-EUR Finetune IT5 @REF Domeier_Torsvik_2014 @DOI""10.1016/j.gsf.2014.01.002""",807
807,401,401,350.0,3.76,157.95,19.26,301,301,False,"SIB-EUR Finetune IT5 @REF Domeier_Torsvik_2014 @DOI""10.1016/j.gsf.2014.01.002"" POLE_RECALCULATED-@REF Matthews_et_al_2016 @DOI""10.1016/j.gloplacha.2016.10.002""",808
808,401,401,360.0,5.8084,149.2911,39.6876,301,301,False,"SIB-EUR Finetune IT5 @REF Domeier_Torsvik_2014 @DOI""10.1016/j.gsf.2014.01.002"" POLE_RECALCULATED-@REF Matthews_et_al_2016 @DOI""10.1016/j.gloplacha.2016.10.002""",809
809,401,401,370.0,10.81,147.05,54.07,301,301,False,"SIB-EUR IT6 finetuning @REF Domeier_Torsvik_2014 @DOI""10.1016/j.gsf.2014.01.002"" POLE_RECALCULATED-@REF Matthews_et_al_2016 @DOI""10.1016/j.gloplacha.2016.10.002""",810
810,401,401,380.0,10.66,140.3,59.94,301,301,False,"SIB-EUR IT6 finetuning  @REF Domeier_Torsvik_2014 @DOI""10.1016/j.gsf.2014.01.002"" POLE_RECALCULATED-@REF Matthews_et_al_2016 @DOI""10.1016/j.gloplacha.2016.10.002""",811
811,401,401,390.0,8.69,134.02,69.81,301,301,False,"SIB-EUR  @REF Domeier_Torsvik_2014 @DOI""10.1016/j.gsf.2014.01.002"" POLE_RECALCULATED-@REF Matthews_et_al_2016 @DOI""10.1016/j.gloplacha.2016.10.002""",812
812,401,401,400.0,9.98,128.44,74.03,301,301,False,"SIB-EUR Finetune IT5  @REF Domeier_Torsvik_2014 @DOI""10.1016/j.gsf.2014.01.002""  POLE_RECALCULATED-@REF Matthews_et_al_2016 @DOI""10.1016/j.gloplacha.2016.10.002""",813
813,401,401,410.0,6.3141,122.98,82.2546,301,301,False,"""SIB-EUR Finetune IT5  @REF Domeier_Torsvik_2014 @DOI""""10.1016/j.gsf.2014.01.002""""  POLE_RECALCULATED-Matthews et al. (2016)"", @xo_yf",814
814,401,401,410.0,26.7382,71.8019,118.7465,0,000,False,SIB-000 Siberia-Spin Axis,815
815,401,401,433.0,21.6071,45.1493,116.2623,0,000,False,SIB-000,816
816,401,401,460.0,6.1991,52.7152,113.727,0,000,False,SIB-000,817
817,401,401,473.0,-5.3185,48.7313,116.9966,0,000,False,,818
818,401,401,510.0,-7.389,26.1646,129.6481,0,000,False,SIB-000,819
819,401,401,550.0,34.9,-159.67,-131.14,0,000,False,SIB-000 @REF Merdith et al. (2017),820
820,401,401,600.0,15.83,-174.59,-120.62,0,000,False,SIB-000 @REF Merdith et al. (2017),821
821,401,401,630.0,-14.72,-7.89,113.85,0,000,False,SIB-000 @REF Merdith et al. (2017),822
822,401,401,700.0,1.32,115.03,-101.43,0,000,False,SIB-000 @REF Merdith et al. (2017),823
823,401,401,700.0,65.41,80.44,132.66,101,101,False,SIB-101 Siberia-Laurentia @REF Merdith et al. (2017); Pisarevsky et al. (2013),824
824,401,401,760.0,68.42,90.71,131.45,101,101,False,SIB-101 @REF Merdith et al. (2017); Pisarevsky et al. (2013),825
825,401,401,800.0,63.089,116.2004,172.2984,101,101,False,SIB-101 @REF Merdith et al. (2017); Pisarevsky et al. (2013),826
826,401,401,960.0,63.089,116.2004,172.2984,101,101,False,SIB-101 @REF Merdith et al. (2017); Pisarevsky et al. (2013),827
827,401,401,1100.0,63.089,116.2004,172.2984,101,101,False,SIB-101 @REF Merdith et al. (2017); Pisarevsky et al. (2013),828
828,402,402,0.0,90.0,0.0,0.0,302,302,False,KAZ-BAL Kazakhstan-Baltic Shield,829
829,402,402,250.0,90.0,0.0,0.0,302,302,False,"KAZ-BAL Kazakhstan-Baltic Shield  @REF Domeier_Torsvik_2014 @DOI""10.1016/j.gsf.2014.01.002""",830
830,402,402,310.0,90.0,0.0,0.0,302,302,False,"KAZ-BAL COLLISION WESPH.		     @REF Domeier_Torsvik_2014 @DOI""10.1016/j.gsf.2014.01.002""",831
831,402,402,320.0,22.64,55.74,-10.18,302,302,False,"KAZ-BAL  @REF Domeier_Torsvik_2014 @DOI""10.1016/j.gsf.2014.01.002"" POLE_RECALCULATED-@REF Matthews_et_al_2016 @DOI""10.1016/j.gloplacha.2016.10.002""",832
832,402,402,330.0,14.9,4.47,-12.38,302,302,False,"KAZ-BAL   @REF Domeier_Torsvik_2014 @DOI""10.1016/j.gsf.2014.01.002"" POLE_RECALCULATED-@REF Matthews_et_al_2016 @DOI""10.1016/j.gloplacha.2016.10.002""",833
833,402,402,340.0,-11.63,-1.45,-18.01,302,302,False,"KAZ-BAL  @REF Domeier_Torsvik_2014 @DOI""10.1016/j.gsf.2014.01.002"" POLE_RECALCULATED-@REF Matthews_et_al_2016 @DOI""10.1016/j.gloplacha.2016.10.002""",834
834,402,402,350.0,-3.14,4.09,-27.36,302,302,False,"KAZ-BAL  @REF Domeier_Torsvik_2014 @DOI""10.1016/j.gsf.2014.01.002"" POLE_RECALCULATED-@REF Matthews_et_al_2016 @DOI""10.1016/j.gloplacha.2016.10.002""",835
835,402,402,360.0,0.5700000000000001,6.51,-46.32,302,302,False,"KAZ-BAL  @REF Domeier_Torsvik_2014 @DOI""10.1016/j.gsf.2014.01.002"" POLE_RECALCULATED-@REF Matthews_et_al_2016 @DOI""10.1016/j.gloplacha.2016.10.002""",836
836,402,402,370.0,2.87,4.71,-56.19,302,302,False,"KAZ-BAL  @REF Domeier_Torsvik_2014 @DOI""10.1016/j.gsf.2014.01.002"" POLE_RECALCULATED-@REF Matthews_et_al_2016 @DOI""10.1016/j.gloplacha.2016.10.002""",837
837,402,402,380.0,7.67,6.46,-60.64,302,302,False,"KAZ-BAL  @REF Domeier_Torsvik_2014 @DOI""10.1016/j.gsf.2014.01.002"" POLE_RECALCULATED-@REF Matthews_et_al_2016 @DOI""10.1016/j.gloplacha.2016.10.002""",838
838,402,402,390.0,5.94,-1.88,-65.4,302,302,False,"KAZ-BAL   @REF Domeier_Torsvik_2014 @DOI""10.1016/j.gsf.2014.01.002"" POLE_RECALCULATED-@REF Matthews_et_al_2016 @DOI""10.1016/j.gloplacha.2016.10.002""",839
839,402,402,400.0,3.48,-8.17,-65.23,302,302,False,"KAZ-BAL  @REF Domeier_Torsvik_2014 @DOI""10.1016/j.gsf.2014.01.002"" POLE_RECALCULATED-@REF Matthews_et_al_2016 @DOI""10.1016/j.gloplacha.2016.10.002""",840
840,402,402,410.0,-0.8300000000000001,-15.66,-66.35,302,302,False,"KAZ-BAL  @REF Domeier_Torsvik_2014 @DOI""10.1016/j.gsf.2014.01.002"" POLE_RECALCULATED-@REF Matthews_et_al_2016 @DOI""10.1016/j.gloplacha.2016.10.002""",841
841,402,402,420.0,-14.46,-22.57,-70.56,302,302,False,"KAZ-BAL  @REF Domeier_Torsvik_2014 @DOI""10.1016/j.gsf.2014.01.002"" POLE_RECALCULATED-@REF Matthews_et_al_2016 @DOI""10.1016/j.gloplacha.2016.10.002""",842
842,402,402,430.0,-14.46,-22.57,-70.56,302,302,False,"KAZ-BAL  @REF Domeier_Torsvik_2014 @DOI""10.1016/j.gsf.2014.01.002"" POLE_RECALCULATED-@REF Matthews_et_al_2016 @DOI""10.1016/j.gloplacha.2016.10.002""",843
843,404,404,0.0,90.0,0.0,0.0,302,302,False,KAR-BAL Kara-Baltica THT 2006,844
844,404,404,190.0,90.0,0.0,0.0,302,302,False,KAR-BAL THT 2006,845
845,404,404,220.0,77.0,144.6,-1.0,302,302,False,"KAR-BAL @REF Domeier_Torsvik_2014 @DOI""10.1016/j.gsf.2014.01.002"" @absage",846
846,404,404,450.0,77.0,144.6,-1.0,302,302,False,"KAR-BAL @REF Domeier 2018 @DOI""10.1016/j.gsf.2017.11.012""",847
847,404,404,467.0,31.6761,86.7527,8.6851,302,302,False,"KAR-BAL @REF Domeier 2018 @DOI""10.1016/j.gsf.2017.11.012""",848
848,404,404,500.0,51.8124,81.317,21.4722,302,302,False,"KAR-BAL @REF Domeier 2018 @DOI""10.1016/j.gsf.2017.11.012""",849
849,404,404,810.0,51.8124,81.317,21.4722,302,302,False,"KAR-BAL @REF Domeier 2018 @DOI""10.1016/j.gsf.2017.11.012""",850
850,406,406,0.0,90.0,0.0,0.0,401,401,False,KAM-SIB Kamchatka Peninsula-Siberia,851
851,406,406,10.0,90.0,0.0,0.0,401,401,False,"KAM-SIB @REF Clark_Muller_2008 @DOI""10.1016/j.jog.2008.02.002"" @absage",852
852,406,406,15.0,62.1,165.9,-5.0,401,401,False,"KAM-SIB @REF Clark_Muller_2008 @DOI""10.1016/j.jog.2008.02.002"" @absage",853
853,406,406,35.0,62.1,165.9,-30.0,401,401,False,"KAM-SIB @REF Clark_Muller_2008 @DOI""10.1016/j.jog.2008.02.002"" @absage",854
854,406,406,55.0,60.8,162.3,-60.0,401,401,False,"KAM-SIB @REF Clark_Muller_2008 @DOI""10.1016/j.jog.2008.02.002"" @absage",855
855,406,406,610.0,60.8,162.3,-60.0,401,401,False,"KAM-SIB  @REF Domeier_Torsvik_2014 @DOI""10.1016/j.gsf.2014.01.002""",856
856,407,407,0.0,90.0,0.0,0.0,101,101,False,CKP-NAM Chukotsky Peninsula-North America,857
857,407,407,66.0,90.0,0.0,0.0,101,101,False,"CKP-NAM initiation of rifting, @REF Gaina_++_2002 @DOI""10.1016/S0012-821X(02)00499-5"" @absage  @xo_ys",858
858,407,407,66.0,59.63,146.59,15.67,301,301,False,"CKP-EUR @REF Gaina_++_2002 @DOI""10.1016/S0012-821X(02)00499-5""  @absage",859
859,407,407,250.0,59.63,146.59,15.67,301,301,False,CKP-EUR,860
860,409,409,0.0,90.0,0.0,0.0,101,101,False,NES-NAM NE Siberia-North America,861
861,409,409,66.0,90.0,0.0,0.0,101,101,False,NES-NAM @absage @xo_ys,862
862,409,409,66.0,59.63,146.59,15.67,301,301,False,"NES-EUR @REF Gaina_++_2002 @DOI""10.1016/S0012-821X(02)00499-5""   @absage",863
863,409,409,250.0,59.63,146.59,15.67,301,301,False,NES-EUR,864
864,410,410,0.0,90.0,0.0,0.0,401,401,False,MNG-SIB Mongolia-Siberia,865
865,410,410,200.0,90.0,0.0,0.0,401,401,False,"MNG-SIB suture @REF Zhao_++_1990 @DOI""10.1016/0040-1951(90)90008-V"" @absage",866
866,410,410,250.0,24.1,86.0,-57.15,401,401,False,"MNG-SIB Mongolia-Siberia LMG 98-06-08  @REF Domeier_Torsvik_2014 @DOI""10.1016/j.gsf.2014.01.002""",867
867,410,410,255.0,53.3897,101.5387,-119.6092,401,401,False,"MNG-SIB LMG 98-06-08  @xo_of   @REF Domeier_Torsvik_2014 @DOI""10.1016/j.gsf.2014.01.002""",868
868,410,410,255.0,68.2,116.7,-71.08,0,000,False,"MNG-000 cross-over  @REF Domeier_Torsvik_2014 @DOI""10.1016/j.gsf.2014.01.002""",869
869,410,410,342.0,70.0,37.9,-83.98,0,000,False,"MNG-000 Van der Voo 1993 pmag poles  @REF Domeier_Torsvik_2014 @DOI""10.1016/j.gsf.2014.01.002""",870
870,410,410,363.0,73.7,71.8,-76.28,0,000,False,"MNG-000 Van der Voo 1993 pmag poles  @REF Domeier_Torsvik_2014 @DOI""10.1016/j.gsf.2014.01.002""",871
871,410,410,390.0,76.59,3.49,-56.11,0,000,False,"MNG-000 Van der Voo 1993 pmag poles  @REF Domeier_Torsvik_2014 @DOI""10.1016/j.gsf.2014.01.002""",872
872,410,410,410.0,65.006,-74.3096,-53.8025,0,000,False,"MNG-000 Van der Voo 1993 pmag poles  @REF Domeier_Torsvik_2014 @DOI""10.1016/j.gsf.2014.01.002""",873
873,410,410,422.0,51.61,-86.86,-56.87,0,000,False,"MNG-000 Van der Voo 1993 pmag poles  @REF Domeier_Torsvik_2014 @DOI""10.1016/j.gsf.2014.01.002""",874
874,410,410,432.0,51.61,-86.86,-56.87,0,000,False,"MNG-000 Van der Voo 1993 pmag poles  @REF Domeier_Torsvik_2014 @DOI""10.1016/j.gsf.2014.01.002""",875
875,413,413,0.0,90.0,0.0,0.0,406,406,False,SHR-SIB Shirshov Ridge-Kamchatka,876
876,413,413,10.0,90.0,0.0,0.0,406,406,False,SHR-SIB  @absage,877
877,413,413,40.0,63.21,171.96,-24.0,406,406,False,"SHR-SIB @REF Clark_Muller_2008 @DOI""10.1016/j.jog.2008.02.002"" @absage",878
878,413,413,60.0,63.21,171.96,-24.0,406,406,False,"SHR-SIB @REF Clark_Muller_2008 @DOI""10.1016/j.jog.2008.02.002"" @absage",879
879,415,415,0.0,90.0,0.0,0.0,601,601,False,"MOF-NCH Mongol-Okhotsk Features - North China  after @REF Golonka_2006 @DOI""10.1016/j.palaeo.2006.06.041""; @REF Apel_++_2006 @DOI""10.1029/2006GL026077""",880
880,415,415,250.0,90.0,0.0,0.0,601,601,False,MOF-NCH,881
881,416,416,0.0,90.0,0.0,0.0,662,662,False,NEA-EJS Northeast Asia-East Japan Sea,882
882,416,416,250.0,90.0,0.0,0.0,662,662,False,NEA-EJS @absage,883
883,430,430,0.0,90.0,0.0,0.0,601,601,False,AMU-SCH Amuria-South China,884
884,430,430,250.0,90.0,0.0,0.0,601,601,False,AMU-SCH @xo_of,885
885,430,430,250.0,33.4331,78.3609,-64.8214,401,401,False,AMU-SIB Young et al. (this study),886
886,430,430,270.0,26.8209,71.7809,-52.1058,401,401,False,AMU-SIB Young et al. (this study),887
887,430,430,340.0,22.5785,-143.034,45.2725,401,401,False,AMU-SIB nYoung et al. (this study),888
888,430,430,360.0,-11.6733,38.7264,-21.5199,401,401,False,AMU-SIB Young et al. (this study),889
889,430,430,410.0,20.3393,-170.2159,15.6546,401,401,False,AMU-SIB Young et al. (this study),890
890,430,430,420.0,59.8676,-82.09,17.956,401,401,False,"""AMU-SIB @REF Domeier_Torsvik_2014 @DOI""""10.1016/j.gsf.2014.01.002"""" POLE_RECALCULATED-Matthews et al. (this study)  """,891
891,430,430,610.0,59.8676,-82.09,17.956,401,401,False,"""AMU-SIB @REF Domeier_Torsvik_2014 @DOI""""10.1016/j.gsf.2014.01.002"""" POLE_RECALCULATED-Matthews et al. (this study)  """,892
892,446,446,0.0,90.0,0.0,0.0,603,603,False,BMP-SBM Burma Plate-Sino Burma Malaya,893
893,446,446,11.0,17.51,137.86,5.01,603,603,False,"BMP-SBM @REF Curray_++_1979, Spreading",894
894,446,446,14.9,8.67,100.09,46.22,603,603,False,"BMP-SBM @REF Lee_Lawver_1995 @DOI""10.1016/0040-1951(95)00023-2"", Rifting in Mergui Basin",895
895,446,446,73.0,8.67,100.09,46.22,603,603,False,"BMP-SBM @REF Lee_Lawver_1995 @DOI""10.1016/0040-1951(95)00023-2"" @absage",896
896,446,446,80.0,8.67,100.09,46.22,603,603,False,"BMP-SBM @REF Heine_++_2004 @DOI""10.1029/149GM03"" @xo_ys @absage",897
897,446,446,80.0,43.6955,60.1311,97.6635,550,550,False,"BMP-INA Burma Plate-India cross-over @REF Heine_++_2004 @DOI""10.1029/149GM03"" *recalculated @Au GS, @T 2011 @CHRONID""M10N"" @absage",898
898,446,446,129.6,44.3855,62.931,99.2534,550,550,False,"BMP-INA @REF Heine_++_2004 @DOI""10.1029/149GM03"" *recalculated @Au GS, @T 2011 @xo_ys",899
899,446,446,129.6,20.6857,107.9704,101.6167,801,801,False,"BMP-AUS Burma Plate-Australia M10N cross-over @REF Heine_++_2004 @DOI""10.1029/149GM03"" *recalculated @Au GS, @T 2011",900
900,446,446,131.9,19.9257,108.7304,104.4266,801,801,False,"BMP-AUS @REF Heine_++_2004 @DOI""10.1029/149GM03"" *recalculated @Au GS, @T 2011 @CHRONID""M11A""",901
901,446,446,134.6,19.2857,110.6003,107.1566,801,801,False,"BMP-AUS @REF Heine_++_2004 @DOI""10.1029/149GM03"" *recalculated @Au GS, @T 2011",902
902,446,446,145.5,14.436,113.9101,117.9766,801,801,False,"BMP-AUS @REF Heine_++_2004 @DOI""10.1029/149GM03"" *recalculated @Au GS, @T 2011 @CHRONID""M21"", Argo",903
903,446,446,149.5,12.8762,114.9101,121.7567,801,801,False,"BMP-AUS @REF Heine_++_2004 @DOI""10.1029/149GM03"" *recalculated @Au GS, @T 2011 @CHRONID""M22A"", Argo",904
904,446,446,151.4,12.2462,115.3302,123.3866,801,801,False,"BMP-AUS @REF Heine_++_2004 @DOI""10.1029/149GM03"" *recalculated @Au GS, @T 2011 @CHRONID""M24"", Argo",905
905,446,446,153.4,11.4162,115.8502,125.5567,801,801,False,"BMP-AUS @REF Heine_++_2004 @DOI""10.1029/149GM03"" *recalculated @Au GS, @T 2011 @CHRONID""M25"", Argo",906
906,446,446,156.0,10.6962,116.3302,127.5666,801,801,False,"BMP-AUS @REF Heine_++_2004 @DOI""10.1029/149GM03"" *recalculated @Au GS, @T 2011",907
907,446,446,610.0,10.6962,116.3302,127.5666,801,801,False,BMP-AUS Fit Recon Burma-Australia,908
908,450,450,0.0,90.0,0.0,0.0,402,402,False,JNG-KAZ Junggar-Kazakhstan,909
909,450,450,410.0,90.0,0.0,0.0,402,402,False,"JNG-KAZ  @REF Domeier_Torsvik_2014 @DOI""10.1016/j.gsf.2014.01.002""",910
910,451,451,0.0,90.0,0.0,0.0,580,580,False,ALA-TRM Ala Shan-Tarim 2006,911
911,451,451,500.0,90.0,0.0,0.0,580,580,False,ALA-TRM Alxa-Tarim@ REF I. Metcalfe 2006,912
912,451,451,550.0,-57.6611,-112.812,31.1456,580,580,False,ALA-TRM,913
913,451,451,550.0,90.0,0.0,0.0,456,456,False,ALA-QIL Alxa-Qilian @ REF I. Metcalfe 2006,914
914,451,451,1010.0,90.0,0.0,0.0,456,456,False,ALA-QIL @ REF I. Metcalfe 2006,915
915,453,453,0.0,90.0,0.0,0.0,430,430,False,HUS-AMU Hutang Uul-Songliao - Amuria,916
916,453,453,250.0,90.0,0.0,0.0,430,430,False,"HUS-AMU Hutang Uul-Songliao - Amuria  @REF Domeier_Torsvik_2014 @DOI""10.1016/j.gsf.2014.01.002""",917
917,453,453,610.0,90.0,0.0,0.0,430,430,False,"HUS-AMU  @REF Domeier_Torsvik_2014 @DOI""10.1016/j.gsf.2014.01.002""",918
918,454,454,0.0,90.0,0.0,0.0,430,430,False,KJB-AMU Khanka-Jiamusu Bureya - Amuria,919
919,454,454,610.0,90.0,0.0,0.0,430,430,False,"KJB-AMU  @REF Domeier_Torsvik_2014 @DOI""10.1016/j.gsf.2014.01.002""",920
920,455,455,0.0,90.0,0.0,0.0,430,430,False,HIN-AMU Hinggan Nuhetsdavaa-Amuria,921
921,455,455,410.0,90.0,0.0,0.0,430,430,False,"HIN-AMU accreted @REF Domeier_Torsvik_2014 @DOI""10.1016/j.gsf.2014.01.002""",922
922,456,456,0.0,90.0,0.0,0.0,580,580,False,QAI-TRM Qaidam - Tarim,923
923,456,456,440.0,90.0,0.0,0.0,580,580,False,"""QAI-TRM @REF @REF Merdith_++_2021 @DOI""10.1016/j.earscirev.2020.103477""",924
924,456,456,450.0,39.1647,102.549,12.0516,580,580,False,"QAI-TRM @REF @REF Merdith_++_2021 @DOI""10.1016/j.earscirev.2020.103477""",925
925,456,456,480.0,-18.1578,-74.1488,-30.0765,580,580,False,"QAI-TRM @REF @REF Merdith_++_2021 @DOI""10.1016/j.earscirev.2020.103477""",926
926,456,456,480.0,65.3956,24.0373,51.6916,602,602,False,"QAI-SCB Qilian–South China Block @REF @REF Merdith_++_2021 @DOI""10.1016/j.earscirev.2020.103477""",927
927,456,456,500.0,58.3036,-20.0449,33.6559,602,602,False,,928
928,456,456,545.0,-73.3872,87.5708,-15.9259,602,602,False,"QAI-SCB @REF @REF Merdith_++_2021 @DOI""10.1016/j.earscirev.2020.103477""",929
929,456,456,750.0,-73.3872,87.5708,-15.9259,602,602,False,"QAI-SCB @REF @REF Merdith_++_2021 @DOI""10.1016/j.earscirev.2020.103477""",930
930,456,456,1000.0,-48.3822,170.5983,-27.8766,602,602,False,"QAI-SCB @REF @REF Merdith_++_2021 @DOI""10.1016/j.earscirev.2020.103477""",931
931,457,457,0.0,90.0,0.0,0.0,580,580,False,KUN-TRM Kunlun-Tarim,932
932,457,457,440.0,90.0,0.0,0.0,580,580,False,"KUN-TRM Kunlun-Tarim  @REF I. Metcalfe, 2009",933
933,457,457,440.0,90.0,0.0,0.0,456,456,False,KUN-TRM,934
934,457,457,480.0,55.4499,83.981,-22.8217,456,456,False,"KUN-QAI Kunlun-Qaidam @REF @REF Merdith_++_2021 @DOI""10.1016/j.earscirev.2020.103477""",935
935,457,457,530.0,54.8065,98.0714,-52.1267,456,456,False,"KUN-QAI Kunlun-Qaidam @REF @REF Merdith_++_2021 @DOI""10.1016/j.earscirev.2020.103477""",936
936,457,457,530.0,50.6105,69.6365,-57.4735,505,505,False,"KUN-LUT Kunlun-Lut @REF @REF Merdith_++_2021 @DOI""10.1016/j.earscirev.2020.103477""",937
937,457,457,1010.0,50.6105,69.6365,-57.4735,505,505,False,"KUN-LUT Kunlun-Lut @REF @REF Merdith_++_2021 @DOI""10.1016/j.earscirev.2020.103477""",938
938,458,458,0.0,90.0,0.0,0.0,402,402,False,KOI-KAZ Kokchevtav-Ishim - Kazakhstan,939
939,458,458,250.0,90.0,0.0,0.0,402,402,False,"KOI-KAZ Kokchevtav-Ishim - Kazakhstan  @REF Domeier_Torsvik_2014 @DOI""10.1016/j.gsf.2014.01.002""",940
940,458,458,470.0,90.0,0.0,0.0,402,402,False,"KOI-KAZ Time of Devonian Magmatism				  @REF Domeier_Torsvik_2014 @DOI""10.1016/j.gsf.2014.01.002""",941
941,459,459,0.0,90.0,0.0,0.0,402,402,False,NTI-KAZ North Tien Shan-Kazakhstan,942
942,459,459,300.0,90.0,0.0,0.0,402,402,False,"NTI-KAZ North Tien Shan-Kazakhstan  @REF Domeier_Torsvik_2014 @DOI""10.1016/j.gsf.2014.01.002""",943
943,459,459,300.0,90.0,0.0,0.0,302,302,False,"NTI-BAL North Tien Shan-Baltica  @REF Domeier_Torsvik_2014 @DOI""10.1016/j.gsf.2014.01.002""",944
944,459,459,310.0,90.0,0.0,0.0,302,302,False,NTI-BAL,945
945,459,459,310.0,35.0516,-114.295,-61.4332,1002,1002,False,"NTI-SIB2 North Tien Shan-Proto-Kazakhstania terrane 2 @REF Domeier_Torsvik_2014 @DOI""10.1016/j.gsf.2014.01.002""",946
946,459,459,320.0,-4.2566,48.3245,75.8397,1002,1002,False,"NTI-SIB2 @REF Domeier_Torsvik_2014 @DOI""10.1016/j.gsf.2014.01.002""",947
947,459,459,330.0,-29.9766,58.9212,63.0604,1002,1002,False,"NTI-SIB2 @REF Domeier_Torsvik_2014 @DOI""10.1016/j.gsf.2014.01.002""",948
948,459,459,340.0,60.7492,-92.5627,-63.998,1002,1002,False,"NTI-SIB2 @REF Domeier_Torsvik_2014 @DOI""10.1016/j.gsf.2014.01.002""",949
949,459,459,350.0,67.381,-66.635,-71.3382,1002,1002,False,"NTI-SIB2 @REF Domeier_Torsvik_2014 @DOI""10.1016/j.gsf.2014.01.002""",950
950,459,459,360.0,67.0188,-16.841,-89.251,1002,1002,False,"NTI-SIB2 @REF Domeier_Torsvik_2014 @DOI""10.1016/j.gsf.2014.01.002""",951
951,459,459,360.0,-50.8336,-59.0386,40.9913,580,580,False,"NTI-TAR North Tien Shan-Tarim @REF Domeier_Torsvik_2014 @DOI""10.1016/j.gsf.2014.01.002""",952
952,459,459,390.0,-36.9483,-93.268,64.88,580,580,False,"NTI-TAR @REF Domeier_Torsvik_2014 @DOI""10.1016/j.gsf.2014.01.002""",953
953,459,459,410.0,-31.7453,-72.3716,47.0466,580,580,False,"NTI-TAR @REF Domeier_Torsvik_2014 @DOI""10.1016/j.gsf.2014.01.002""",954
954,459,459,440.0,-48.3132,-88.8394,104.6876,580,580,False,"NTI-TAR @REF @REF Merdith_++_2021 @DOI""10.1016/j.earscirev.2020.103477""",955
955,459,459,470.0,-34.9235,-74.881,80.6019,580,580,False,"NTI-TAR @REF @REF Merdith_++_2021 @DOI""10.1016/j.earscirev.2020.103477""",956
956,459,459,490.0,-34.4145,-67.0107,53.7243,580,580,False,,957
957,459,459,550.0,-65.2427,-77.2754,62.6412,580,580,False,"NTI-TAR @REF @REF Merdith_++_2021 @DOI""10.1016/j.earscirev.2020.103477""",958
958,459,459,550.0,29.2049,-116.7009,-39.4957,501,501,False,"NTI-IND North Tien Shan-India @REF @REF Merdith_++_2021 @DOI""10.1016/j.earscirev.2020.103477""",959
959,459,459,750.0,29.2049,-116.7009,-39.4957,501,501,False,"NTI-IND @REF @REF Merdith_++_2021 @DOI""10.1016/j.earscirev.2020.103477""",960
960,459,459,750.0,65.8526,58.6284,-51.879,505,505,False,"NTI-LUT North Tien Shan-Lut @REF @REF Merdith_++_2021 @DOI""10.1016/j.earscirev.2020.103477""",961
961,459,459,1010.0,65.8526,58.6284,-51.879,505,505,False,"NTI-LUT @REF @REF Merdith_++_2021 @DOI""10.1016/j.earscirev.2020.103477""",962
962,460,460,0.0,90.0,0.0,0.0,402,402,False,CUI-KAZ Chu-Ili - Kazakhstan,963
963,460,460,300.0,90.0,0.0,0.0,402,402,False,"CUI-KAZ @REF Domeier_Torsvik_2014 @DOI""10.1016/j.gsf.2014.01.002""",964
964,460,460,300.0,90.0,0.0,0.0,459,459,False,"CUI-NTI Chu-Ili-North Tien Shan @REF Domeier_Torsvik_2014 @DOI""10.1016/j.gsf.2014.01.002""",965
965,460,460,470.0,90.0,0.0,0.0,459,459,False,"CUI-NTI @REF @REF Merdith_++_2021 @DOI""10.1016/j.earscirev.2020.103477""",966
966,460,460,490.0,7.9088,-22.4491,10.5797,459,459,False,"CUI-NTI @REF @REF Merdith_++_2021 @DOI""10.1016/j.earscirev.2020.103477""",967
967,460,460,550.0,44.5327,77.6086,43.8115,459,459,False,"CUI-NTI @REF @REF Merdith_++_2021 @DOI""10.1016/j.earscirev.2020.103477""",968
968,460,460,750.0,44.5327,77.6086,43.8115,459,459,False,,969
969,460,460,1010.0,44.5327,77.6086,43.8115,459,459,False,"CUI-NTI @REF @REF Merdith_++_2021 @DOI""10.1016/j.earscirev.2020.103477""",970
970,461,461,0.0,90.0,0.0,0.0,402,402,False,ATZ-KAZ Atashu-Zhamshi - Kazakhstan,971
971,461,461,470.0,90.0,0.0,0.0,402,402,False,"ATZ-KAZ @REF Domeier_Torsvik_2014 @DOI""10.1016/j.gsf.2014.01.002""",972
972,462,462,0.0,90.0,0.0,0.0,402,402,False,TBG-KAZ Tarbagatay Range Terrane-Kazakhstan,973
973,462,462,470.0,90.0,0.0,0.0,402,402,False,"TBG-KAZ  @REF Domeier_Torsvik_2014 @DOI""10.1016/j.gsf.2014.01.002""",974
974,463,463,0.0,90.0,0.0,0.0,402,402,False,NBA-KAZ North Balkhash-Kazakhstan,975
975,463,463,610.0,90.0,0.0,0.0,402,402,False,"NBA-KAZ  @REF Domeier_Torsvik_2014 @DOI""10.1016/j.gsf.2014.01.002""",976
976,464,464,0.0,90.0,0.0,0.0,402,402,False,JBA-KAZ Junggar-Balkash - Kazakhstan,977
977,464,464,610.0,90.0,0.0,0.0,402,402,False,"JBA-KAZ @REF Domeier_Torsvik_2014 @DOI""10.1016/j.gsf.2014.01.002""",978
978,465,465,0.0,90.0,0.0,0.0,402,402,False,TOU-KAZ Tourgai-Kazakhstan,979
979,465,465,610.0,90.0,0.0,0.0,402,402,False,"TOU-KAZ  @REF Domeier_Torsvik_2014 @DOI""10.1016/j.gsf.2014.01.002""",980
980,466,466,0.0,90.0,0.0,0.0,402,402,False,CTI-KAZ Central Tien Shan-Kazakhstan,981
981,466,466,300.0,90.0,0.0,0.0,402,402,False,"CTI-KAZ accreted  @REF Domeier_Torsvik_2014 @DOI""10.1016/j.gsf.2014.01.002""",982
982,466,466,300.0,90.0,0.0,0.0,459,459,False,CTI-NTI Central Tien Shan-North Tien shan,983
983,466,466,470.0,90.0,0.0,0.0,459,459,False,"CTI-NTI @REF @REF Merdith_++_2021 @DOI""10.1016/j.earscirev.2020.103477"", @xo_yf",984
984,466,466,520.0,48.816,95.4337,9.054,459,459,False,"CTI-TAR @REF @REF Merdith_++_2021 @DOI""10.1016/j.earscirev.2020.103477""",985
985,466,466,550.0,48.816,95.4337,9.054,459,459,False,,986
986,466,466,550.0,69.5679,48.9073,-43.8703,505,505,False,"CTI-TAR @REF @REF Merdith_++_2021 @DOI""10.1016/j.earscirev.2020.103477""",987
987,466,466,600.0,69.5679,48.9073,-43.8703,505,505,False,,988
988,466,466,750.0,69.5679,48.9073,-43.8703,505,505,False,,989
989,466,466,1010.0,69.5679,48.9073,-43.8703,505,505,False,"CTI-LUT @REF @REF Merdith_++_2021 @DOI""10.1016/j.earscirev.2020.103477""",990
990,467,467,0.0,90.0,0.0,0.0,402,402,False,STI-KAZ South Tien Shan-Kazakhstan,991
991,467,467,300.0,90.0,0.0,0.0,402,402,False,"STI-KAZ  @REF Domeier_Torsvik_2014 @DOI""10.1016/j.gsf.2014.01.002""",992
992,467,467,300.0,90.0,0.0,0.0,466,466,False,"STI-CTI South Tien Shan-Central Tien Shan  @REF @REF Merdith_++_2021 @DOI""10.1016/j.earscirev.2020.103477""",993
993,467,467,610.0,90.0,0.0,0.0,466,466,False,"STI-CTI @REF @REF Merdith_++_2021 @DOI""10.1016/j.earscirev.2020.103477""",994
994,468,468,0.0,90.0,0.0,0.0,402,402,False,WSI-KAZ West Siberian Basin-Kazakhstan,995
995,468,468,610.0,90.0,0.0,0.0,402,402,False,"WSI-KAZ  @REF Domeier_Torsvik_2014 @DOI""10.1016/j.gsf.2014.01.002""",996
996,498,498,0.0,90.0,0.0,0.0,499,499,False,JUN1-JUN2 Junction plate 1-Junction plate 2,997
997,498,498,80.0,55.87,-144.58,-16.79,499,499,False,"JUN1-JUN2 @REF Seton_++_2012 @DOI""10.1016/j.earscirev.2012.03.002""",998
998,498,498,200.0,55.87,-144.58,-16.79,499,499,False,"JUN1-JUN2 @REF Seton_++_2012 @DOI""10.1016/j.earscirev.2012.03.002""",999
999,498,498,220.0,56.06,-144.31,-23.53,499,499,False,"JUN1-JUN2 @REF Seton_++_2012 @DOI""10.1016/j.earscirev.2012.03.002""",1000
1000,498,498,240.0,56.26,-144.76,-30.38,499,499,False,"JUN1-JUN2 @REF Seton_++_2012 @DOI""10.1016/j.earscirev.2012.03.002""",1001
1001,498,498,250.0,56.21,-144.57,-33.75,499,499,False,JUN1-JUN2 Junction plate 1-Junction plate 2 Seton et al. (2012),1002
1002,498,498,260.0,56.16,-144.41,-37.12,499,499,False,JUN1-JUN2 Seton et al. (2012),1003
1003,498,498,410.0,56.16,-144.41,-37.12,499,499,False,JUN1-JUN2 Seton et al. (2012),1004
1004,499,499,0.0,-23.0033,43.5815,0.3366,780,780,False,JUN2-NPMOL Junction plate 2-North Proto Molucca Isochrons,1005
1005,499,499,60.0,-26.6914,-68.5515,-141.1774,780,780,False,JUN2-NPMOL @absage,1006
1006,499,499,115.0,-26.6914,-68.5515,-141.1774,780,780,False,JUN2-NPMOL @xo_os @absage,1007
1007,499,499,115.0,-41.79,-75.89,-122.48,534,534,False,JUN2-CMT2 Junction plate 2-Central Mesotethys 2 Calculated interactively by GPlates @absage,1008
1008,499,499,120.6,39.85,104.4,122.08,534,534,False,JUN2-CMT2 Calculated interactively by GPlates @absage,1009
1009,499,499,158.0,34.75,96.62,107.02,534,534,False,"JUN2-CMT2 @REF Zahirovic_++_2014 @DOI""10.5194/se-5-227-2014"", Initiation of triple junction @absage",1010
1010,499,499,410.0,34.75,96.62,107.02,534,534,False,JUN2-EMT2 Zahirovic et al. (2014),1011
1011,501,501,0.0,90.0,0.0,0.0,511,511,False,IND-CIB India Craton-Central Indian Basin,1012
1012,501,501,10.9,-8.7,76.9,2.75,511,511,False,"IND-CIB @REF Muller_++_1997 @DOI""10.1016/S0012-821X(97)00030-7"", @CHRONID""AN5""",1013
1013,501,501,20.1,-5.2,74.3,5.93,511,511,False,"IND-CIB @REF Royer_Chang_1991 @DOI""0148-0227/91/91JB-00897""",1014
1014,501,501,83.0,-5.2,74.3,5.93,511,511,False,"IND-CIB @REF Gibbons_++_2013 @DOI""10.1002/jgrb.50079"" @xo_ys",1015
1015,501,501,83.0,22.16,19.22,-52.74,702,702,False,"IND-MAD India Craton-Madagascar @REF Gibbons_++_2013 @DOI""10.1002/jgrb.50079""",1016
1016,501,501,100.0,-23.19,-152.79,55.76,702,702,False,"IND-MAD @REF Gibbons_++_2013 @DOI""10.1002/jgrb.50079"" @absage, model-dependent",1017
1017,501,501,106.0,-23.19,-152.79,55.76,702,702,False,"IND-MAD @REF Gibbons_++_2013 @DOI""10.1002/jgrb.50079"" @absage, model-dependent",1018
1018,501,501,120.6,-24.58,-153.92,54.51,702,702,False,"IND-MAD @REF Gibbons_++_2013 @DOI""10.1002/jgrb.50079""",1019
1019,501,501,121.0,-24.26,-154.3,54.72,702,702,False,"IND-MAD @REF Gibbons_++_2013 @DOI""10.1002/jgrb.50079""",1020
1020,501,501,123.6,-23.23,-154.61,55.69,702,702,False,"IND-MAD @REF Gibbons_++_2013 @DOI""10.1002/jgrb.50079""",1021
1021,501,501,125.7,-22.26,-155.38,56.56,702,702,False,"IND-MAD @REF Gibbons_++_2013 @DOI""10.1002/jgrb.50079"" @xo_ys",1022
1022,501,501,125.7,0.81,-170.1,84.93,802,802,False,"IND-ANT @REF Gibbons_++_2013 @DOI""10.1002/jgrb.50079""",1023
1023,501,501,127.8,1.23,-169.31,85.31,802,802,False,"IND-ANT India Craton-Antarctica @REF Gibbons_++_2013 @DOI""10.1002/jgrb.50079""",1024
1024,501,501,128.3,1.3900000000000001,-169.17,85.57,802,802,False,"IND-ANT @REF Gibbons_++_2013 @DOI""10.1002/jgrb.50079""",1025
1025,501,501,136.0,2.74,-167.11,87.28,802,802,False,"IND-ANT @REF Gibbons_++_2013 @DOI""10.1002/jgrb.50079"" @absage, model-dependent",1026
1026,501,501,160.0,3.64,-165.79,88.28,802,802,False,"IND-ANT @REF Gibbons_++_2013 @DOI""10.1002/jgrb.50079"" @absage, model-dependent",1027
1027,501,501,410.0,3.64,-165.79,88.28,802,802,False,"IND-ANT @REF Gibbons_++_2013 @DOI""10.1002/jgrb.50079"" @absage, model-dependent",1028
1028,501,501,410.0,-28.7615,-136.945,63.0581,701,701,False,"IND-CON India-Congo @REF Gibbons_++_2013 @DOI""10.1002/jgrb.50079"" @absage, model-dependent",1029
1029,501,501,520.0,-28.7615,-136.945,63.0581,701,701,False,"IND-CON @REF Gibbons_++_2013 @DOI""10.1002/jgrb.50079"" @absage, model-dependent",1030
1030,501,501,550.0,-28.7615,-136.945,63.0581,701,701,False,"IND-CON @REF Gibbons_++_2013 @DOI""10.1002/jgrb.50079"" @absage, model-dependent",1031
1031,501,501,600.0,-22.4393,-126.0893,61.8855,701,701,False,IND-CON @REF Merdith et al. (2017),1032
1032,501,501,650.0,-7.6743,-121.907,65.2803,701,701,False,IND-CON @REF Merdith et al. (2017),1033
1033,501,501,650.0,22.4092,-126.959,33.4888,801,801,False,IND-AUS India-Australia @REF Merdith et al. (2017),1034
1034,501,501,670.0,22.4092,-126.959,33.4888,801,801,False,IND-AUS @REF Merdith et al. (2017),1035
1035,501,501,720.0,14.0696,-144.3358,27.2945,801,801,False,IND-AUS @REF Merdith et al. (2017),1036
1036,501,501,720.0,43.8407,-143.278,-61.85,0,000,False,IND-000 India-Spin Axis @REF Merdith et al. (2017),1037
1037,501,501,760.0,-73.9975,-52.1125,64.4845,0,000,False,IND-000 @REF Merdith et al. (2017),1038
1038,501,501,810.0,-41.7956,-23.3052,85.4282,0,000,False,IND-000 @REF Merdith et al. (2017),1039
1039,501,501,930.0,45.32,174.48,-102.12,0,000,False,IND-000 @REF Merdith et al. (2017),1040
1040,501,501,1025.0,56.63,-124.17,-114.2,0,000,False,IND-000 @REF Merdith et al. (2017),1041
1041,501,501,1100.0,57.43,-106.87,-113.03,0,000,False,IND-000 @REF Merdith et al. (2017),1042
1042,502,502,0.0,90.0,0.0,0.0,501,501,False,SLK-IND Sri Lanka-India,1043
1043,502,502,116.0,90.0,0.0,0.0,501,501,False,"SLK-IND @REF Gibbons_++_2013 @DOI""10.1002/jgrb.50079"" @absage, model-dependent",1044
1044,502,502,126.0,9.66,79.95,-43.96,501,501,False,"SLK-IND @REF Gibbons_++_2013 @DOI""10.1002/jgrb.50079"" @absage, model-dependent",1045
1045,502,502,410.0,9.66,79.95,-43.96,501,501,False,SLK-IND Gibbons 2012,1046
1046,502,502,520.0,9.66,79.95,-43.96,501,501,False,SLK-IND,1047
1047,502,502,520.0,9.66,79.95,-43.96,5014,5014,False,"SLK-NGC Sri Lanka-Nagercoil Block (India/TOAST) @REF @REF Merdith_++_2021 @DOI""10.1016/j.earscirev.2020.103477""",1048
1048,502,502,1100.0,9.66,79.95,-43.96,5014,5014,False,"SLK-NGC @REF @REF Merdith_++_2021 @DOI""10.1016/j.earscirev.2020.103477""",1049
1049,503,503,0.0,90.0,0.0,0.0,709,709,False,ARA-SOM Arabia-Somalia,1050
1050,503,503,2.6,23.67,22.21,-0.9400000000000001,709,709,False,"ARA-SOM @REF Fournier_++_2010 @DOI""10.1029/2008JB006257"", @CHRONID""C2An.1y""",1051
1051,503,503,3.6,21.28,28.5,-1.62,709,709,False,"ARA-SOM @REF Fournier_++_2010 @DOI""10.1029/2008JB006257"", @CHRONID""C2An.3o""",1052
1052,503,503,6.0,25.46,25.41,-2.4,709,709,False,"ARA-SOM @REF Fournier_++_2010 @DOI""10.1029/2008JB006257"", @CHRONID""C3An.1y""",1053
1053,503,503,8.8,22.56,27.71,-3.98,709,709,False,"ARA-SOM @REF Fournier_++_2010 @DOI""10.1029/2008JB006257"", @CHRONIS""C4Ay""",1054
1054,503,503,11.0,23.88,26.66,-4.74,709,709,False,"ARA-SOM @REF Fournier_++_2010 @DOI""10.1029/2008JB006257"", @CHRONID""C5n.2o""",1055
1055,503,503,16.0,25.85,25.4,-6.85,709,709,False,"ARA-SOM @REF Fournier_++_2010 @DOI""10.1029/2008JB006257"", @CHRONID""C5Cn.1y""",1056
1056,503,503,17.5,26.1,22.98,-7.28,709,709,False,"ARA-SOM @REF Fournier_++_2010 @DOI""10.1029/2008JB006257"", @CHRONID""C5Do""",1057
1057,503,503,19.7,26.46,21.66,-7.83,709,709,False,"ARA-SOM @REF Fournier_++_2010 @DOI""10.1029/2008JB006257"", @CHRONID""C6no""",1058
1058,503,503,520.0,26.46,21.66,-7.83,709,709,False,ARA-SOM,1059
1059,503,503,520.0,-29.2235,-133.948,-55.8894,501,501,False,"OMB-IND Omani Basement-India @REF @REF Merdith_++_2021 @DOI""10.1016/j.earscirev.2020.103477""",1060
1060,503,503,1010.0,-29.2235,-133.948,-55.8894,501,501,False,"OMB-IND  @REF @REF Merdith_++_2021 @DOI""10.1016/j.earscirev.2020.103477""",1061
1061,504,504,0.0,90.0,0.0,0.0,301,301,False,TAR-EUR Taurus (Turkey)-Northern European Craton (Eurasia),1062
1062,504,504,250.0,90.0,0.0,0.0,301,301,False,TAR-EUR @absage,1063
1063,505,505,0.0,90.0,0.0,0.0,302,302,False,IRN-BAL Iran (Lut)-Baltic Shield,1064
1064,505,505,180.0,90.0,0.0,0.0,302,302,False,IRN-BAL collision @absage,1065
1065,505,505,200.0,47.915,7.6586,-4.1535,302,302,False,IRN-BAL Young et al. (this study),1066
1066,505,505,230.0,47.915,7.6586,-35.777,302,302,False,IRN-BAL Young et al. (this study),1067
1067,505,505,250.0,47.915,7.6586,-62.61,302,302,False,IRN-BAL altered Young et al. (2019) to prevent overlap,1068
1068,505,505,275.0,49.1,2.32,-67.97,302,302,False,"IRN-BAL  @absage  @xo_ys   @REF Matthews_et_al_2016 @DOI""10.1016/j.gloplacha.2016.10.002""",1069
1069,505,505,275.0,10.3591,8.6883,7.0404,503,503,False,IRN-ARA Iran-Arabia Muller et al. 2008 @absage  altered Young et al. (2019) to prevent overlap,1070
1070,505,505,820.0,10.3591,8.6883,7.0404,503,503,False,"IRN-OMB Iran-Omani Basement  @REF @REF Merdith_++_2021 @DOI""10.1016/j.earscirev.2020.103477""",1071
1071,505,505,1000.0,-14.457699999999999,-173.3407,-20.7976,503,503,False,"IRN-OMB  @REF @REF Merdith_++_2021 @DOI""10.1016/j.earscirev.2020.103477""",1072
1072,505,505,1010.0,-14.457699999999999,-173.3407,-20.7976,503,503,False,"IRN-OMB  @REF @REF Merdith_++_2021 @DOI""10.1016/j.earscirev.2020.103477""",1073
1073,506,506,0.0,90.0,0.0,0.0,505,505,False,AFF-IRN Afghanistan (Farah)-Iran,1074
1074,506,506,150.0,90.0,0.0,0.0,505,505,False,AFF-IRN,1075
1075,506,506,200.0,26.64,48.66,-34.58,505,505,False,AFF-IRN @REF Gibbons_++_2015,1076
1076,506,506,265.0,26.64,48.66,-34.58,505,505,False,"AFF-IRN   @REF Matthews_et_al_2016 @DOI""10.1016/j.gloplacha.2016.10.002""",1077
1077,506,506,285.0,-27.71,-122.77,61.97,505,505,False,"AFF-IRN predrift	extension  @REF Domeier_Torsvik_2014 @DOI""10.1016/j.gsf.2014.01.002""",1078
1078,506,506,1000.0,-27.71,-122.77,61.97,505,505,False,"AFF-IRN PM Tuned longitude tht12  @REF Domeier_Torsvik_2014 @DOI""10.1016/j.gsf.2014.01.002""",1079
1079,506,506,1010.0,-27.71,-122.77,61.97,505,505,False,"AFF-IRN PM Tuned longitude tht12  @REF Domeier_Torsvik_2014 @DOI""10.1016/j.gsf.2014.01.002""",1080
1080,508,508,0.0,90.0,0.0,0.0,503,503,False,SIN-ARB Sinai-Arabia,1081
1081,508,508,15.0,33.0,21.0,-3.0,503,503,False,"SIN-ARB @REF Badawya_Horvath_1999 @DOI""10.1016/S0264-3707(98)00023-4""",1082
1082,508,508,410.0,33.0,21.0,-3.0,503,503,False,SIN-ARB,1083
1083,508,508,410.0,30.0516,23.6575,-12.0352,715,715,False,SIN-SMC Sinai-Sahara Metacraton,1084
1084,508,508,520.0,30.0516,23.6575,-12.0352,715,715,False,SIN-SMC,1085
1085,508,508,520.0,30.0516,23.6575,-12.0352,5901,5901,False,SIN-ANS Sinai-ANS,1086
1086,508,508,710.0,30.0516,23.6575,-12.0352,5901,5901,False,SIN-ANS,1087
1087,508,508,710.0,30.0516,23.6575,-12.0352,5905,5905,False,SIN-ANS,1088
1088,508,508,740.0,21.3699,18.6871,23.0917,5905,5905,False,SIN-ANS,1089
1089,508,508,810.0,20.1176,18.042,23.2239,5905,5905,False,SIN-ANS,1090
1090,508,508,810.0,32.7628,24.2348,53.6805,715,715,False,SIN-SMC Sinai-Sahara Metacraton,1091
1091,508,508,1000.0,32.7628,24.2348,53.6805,715,715,False,SIN-SMC,1092
1092,508,508,1010.0,32.7628,24.2348,53.6805,715,715,False,SIN-SMC,1093
1093,509,509,0.0,90.0,0.0,0.0,508,508,False,LEB-AFR Lebanon-Africa,1094
1094,509,509,250.0,90.0,0.0,0.0,508,508,False,LEB-AFR,1095
1095,511,511,0.0,90.0,0.0,0.0,802,802,False,CIB-ANT Central Indian Basin-Antarctica,1096
1096,511,511,10.9,13.1,36.1,-6.61,802,802,False,"CIB-ANT @REF Royer_Chang_1991 @DOI""0148-0227/91/91JB-00897"", @CHRONID""AN5""",1097
1097,511,511,20.1,15.4,32.7,-11.97,802,802,False,"CIB-ANT @REF Royer_Chang_1991 @DOI""0148-0227/91/91JB-00897"", @CHRONID""AN6""",1098
1098,511,511,33.1,13.8,33.4,-20.41,802,802,False,"CIB-ANT @REF Royer_Chang_1991 @DOI""0148-0227/91/91JB-00897"", @CHRONID""AN13""",1099
1099,511,511,40.1,17.1,30.6,-23.68,802,802,False,"CIB-ANT @REF Royer_Chang_1991 @DOI""0148-0227/91/91JB-00897"", @CHRONID""AN18"", &  @REF Muller_++_2008 @DOI""10.1029/2007GC001743"" @xo_ys",1100
1100,511,511,40.1,-18.04,-131.18,22.52,701,701,False,"CIB-AFR Central Indian Basin-Africa cross over, @REF Muller_++_2008 @DOI""10.1029/2007GC001743""",1101
1101,511,511,42.5,-17.71,-132.1,23.13,701,701,False,"CIB-AFR @REF Cande_++_2010 @DOI""10.1111/j.1365-246X.2010.04737.x"" SWIR @CHRONID""c20y",1102
1102,511,511,43.8,-18.33,-132.74,23.42,701,701,False,"CIB-AFR @REF Cande_++_2010 @DOI""10.1111/j.1365-246X.2010.04737.x"" SWIR @CHRONID""c20o""",1103
1103,511,511,46.3,-17.23,-133.12,24.83,701,701,False,"CIB-AFR @REF Cande_++_2010 @DOI""10.1111/j.1365-246X.2010.04737.x"" SWIR @CHRONID""c21y""",1104
1104,511,511,47.9,-17.1,-133.86,25.94,701,701,False,"CIB-AFR @REF Cande_++_2010 @DOI""10.1111/j.1365-246X.2010.04737.x"" SWIR @CHRONID""c21o""",1105
1105,511,511,49.7,-17.79,-136.76,26.79,701,701,False,"CIB-AFR @REF Cande_++_2010 @DOI""10.1111/j.1365-246X.2010.04737.x"" SWIR @CHRONID""c22o""",1106
1106,511,511,51.7,-15.99,-138.39,29.62,701,701,False,"CIB-AFR @REF Cande_++_2010 @DOI""10.1111/j.1365-246X.2010.04737.x"" SWIR @CHRONID""c23o""",1107
1107,511,511,53.3,-15.9,-140.95,31.47,701,701,False,"CIB-AFR @REF Cande_++_2010 @DOI""10.1111/j.1365-246X.2010.04737.x"" SWIR @CHRONID""c24o""",1108
1108,511,511,55.9,-15.94,-144.21,34.12,701,701,False,"CIB-AFR @REF Cande_++_2010 @DOI""10.1111/j.1365-246X.2010.04737.x"" SWIR @CHRONID""c25y"" @xo_ys",1109
1109,511,511,55.9,12.58,19.47,-37.56,802,802,False,"CIB-ANT Central Indian Basin-Antarctica crossover @REF Gibbons_++_2013 @DOI""10.1002/jgrb.50079""",1110
1110,511,511,61.7,-12.33,-165.16,42.48,802,802,False,"CIB-ANT @REF Gibbons_++_2013 @DOI""10.1002/jgrb.50079""",1111
1111,511,511,64.4,-11.88,-167.56,45.94,802,802,False,"CIB-ANT @REF Gibbons_++_2013 @DOI""10.1002/jgrb.50079""",1112
1112,511,511,67.7,-12.08,-170.04,50.23,802,802,False,"CIB-ANT @REF Gibbons_++_2013 @DOI""10.1002/jgrb.50079"" edited age @AU NW, @T 2015 @CHRONID""31y""",1113
1113,511,511,71.0,-10.85,-169.44,53.41,802,802,False,"CIB-ANT @REF Gibbons_++_2013 @DOI""10.1002/jgrb.50079""",1114
1114,511,511,73.3,-10.18,-168.16,55.59,802,802,False,"CIB-ANT @REF Gibbons_++_2013 @DOI""10.1002/jgrb.50079""",1115
1115,511,511,79.5,-9.54,-168.55,60.72,802,802,False,"CIB-ANT @REF Gibbons_++_2013 @DOI""10.1002/jgrb.50079""",1116
1116,511,511,83.0,-8.69,-168.82,65.3,802,802,False,"CIB-ANT @REF Gibbons_++_2013 @DOI""10.1002/jgrb.50079"" @xo_ys",1117
1117,511,511,83.0,-5.2,74.3,-5.93,501,501,False,"CIB-IND Central Indian Basin-India Craton crossover @REF Gibbons_++_2013 @DOI""10.1002/jgrb.50079""",1118
1118,511,511,250.0,-5.2,74.3,-5.93,501,501,False,"CIB-IND @REF Gibbons_++_2013 @DOI""10.1002/jgrb.50079""",1119
1119,514,514,0.0,90.0,0.0,0.0,802,802,False,ELA-ANT Elan Bank,1120
1120,514,514,115.0,90.0,0.0,0.0,802,802,False,"ELA-ANT Elan Bank @REF Gibbons_++_2013 @DOI""10.1002/jgrb.50079"", & @REF Ana_Gibbons_phd_2012 @absage, model dependent @xo_ys",1121
1121,514,514,115.0,-2.27,-169.22,-79.04,501,501,False,"ELA-IND Elan Bank @REF Gibbons_++_2013 @DOI""10.1002/jgrb.50079"", & @REF Ana_Gibbons_phd_2012 @absage, model dependent",1122
1122,514,514,116.0,2.13,10.63,79.46,501,501,False,"ELA-IND Elan Bank @REF Gibbons_++_2013 @DOI""10.1002/jgrb.50079"", & @REF Ana_Gibbons_phd_2012 @absage, model dependent",1123
1123,514,514,250.0,2.13,10.63,79.46,501,501,False,ELA-IND Elan Bank,1124
1124,517,517,0.0,90.0,0.0,0.0,518,518,False,WKOHA-KOHA West Kohistan Arc - Kohistan Arc,1125
1125,517,517,35.0,90.0,0.0,0.0,518,518,False,"WKOHA-KOHA @REF Zahirovic_++_2014 @DOI""10.5194/se-5-227-2014"" @absage",1126
1126,517,517,53.0,35.71,73.89,-26.12,518,518,False,WKOHA-KOHA Initiation of curvature due to collision with Greater India @absage,1127
1127,517,517,610.0,35.71,73.89,-26.12,518,518,False,WKOHA-KOHA Zahirovic et al. (2014),1128
1128,518,518,0.0,90.0,0.0,0.0,529,529,False,KOHA-KOH Kohistan Arc - Kohistan back-arc,1129
1129,518,518,35.0,90.0,0.0,0.0,529,529,False,"KOHA-KOH @REF Zahirovic_++_2014 @DOI""10.5194/se-5-227-2014"" @absage",1130
1130,518,518,53.0,-34.99,15.39,-2.66,529,529,False,"KOHA-KOH @REF Zahirovic_++_2014 @DOI""10.5194/se-5-227-2014"" @absage",1131
1131,518,518,130.0,-34.99,15.39,-2.66,529,529,False,"KOHA-KOH @REF Zahirovic_++_2014 @DOI""10.5194/se-5-227-2014"" @absage",1132
1132,518,518,610.0,-34.99,15.39,-2.66,529,529,False,KOHA-KOH Zahirovic et al. (2014),1133
1133,520,520,0.0,90.0,0.0,0.0,526,526,False,WPT-EPT Western Pontides-Eastern Pontides,1134
1134,520,520,250.0,90.0,0.0,0.0,526,526,False,WPT-EPT Western Pontides-Eastern Pontides MH2014  Hosseinpour et al. (2016),1135
1135,520,520,610.0,90.0,0.0,0.0,526,526,False,WPT-EPT MH2014,1136
1136,521,521,0.0,90.0,0.0,0.0,301,301,False,SAK-EUR Sakarya-Northern European Craton,1137
1137,521,521,230.0,90.0,0.0,0.0,301,301,False,SAK-EUR Hosseinpour_++_(in review),1138
1138,521,521,250.0,49.25,15.0,-32.5,301,301,False,SAK-EUR Sakarya-Northern European Craton MH2014  Hosseinpour et al. (2016),1139
1139,521,521,270.0,49.25,15.0,-65.0,301,301,False,SAK-EUR MH2014,1140
1140,521,521,610.0,49.25,15.0,-65.0,301,301,False,SAK-EUR MH2014,1141
1141,522,522,0.0,90.0,0.0,0.0,521,521,False,MTB-SAK Menderes Taurides block-Sakhariya,1142
1142,522,522,10.9,90.0,0.0,0.0,521,521,False,"MTB-SAK @REF Schettino_Turco_2011 @DOI""10.1130/B30064.1""",1143
1143,522,522,33.1,-10.91,109.46,2.5,521,521,False,"MTB-SAK @REF Schettino_Turco_2011 @DOI""10.1130/B30064.1""",1144
1144,522,522,40.1,-10.91,109.46,2.84,521,521,False,"MTB-SAK @REF Schettino_Turco_2011 @DOI""10.1130/B30064.1""",1145
1145,522,522,55.9,-44.68,-173.52,14.54,521,521,False,"MTB-SAK @REF Hosseinpour_++_(in review) @Au MHV, @T 2014 @xo_ys",1146
1146,522,522,55.9,-47.54,-84.05,4.88,307,307,False,"MTB-ADR Menderes Taurides block-Adria @REF Hosseinpour_++_(in review) @Au MHV, @T 2014",1147
1147,522,522,60.0,-47.91,-83.23,4.8,307,307,False,MTB-ADR MHV2014 Hosseinpour_++_(in review),1148
1148,522,522,67.7,-49.39,-83.25,5.28,307,307,False,"MTB-ADR @REF Schettino_Turco_2011 @DOI""10.1130/B30064.1""",1149
1149,522,522,100.0,-49.39,-83.25,5.28,307,307,False,"MTB-ADR @REF Schettino_Turco_2011 @DOI""10.1130/B30064.1"" @xo_ys",1150
1150,522,522,100.0,-43.077,-129.9905,6.1729,346,346,False,"MTB-PEL Menderes Taurides block-Peloponnese @REF Schettino_Turco_2011 @DOI""10.1130/B30064.1"", cross-over recalculated by @Au MH, @T 26012014",1151
1151,522,522,240.0,43.077,50.0095,-6.1729,346,346,False,"MTB-PEL @REF Schettino_Turco_2011 @DOI""10.1130/B30064.1"" @xo_ys",1152
1152,522,522,240.0,39.769800000000004,43.6977,-10.1136,715,715,False,"MTB-NEA Menderes Taurides block-NE Africa @REF Matthews_et_al_2016 @DOI""10.1016/j.gloplacha.2016.10.002""",1153
1153,522,522,610.0,39.769800000000004,43.6977,-10.1136,715,715,False,MTB-NEA   altered Young et al. (2019) to prevent overlap,1154
1154,525,525,0.0,90.0,0.0,0.0,522,522,False,KIR-MTB Kirsehir-Menderes Taurides block,1155
1155,525,525,67.7,90.0,0.0,0.0,522,522,False,"KIR-MTB @REF Schettino_Turco_2011 @DOI""10.1130/B30064.1""",1156
1156,525,525,75.0,44.75,11.84,4.44,522,522,False,"KIR-MTB @REF Schettino_Turco_2011 @DOI""10.1130/B30064.1""",1157
1157,525,525,185.0,44.75,11.84,4.44,522,522,False,"KIR-MTB @REF Schettino_Turco_2011 @DOI""10.1130/B30064.1"" @xo_ys",1158
1158,525,525,185.0,47.3,3.5300000000000002,-67.92,338,338,False,"KIR-RHO Kirsehir-Rhodopes @REF Schettino_Turco_2011 @DOI""10.1130/B30064.1"", cross-over recalculated by @Au MH, @T 26012014",1159
1159,525,525,200.0,47.3,3.5300000000000002,-67.92,338,338,False,"KIR-RHO @REF Schettino_Turco_2011 @DOI""10.1130/B30064.1"" @xo_ys",1160
1160,525,525,200.0,-32.132,-165.8725,-2.4566,522,522,False,"KIR-MTB Kirsehir-Menderes Taurides block @REF Schettino_Turco_2011 @DOI""10.1130/B30064.1"", cross-over recalculated by @Au MH, @Au 26012014",1161
1161,525,525,250.0,32.132,14.1275,2.4566,522,522,False,"KIR-MTB  Kirsehir-Menderes Taurides block Schettino and Turco 2011, MH26012014  Hosseinpour et al. (2016)",1162
1162,525,525,610.0,32.132,14.1275,2.4566,522,522,False,"KIR-MTB  Schettino and Turco 2011, MH26012014",1163
1163,526,526,0.0,90.0,0.0,0.0,301,301,False,EPT-EUR East Pontides-Northern European Craton,1164
1164,526,526,140.0,90.0,0.0,0.0,301,301,False,EPT-EUR,1165
1165,526,526,230.0,90.0,0.0,0.0,301,301,False,"EPT-EUR @REF Hosseinpour_++_(in review) @Au MHV, @T 2014",1166
1166,526,526,250.0,49.25,15.0,-32.5,301,301,False,EPT-EUR East Pontides-Northern European Craton MHV2014,1167
1167,526,526,270.0,49.25,15.0,-65.0,301,301,False,EPT-EUR MHV2014,1168
1168,526,526,270.0,-11.7489,-44.9722,8.5158,505,505,False,"EPT-LUT East Pontides-Lut @REF Merdith_++_2021 @DOI""10.1016/j.earscirev.2020.103477""",1169
1169,526,526,750.0,-11.7489,-44.9722,8.5158,505,505,False,"EPT-LUT @REF Merdith_++_2021 @DOI""10.1016/j.earscirev.2020.103477""",1170
1170,526,526,750.0,-34.4244,-106.0215,133.466,580,580,False,"EPT-TAR East Pontides-Tarim @REF Merdith_++_2021 @DOI""10.1016/j.earscirev.2020.103477""",1171
1171,526,526,1010.0,-34.4244,-106.0215,133.466,580,580,False,"EPT-TAR @REF Merdith_++_2021 @DOI""10.1016/j.earscirev.2020.103477""",1172
1172,528,528,0.0,90.0,0.0,0.0,529,529,False,NKOH-SKOH North Kohistan - South Kohistan back-arc,1173
1173,528,528,20.0,5.77,-28.85,26.88,529,529,False,"NKOH-SKOH @REF Gibbons_++_2015 @DOI""10.1016/j.gr.2015.01.001""",1174
1174,528,528,85.0,5.77,-28.85,26.88,529,529,False,"NKOH-SKOH @REF Gibbons_++_2015 @DOI""10.1016/j.gr.2015.01.001"",Subduction (slab-pull) between 103 and 85 Ma",1175
1175,528,528,103.0,5.31,-30.2,24.54,529,529,False,"NKOH-SKOH @REF Gibbons_++_2015 @DOI""10.1016/j.gr.2015.01.001"" @xo_os",1176
1176,528,528,103.0,90.0,0.0,0.0,606,606,False,"NKOH-STB @REF Gibbons_++_2015 @DOI""10.1016/j.gr.2015.01.001"", Initiation of subduction",1177
1177,528,528,610.0,90.0,0.0,0.0,606,606,False,NKOH-LHA Zahirovic et al. (2014),1178
1178,529,529,0.0,90.0,0.0,0.0,606,606,False,SKOH-STB South Kohistan back arc-Lhasa,1179
1179,529,529,43.0,9.3486,-37.8004,-3.7696,606,606,False,SKOH-STB @xo_of @absage,1180
1180,529,529,43.0,32.42,62.26,20.58,501,501,False,"SKOH-IND @REF Gibbons_++_2015 @DOI""10.1016/j.gr.2015.01.001"", Kohistan arc suturing to Karakoram and closure of Shyok suture @absage @xo_of",1181
1181,529,529,52.0,32.42,62.26,20.58,501,501,False,"SKOH-IND @REF Gibbons_++_2015 @DOI""10.1016/j.gr.2015.01.001"", @absage",1182
1182,529,529,58.0,32.33,54.86,21.2,501,501,False,"SKOH-IND Initial arc-continent collision between Greater India and Kohistan Arc,  @REF Gibbons_++_2015 @DOI""10.1016/j.gr.2015.01.001"" @xo_of @absage",1183
1183,529,529,58.0,-9.01,160.27,14.32,606,606,False,"SKOH-STB @REF Gibbons_++_2015 @DOI""10.1016/j.gr.2015.01.001"" @absage",1184
1184,529,529,65.0,7.91,-32.04,-18.28,606,606,False,"SKOH-STB @REF Gibbons_++_2015 @DOI""10.1016/j.gr.2015.01.001"" @absage",1185
1185,529,529,80.0,7.91,-32.04,-18.28,606,606,False,"SKOH-STB @REF Gibbons_++_2015 @DOI""10.1016/j.gr.2015.01.001"" @absage",1186
1186,529,529,103.0,5.31,-30.2,-24.54,606,606,False,"SKOH-STB @REF Gibbons_++_2015 @DOI""10.1016/j.gr.2015.01.001"", Initiation of north-dipping subduction along Lhasa @absage",1187
1187,529,529,126.0,8.93,-27.04,-19.05,606,606,False,"SKOH-STB @REF Gibbons_++_2015 @DOI""10.1016/j.gr.2015.01.001"" @absage",1188
1188,529,529,154.0,90.0,0.0,0.0,606,606,False,SKOH-STB Opening of back-arc along fore-arc segment of margin on southern Lhasa @absage,1189
1189,529,529,610.0,90.0,0.0,0.0,606,606,False,SKOH-LHA Zahirovic et al. (2014),1190
1190,530,530,0.0,90.0,0.0,0.0,534,534,False,CMT1-CMT2 Central Mesotethys 1-Central Mesotethys 2,1191
1191,530.0,530.0,80.0,25.978,49.9218,48.3649,534.0,534.0,0.0,,1192.0
1192,530,530,100.0,25.23,47.85,60.66,534,534,False,CMT1-CMT2 fixed to its conjugate @REF Gibbons_2012_PHD @absage,1193
1193,530,530,156.0,25.23,47.85,60.66,534,534,False,"CMT1-CMT2 fixed to its conjugate @REF Gibbons_2012_PHD @absage, model dependent @xo_ys",1194
1194,530,530,156.0,50.5218,-17.4312,-54.1064,505,505,False,"CMT1-IRN Central Mesotethys 1-Iran @REF Seton_++_2012 @DOI""10.1016/j.earscirev.2012.03.002"" @absage, model dependent",1195
1195,530,530,160.0,-54.8034,164.5074,61.0553,505,505,False,"CMT1-IRN @REF Seton_++_2012 @DOI""10.1016/j.earscirev.2012.03.002"" @absage",1196
1196,530,530,181.0,-56.8381,171.5793,82.1243,505,505,False,"CMT1-IRN @REF Seton_++_2012 @DOI""10.1016/j.earscirev.2012.03.002"" @absage",1197
1197,530,530,200.0,-55.6897,171.4619,78.3694,505,505,False,"CMT1-IRN @REF Seton_++_2012 @DOI""10.1016/j.earscirev.2012.03.002"" @absage",1198
1198,530,530,220.0,-63.0037,-176.9996,71.4896,505,505,False,"CMT1-IRN @REF Seton_++_2012 @DOI""10.1016/j.earscirev.2012.03.002"" @absage",1199
1199,530,530,240.0,-57.8058,171.0354,66.7041,505,505,False,"CMT1-IRN @REF Seton_++_2012 @DOI""10.1016/j.earscirev.2012.03.002"" @absage",1200
1200,530,530,250.0,-57.9257,170.6454,66.6741,505,505,False,CMT1-IRN Central Mesotethys 1-Iran Seton et al. (2012) @absage,1201
1201,530,530,260.0,-57.2957,170.9657,66.1442,505,505,False,CMT1-IRN Seton et al. (2012) @absage,1202
1202,530,530,280.0,-56.1881,172.2894,81.2243,505,505,False,CMT1-IRN Seton et al. (2012) @absage,1203
1203,530,530,400.0,-56.1881,172.2894,81.2243,505,505,False,CMT1-IRN Seton et al. (2012) @absage,1204
1204,531,531,0.0,90.0,0.0,0.0,544,544,False,ARB-IRN Isochrons of Meso Neotethys after introducing intra oceanic subduction zone,1205
1205,531,531,75.0,90.0,0.0,0.0,544,544,False,ARB-IRN Isochrons of Meso Neotethys after introducing intra oceanic subduction zone @xo_ys Hosseinpour_++_(in review),1206
1206,531,531,75.0,34.9613,-3.2845,-22.5911,505,505,False,ARB-IRN Isochrons of Meso Neotethys after introducing intra oceanic subduction zone Hosseinpour_++_(in review),1207
1207,531,531,100.0,34.9613,-3.2845,-22.5911,505,505,False,ARB-IRN Isochrons of Meso Neotethys after introducing intra oceanic subduction zone @xo_ys Hosseinpour_++_(in review),1208
1208,531,531,100.0,48.3301,-7.6123,13.3689,544,544,False,ARB-IRN Isochrons of Meso Neotethys after introducing intra oceanic subduction zone  Hosseinpour_++_(in review),1209
1209,531,531,250.0,59.2887,140.0677,6.3753,505,505,False,Isochrons of ARB-IRN Meso Neothetys after introducing intra oceanic subduction zone,1210
1210,531,531,250.0,90.0,0.0,0.0,544,544,False,ARB-IRN Isochrons of Meso Neotethys after introducing intra oceanic subduction zone @xo_ys,1211
1211,531,531,410.0,59.2887,140.0677,6.3753,505,505,False,Isochrons of ARB-IRN Meso Neothetys after introducing intra oceanic subduction zone,1212
1212,531,531,410.0,-59.2887,-39.9323,-6.3753,505,505,False,Isochrons of ARB-IRN Meso Neothetys after introducing intra oceanic subduction zone,1213
1213,531,531,610.0,-59.2887,-39.9323,-6.3753,505,505,False,Isochrons of ARB-IRN Meso Neothetys after introducing intra oceanic subduction zone,1214
1214,532,532,0.0,90.0,0.0,0.0,505,505,False,"EMT1-IRN Eastern Mesotethys 1-Iran, @REF Seton_++_2012 @DOI""10.1016/j.earscirev.2012.03.002""",1215
1215,532,532,90.0,-43.31,-35.1,19.62,505,505,False,"EMT1-IRN @REF Seton_++_2012 @DOI""10.1016/j.earscirev.2012.03.002"" @absage",1216
1216,532,532,100.0,-50.3,-70.78,18.71,505,505,False,"EMT1-IRN @REF Seton_++_2012 @DOI""10.1016/j.earscirev.2012.03.002"" @absage",1217
1217,532,532,110.0,55.25,88.5,-21.96,505,505,False,"EMT1-IRN @REF Seton_++_2012 @DOI""10.1016/j.earscirev.2012.03.002"" @absage",1218
1218,532,532,120.6,54.8,74.85,-26.38,505,505,False,"EMT1-IRN @REF Seton_++_2012 @DOI""10.1016/j.earscirev.2012.03.002"" @absage",1219
1219,532,532,130.0,48.35,51.7,-29.86,505,505,False,"EMT1-IRN @REF Seton_++_2012 @DOI""10.1016/j.earscirev.2012.03.002"" @absage",1220
1220,532,532,140.0,49.71,26.17,-36.15,505,505,False,"EMT1-IRN @REF Seton_++_2012 @DOI""10.1016/j.earscirev.2012.03.002"" @absage",1221
1221,532,532,150.0,51.1,13.05,-46.82,505,505,False,"EMT1-IRN @REF Seton_++_2012 @DOI""10.1016/j.earscirev.2012.03.002"" @absage",1222
1222,532,532,154.0,53.45,8.54,-53.84,505,505,False,"EMT1-IRN @REF Seton_++_2012 @DOI""10.1016/j.earscirev.2012.03.002"" @absage",1223
1223,532,532,160.0,56.12,9.75,-61.36,505,505,False,"EMT1-IRN @REF Seton_++_2012 @DOI""10.1016/j.earscirev.2012.03.002"" @absage",1224
1224,532,532,175.0,55.56,11.37,-79.41,505,505,False,"EMT1-IRN @REF Seton_++_2012 @DOI""10.1016/j.earscirev.2012.03.002"" @absage",1225
1225,532,532,180.0,55.18,11.4,-83.1,505,505,False,"EMT1-IRN @REF Seton_++_2012 @DOI""10.1016/j.earscirev.2012.03.002"" @absage",1226
1226,532,532,200.0,55.33,10.95,-84.73,505,505,False,"EMT1-IRN @REF Seton_++_2012 @DOI""10.1016/j.earscirev.2012.03.002"" @absage",1227
1227,532,532,220.0,55.98,12.51,-76.92,505,505,False,"EMT1-IRN @REF Seton_++_2012 @DOI""10.1016/j.earscirev.2012.03.002"" @absage",1228
1228,532,532,240.0,57.22,15.69,-68.08,505,505,False,"EMT1-IRN @REF Seton_++_2012 @DOI""10.1016/j.earscirev.2012.03.002"" @absage",1229
1229,532,532,250.0,57.37,15.37,-68.07,505,505,False,"EMT1-IRN, Eastern Mesotethys1-Iran Seton et al. 2012 @absage",1230
1230,532,532,260.0,57.52,15.05,-68.07,505,505,False,"EMT1-IRN, Seton et al. 2012 @absage",1231
1231,532,532,400.0,57.52,15.05,-68.07,505,505,False,"EMT1-IRN, Seton et al. 2012 @absage",1232
1232,533,533,0.0,90.0,0.0,0.0,446,446,False,EMT2-BMP Eastern Mesotethys 2-Burma Plate,1233
1233,533,533,600.0,90.0,0.0,0.0,446,446,False,EMT2-BMP Muller et al. 2008,1234
1234,534,534,0.0,10.6838,-6.4299,-0.32020000000000004,769,769,False,"EMT-ARG fixed to Argoland, @REF Gibbons_++_2013 @DOI""10.1002/jgrb.50079"" - Non extant at present day",1235
1235,534,534,156.5,10.6838,-6.4299,-0.32020000000000004,769,769,False,"EMT-ARG fixed to Argoland, @REF Gibbons_++_2013 @DOI""10.1002/jgrb.50079"" @xo_os",1236
1236,534,534,156.5,-33.33,-85.69,107.12,533,533,False,"CMT2-EMT2 Central Mesotethys 2-Eastern Mesotethys 2 recalculated @Au SZ, @T 2013",1237
1237,534,534,410.0,-33.33,-85.69,107.12,533,533,False,CMT2-EMT2,1238
1238,538,538,0.0,90.0,0.0,0.0,539,539,False,"AFR-MEN Isochron of  @Au MH, @T 05082014",1239
1239,538,538,67.7,90.0,0.0,0.0,539,539,False,"AFR-MEN @REF Hosseinpour_++_(in review), Isochron of @Au MH, @T 05082014 @xo_ys",1240
1240,538,538,67.7,-49.8686,-106.6363,-6.2133,522,522,False,"AFR-MEN @REF Hosseinpour_++_(in review), Isochron of @Au MH, @T 05082014",1241
1241,538,538,250.0,-49.8686,-106.6363,-6.2133,522,522,False,AFR-MEN,1242
1242,539,539,0.0,90.0,0.0,0.0,715,715,False,"AFR-MEN Isochron of @Au MH, @T 05082014",1243
1243,539,539,250.0,90.0,0.0,0.0,715,715,False,"AFR-MEN @REF Hosseinpour_++_(in review), Isochron of @Au MH, @T 05082014",1244
1244,540,540,0.0,90.0,0.0,0.0,506,506,False,PT1-AFF Paleotethys 1-Afghanistan (Farah),1245
1245,540,540,410.0,90.0,0.0,0.0,506,506,False,PT1-AFF,1246
1246,542,542,0.0,90.0,0.0,0.0,543,543,False,"AFR-MEN @REF Hosseinpour_++_(in review), Isochron of @Au MH, @T 05082014",1247
1247,542,542,67.7,90.0,0.0,0.0,543,543,False,"AFR-MEN @REF Hosseinpour_++_(in review), Isochron of @Au MH, @T 05082014 @xo_ys",1248
1248,542,542,67.7,-7.6852,-15.2328,-5.0157,522,522,False,"AFR-MEN @REF Hosseinpour_++_(in review), Isochron of @Au MH, @T 05082014",1249
1249,542,542,250.0,-7.6852,-15.2328,-5.0157,522,522,False,"AFR-MEN @REF Hosseinpour_++_(in review), Isochron of @Au MH, @T 05082014",1250
1250,543,543,0.0,90.0,0.0,0.0,503,503,False,"AFR-MEN @REF Hosseinpour_++_(in review), Isochron of @Au MH, @T 05082014",1251
1251,543,543,250.0,90.0,0.0,0.0,503,503,False,"AFR-MEN @REF Hosseinpour_++_(in review), Isochron of @Au MH, @T 05082014",1252
1252,544,544,0.0,90.0,0.0,0.0,503,503,False,"ARB-IRN Isochron of Meso Neotethys  By @Au MH, @T 05082014",1253
1253,544,544,250.0,90.0,0.0,0.0,503,503,False,"ARB-IRN @REF Hosseinpour_++_(in review), Isochron of Meso Neotethys  By @Au MH, @T 05082014 @xo_ys",1254
1254,544,544,250.0,-42.2407,-50.0763,-3.3577,522,522,False,"Isochron of ARB-IRN, Meso Neo Tethys	By MH 05082014  Hoseinpour et al. (2016)",1255
1255,544,544,410.0,42.2407,129.9237,3.3577,522,522,False,"Isochron of ARB-IRN, Meso Neo Tethys	By MH 05082014  Hoseinpour et al. (2016)",1256
1256,544,544,410.0,-42.2407,-50.0763,-3.3577,522,522,False,"Isochron of ARB-IRN, Meso Neo Tethys	By MH 05082014",1257
1257,544,544,610.0,-42.2407,-50.0763,-3.3577,522,522,False,"Isochron of ARB-IRN, Meso Neo Tethys	By MH 05082014",1258
1258,545,545,0.0,90.0,0.0,0.0,701,701,False,WMT-AFR Isochron of Western MesoTethys-Africa(conj. Arabia),1259
1259,545,545,120.6,90.0,0.0,0.0,701,701,False,"WMT-AFR Isochron of @REF Muller_++_2008 @DOI""10.1029/2007GC001743""",1260
1260,545,545,140.0,-46.0,-175.9,5.52,701,701,False,"WMT-AFR Isochron of @REF Muller_++_2008 @DOI""10.1029/2007GC001743""",1261
1261,545,545,154.0,47.93,3.03,-14.95,701,701,False,"WMT-AFR Isochron of WMT-AFR @REF Muller_++_2008 @DOI""10.1029/2007GC001743""",1262
1262,545,545,160.0,48.17,2.91,-18.99,701,701,False,"WMT-AFR Isochron of @REF Muller_++_2008 @DOI""10.1029/2007GC001743"" @absage",1263
1263,545,545,180.0,48.54,2.64,-32.51,701,701,False,"WMT-AFR Isochron of @REF Muller_++_2008 @DOI""10.1029/2007GC001743"" @absage @xo_ys",1264
1264,545,545,180.0,47.79,-0.25,-95.34,505,505,False,WMT-MEN Isochron of @absage,1265
1265,545,545,610.0,47.79,-0.25,-95.34,505,505,False,"Isochron of ARB-IRN, Meso Neo Tethys  By MH 05082014",1266
1266,550,550,0.0,90.0,0.0,0.0,511,511,False,INA-CIB India-Central Indian Basin,1267
1267,550,550,83.0,90.0,0.0,0.0,511,511,False,"INA-CIB @REF Heine_++_2004 @DOI""10.1029/149GM03"" @xo_ys",1268
1268,550,550,83.0,3.41,-4.61,-43.15,801,801,False,"INA-AUS India-Australia cross-over @REF Heine_++_2004 @DOI""10.1029/149GM03""",1269
1269,550,550,100.0,-0.75,-178.33,51.43,801,801,False,"INA-AUS @REF Muller_++_2000 @DOI""10.1029/1999GL011217"" @absage",1270
1270,550,550,120.6,9.11,-175.86,61.5,801,801,False,"INA-AUS @REF Muller_++_2000 @DOI""10.1029/1999GL011217"" @CHRONID""M0""",1271
1271,550,550,123.6,10.19,-175.54,62.89,801,801,False,"INA-AUS @REF Muller_++_2000 @DOI""10.1029/1999GL011217"" @CHRONID""M2""",1272
1272,550,550,124.1,10.53,-175.44,63.33,801,801,False,"INA-AUS @REF Muller_++_2000 @DOI""10.1029/1999GL011217"" @CHRONID""M3""",1273
1273,550,550,125.7,11.2,-175.24,64.27,801,801,False,"INA-AUS @REF Muller_++_2000 @DOI""10.1029/1999GL011217"" @CHRONID""M4""",1274
1274,550,550,126.6,11.52,-175.14,64.73,801,801,False,"INA-AUS @REF Muller_++_2000 @DOI""10.1029/1999GL011217"" @CHRONID""M5""",1275
1275,550,550,126.9,11.62,-175.13,64.94,801,801,False,"INA-AUS @REF Muller_++_2000 @DOI""10.1029/1999GL011217"" @CHRONID""M6""",1276
1276,550,550,127.2,11.73,-175.11,65.19,801,801,False,"INA-AUS @REF Muller_++_2000 @DOI""10.1029/1999GL011217"" @CHRONID""M7""",1277
1277,550,550,127.8,11.89,-175.1,65.53,801,801,False,"INA-AUS @REF Muller_++_2000 @DOI""10.1029/1999GL011217"" @CHRONID""M8""",1278
1278,550,550,128.3,12.1,-175.08,65.96,801,801,False,"INA-AUS @REF Muller_++_2000 @DOI""10.1029/1999GL011217"" @CHRONID""M9""",1279
1279,550,550,128.9,12.3,-175.05,66.39,801,801,False,"INA-AUS @REF Muller_++_2000 @DOI""10.1029/1999GL011217"" @CHRONID""M10""",1280
1280,550,550,129.6,12.56,-175.03,66.94,801,801,False,"INA-AUS @REF Muller_++_2000 @DOI""10.1029/1999GL011217"" @CHRONID""M10N""",1281
1281,550,550,130.8,12.88,-174.98,67.67,801,801,False,"INA-AUS @REF Muller_++_2000 @DOI""10.1029/1999GL011217"" @CHRONID""M11""",1282
1282,550,550,131.9,13.28,-174.94,68.59,801,801,False,"INA-AUS @REF Muller_++_2000 @DOI""10.1029/1999GL011217"" @CHRONID""M11A""",1283
1283,550,550,132.6,13.6,-174.9,69.34,801,801,False,"INA-AUS @REF Muller_++_2000 @DOI""10.1029/1999GL011217"" @CHRONID""M12""",1284
1284,550,550,133.7,13.86,-174.88,69.97,801,801,False,"INA-AUS @REF Muller_++_2000 @DOI""10.1029/1999GL011217"" @CHRONID""M12A""",1285
1285,550,550,134.1,14.04,-174.85,70.42,801,801,False,"INA-AUS @REF Muller_++_2000 @DOI""10.1029/1999GL011217"" @CHRONID""M13""",1286
1286,550,550,134.5,14.32,-174.82,71.12,801,801,False,"INA-AUS @REF Muller_++_2000 @DOI""10.1029/1999GL011217"" @CHRONID""M14""",1287
1287,550,550,135.6,14.54,-174.8,71.66,801,801,False,"INA-AUS based on closure IND-ANT @REF Muller_++_2000 @DOI""10.1029/1999GL011217""",1288
1288,550,550,250.0,14.54,-174.8,71.66,801,801,False,INA-AUS,1289
1289,551,551,0.0,90.0,0.0,0.0,301,301,False,GGS-EUR Gagra/Shatsky-Northern European Craton,1290
1290,551,551,410.0,90.0,0.0,0.0,301,301,False,"GGS-EUR	 @REF Domeier_Torsvik_2014 @DOI""10.1016/j.gsf.2014.01.002""",1291
1291,554,554,0.0,90.0,0.0,0.0,518,518,False,LAD-KOHA Ladakh Arc-Kohistan Arc,1292
1292,554,554,610.0,90.0,0.0,0.0,518,518,False,LAD-KOHA Zahirovic et al. (2014),1293
1293,555,555,0.0,90.0,0.0,0.0,714,714,False,"AFRI-NWA Isochron of Vardar Ocean  @Au MH, @T 05082014",1294
1294,555,555,120.0,90.0,0.0,0.0,714,714,False,"AFRI-NWA @REF Hosseinpour_++_(in review), Isochron of Vardar Ocean  @Au MH, @T 05082014   @xo_ys",1295
1295,555,555,120.0,46.02,-7.72,-41.88,301,301,False,"AFRI-EUR @REF Hosseinpour_++_(in review), Isochron of Vardar Ocean  @Au MH, @T 05082014",1296
1296,555,555,170.0,46.02,-7.72,-41.88,301,301,False,"AFRI-EUR @REF Hosseinpour_++_(in review), Isochron of Vardar Ocean  @Au MH, @T 05082014   @xo_ys",1297
1297,555,555,170.0,48.99,7.11,21.79,355,355,False,"AFRI-VAR1 @REF Hosseinpour_++_(in review), Isochron of Vardar Ocean  @Au MH, @T 05082014",1298
1298,555,555,230.0,48.99,7.11,21.79,355,355,False,"AFRI-VAR1 @REF Hosseinpour_++_(in review), Isochron of Vardar Ocean  @Au MH, @T 05082014   @xo_ys",1299
1299,555,555,230.0,46.76,-4.54,-53.68,521,521,False,"AFRI-SAK @REF Hosseinpour_++_(in review), Isochron of Vardar Ocean  @Au MH, @T 05082014",1300
1300,555,555,610.0,46.76,-4.54,-53.68,521,521,False,"Isochron of AFR-EUR, Vardar Ocean  By MH 05082014",1301
1301,556,556,0.0,90.0,0.0,0.0,503,503,False,AFRI-ARB Isochron of Mesotethys,1302
1302,556,556,250.0,90.0,0.0,0.0,503,503,False,AFRI-ARB Isochron of Mesotethys,1303
1303,563,563,0.0,90.0,0.0,0.0,677,677,False,"MINO-PAL Mindoro - Palawan based on @REF Yumul_++_2009 @DOI""10.1016/j.jseaes.2008.10.002""",1304
1304,563,563,200.0,90.0,0.0,0.0,677,677,False,MINO-PAL,1305
1305,564,564,0.0,90.0,0.0,0.0,674,674,False,MINA-NEG  Mindanao-Negros,1306
1306,564,564,200.0,90.0,0.0,0.0,674,674,False,MINA-NEG,1307
1307,565,565,0.0,90.0,0.0,0.0,667,667,False,SES-NES  Southeast Sulawesi-Northeast Sulawesi,1308
1308,565,565,25.0,4.77,-59.2,-19.97,667,667,False,"SES-NES @REF Zahirovic_++_2014 @DOI""10.5194/se-5-227-2014""",1309
1309,565,565,410.0,4.77,-59.2,-19.97,667,667,False,SES-NES,1310
1310,566,566,0.0,90.0,0.0,0.0,668,668,False,SWS-WSW Southwest Sulawesi-West Sulawesi,1311
1311,566,566,20.0,0.388,-58.658,-27.2,668,668,False,"SWS-WSW @REF Zahirovic_++_2014 @DOI""10.5194/se-5-227-2014"" @xo_of @absage",1312
1312,566,566,20.0,40.48,-109.37,-6.74,667,667,False,"SWS-WSW @REF Zahirovic_++_2014 @DOI""10.5194/se-5-227-2014"" @absage",1313
1313,566,566,410.0,40.48,-109.37,-6.74,667,667,False,SWS-WSW,1314
1314,567,567,0.0,90.0,0.0,0.0,679,679,False,OBI-HAL Obi Island - Halmahera,1315
1315,567,567,200.0,90.0,0.0,0.0,679,679,False,"OBI-HAL @REF Zahirovic_++_2014 @DOI""10.5194/se-5-227-2014""; Philippine Arc affinities and similar ages",1316
1316,580,580,0.0,90.0,0.0,0.0,402,402,False,TRM-KAZ Tarim-Kazakhstan,1317
1317,580,580,300.0,90.0,0.0,0.0,402,402,False,"TRM-KAZ Closure of the STO @REF Gao_et_al_2011 @DOI""10.1016/j.tecto.2011.01.001""",1318
1318,580,580,310.0,55.3651,69.8401,-27.9429,402,402,False,TRM-KAZ,1319
1319,580,580,360.0,-37.7254,-34.2555,-28.0332,402,402,False,TRM-KAZ,1320
1320,580,580,370.0,-41.0882,-63.2584,-36.0853,402,402,False,TRM-KAZ,1321
1321,580,580,380.0,-43.5385,-71.891,-43.6952,402,402,False,TRM-KAZ,1322
1322,580,580,390.0,-43.0112,-77.531,-43.8612,402,402,False,TRM-KAZ,1323
1323,999,999,400.0,-38.453,-75.7126,-44.5368,402,402,False,TRM-KAZ,1324
1324,580,580,410.0,-20.9211,-34.0114,-27.4204,402,402,False,"TRM-KAZ, @xo_of",1325
1325,580,580,410.0,-60.0149,-149.223,-83.0376,501,501,False,"TRM-IND Tarim-India @REF Merdith_++_2021 @DOI""10.1016/j.earscirev.2020.103477""",1326
1326,580,580,430.0,-37.647,-168.1904,-66.0619,501,501,False,"TRM-IND @REF Merdith_++_2021 @DOI""10.1016/j.earscirev.2020.103477""",1327
1327,580,580,440.0,-37.6092,-164.876,-68.9868,501,501,False,"TRM-IND @REF Merdith_++_2021 @DOI""10.1016/j.earscirev.2020.103477""",1328
1328,580,580,450.0,-32.9637,-156.4324,-74.3788,501,501,False,"TRM-IND @REF Merdith_++_2021 @DOI""10.1016/j.earscirev.2020.103477""",1329
1329,580,580,459.0,-25.8815,-147.8101,-79.1185,501,501,False,"TRM-IND @REF Merdith_++_2021 @DOI""10.1016/j.earscirev.2020.103477""",1330
1330,580,580,470.0,-19.8825,-151.3468,-77.5087,501,501,False,"TRM-IND @REF Merdith_++_2021 @DOI""10.1016/j.earscirev.2020.103477""",1331
1331,580,580,550.0,-38.3826,-121.5619,-67.3366,501,501,False,"TRM-IND @REF Merdith_++_2021 @DOI""10.1016/j.earscirev.2020.103477""",1332
1332,580,580,585.0,-38.3826,-121.5619,-67.3366,501,501,False,"TRM-IND @REF Merdith_++_2021 @DOI""10.1016/j.earscirev.2020.103477""",1333
1333,580,580,640.0,-43.1017,-116.8376,-122.6223,501,501,False,,1334
1334,999,999,650.0,-38.3826,-121.5619,-67.3366,501,501,False,"TRM-IND @REF Merdith_++_2021 @DOI""10.1016/j.earscirev.2020.103477""",1335
1335,580,580,720.0,-47.6503,-121.5206,-184.5723,501,501,False,"TRM-IND @REF Merdith_++_2021 @DOI""10.1016/j.earscirev.2020.103477""",1336
1336,580,580,760.0,-47.6503,-121.5206,-184.5723,501,501,False,"TRM-IND @REF Merdith_++_2021 @DOI""10.1016/j.earscirev.2020.103477""",1337
1337,580,580,760.0,38.3101,72.4988,129.263,505,505,False,"TRM-LUT Tarim-Lut @REF Merdith_++_2021 @DOI""10.1016/j.earscirev.2020.103477""",1338
1338,999,999,850.0,40.2816,72.8568,126.808,505,505,False,"TRM-LUT @REF Merdith_++_2021 @DOI""10.1016/j.earscirev.2020.103477""",1339
1339,999,999,870.0,40.2816,72.8568,126.808,505,505,False,"TRM-LUT @REF Merdith_++_2021 @DOI""10.1016/j.earscirev.2020.103477""",1340
1340,580,580,890.0,38.2408,67.4342,57.2497,505,505,False,,1341
1341,580,580,1000.0,41.4815,62.5037,85.9195,505,505,False,"TRM-LUT @REF Merdith_++_2021 @DOI""10.1016/j.earscirev.2020.103477""",1342
1342,580,580,1010.0,41.4815,62.5037,85.9195,505,505,False,"TRM-LUT @REF Merdith_++_2021 @DOI""10.1016/j.earscirev.2020.103477""",1343
1343,590,590,0.0,90.0,0.0,0.0,61601,61601,False,NPAM-WQIA North Pamirs-West Qiangtang,1344
1344,590,590,1010.0,90.0,0.0,0.0,61601,61601,False,"NPAM-WQIA  @REF Domeier_Torsvik_2014 @DOI""10.1016/j.gsf.2014.01.002""",1345
1345,591,591,0.0,90.0,0.0,0.0,61601,61601,False,CPAM-WQIA Central Pamirs-West Qaingtang,1346
1346,591,591,1010.0,90.0,0.0,0.0,61601,61601,False,"CPAM-WQIA  @REF Domeier_Torsvik_2014 @DOI""10.1016/j.gsf.2014.01.002""",1347
1347,601,601,0.0,90.0,0.0,0.0,602,602,False,NCB-SCB North China-South China,1348
1348,601,601,200.0,90.0,0.0,0.0,602,602,False,NCB-SCB,1349
1349,601,601,240.0,10.4487,118.0288,-66.1119,602,602,False,NCB-SCB,1350
1350,601,601,250.0,7.9008,121.083,-70.419,602,602,False,NCB-SCB North China-South China Young et al. (this study),1351
1351,601,601,260.0,5.8829,125.003,-60.2109,602,602,False,NCB-SCB North China-South China Young et al. (this study),1352
1352,601,601,276.0,-7.3405000000000005,136.3368,-42.1159,602,602,False,NCB-SCB North China-South China Young et al. (this study),1353
1353,601,601,290.0,-2.5461,136.608,-39.6869,602,602,False,NCB-SCB North China-South China Young et al. (this study),1354
1354,601,601,300.0,-3.2865,135.92,-38.098,602,602,False,NCB-SCB North China-South China Young et al. (this study),1355
1355,601,601,310.0,-4.069,135.176,-36.5209,602,602,False,NCB-SCB North China-South China Young et al. (this study),1356
1356,601,601,320.0,-4.7863,134.315,-34.9324,602,602,False,NCB-SCB North China-South China Young et al. (this study),1357
1357,601,601,330.0,-5.5536,133.386,-33.3592,602,602,False,NCB-SCB North China-South China Young et al. (this study),1358
1358,601,601,340.0,-6.3201,132.352,-31.7912,602,602,False,NCB-SCB North China-South China Young et al. (this study),1359
1359,601,601,350.0,-7.1179,131.214,-30.2367,602,602,False,NCB-SCB North China-South China Young et al. (this study),1360
1360,601,601,360.0,-7.8765,129.923,-28.6812,602,602,False,NCB-SCB North China-South China Young et al. (this study),1361
1361,601,601,370.0,-4.6823,130.7702,-26.773600000000002,602,602,False,NCB-SCB North China-South China Young et al. (this study),1362
1362,601,601,410.0,-12.8092,121.1211,-23.7508,602,602,False,NCB-SCB North China-South China Young et al. (this study),1363
1363,601,601,410.0,-49.9132,9.5763,-32.7553,8011,8011,False,"NCB-NAC North China Block-North Australian Craton @REF @REF Merdith_++_2021 @DOI""10.1016/j.earscirev.2020.103477""",1364
1364,601,601,420.0,-6.118,-85.5137,34.7388,8011,8011,False,,1365
1365,601,601,430.0,26.2517,106.5031,-80.4794,8011,8011,False,"NCB-NAC @REF @REF Merdith_++_2021 @DOI""10.1016/j.earscirev.2020.103477""",1366
1366,601,601,440.0,-29.1995,-75.764,98.3214,8011,8011,False,"NCB-NAC @REF @REF Merdith_++_2021 @DOI""10.1016/j.earscirev.2020.103477""",1367
1367,601,601,450.0,-32.631,-88.6223,88.6152,8011,8011,False,"NCB-NAC @REF @REF Merdith_++_2021 @DOI""10.1016/j.earscirev.2020.103477""",1368
1368,601,601,460.0,-32.8691,-86.6242,92.5144,8011,8011,False,"NCB-NAC @REF @REF Merdith_++_2021 @DOI""10.1016/j.earscirev.2020.103477""",1369
1369,601,601,475.0,33.9173,95.8726,-81.0787,8011,8011,False,"NCB-NAC @REF @REF Merdith_++_2021 @DOI""10.1016/j.earscirev.2020.103477""",1370
1370,601,601,490.0,31.3104,101.1298,-102.8555,8011,8011,False,"NCB-NAC @REF @REF Merdith_++_2021 @DOI""10.1016/j.earscirev.2020.103477""",1371
1371,601,601,500.0,29.9141,103.3906,-99.3837,8011,8011,False,,1372
1372,601,601,550.0,9.1923,109.2007,-88.684,8011,8011,False,"NCB-NAC @REF @REF Merdith_++_2021 @DOI""10.1016/j.earscirev.2020.103477""",1373
1373,601,601,600.0,9.3347,107.4771,-88.8867,8011,8011,False,"NCB-NAC @REF @REF Merdith_++_2021 @DOI""10.1016/j.earscirev.2020.103477""",1374
1374,601,601,650.0,11.5112,93.7303,-81.5354,8011,8011,False,"NCB-NAC @REF @REF Merdith_++_2021 @DOI""10.1016/j.earscirev.2020.103477""",1375
1375,601,601,1010.0,11.5112,93.7303,-81.5354,8011,8011,False,"NCB-NAC @REF @REF Merdith_++_2021 @DOI""10.1016/j.earscirev.2020.103477""",1376
1376,602,602,0.0,90.0,0.0,0.0,410,410,False,SCB-MNG South China-Mongolia,1377
1377,602,602,130.0,90.0,0.0,0.0,410,410,False,"SCB-MNG cessation of subduction/closure of Mianlue Ocean @REF Van_der_Voo_et_al_2015 @DOI""10.1130/2015.2513(19)""",1378
1378,602,602,150.0,0.7987000000000001,-177.5623,4.5039,410,410,False,SCB-MNG Young et al. (this study),1379
1379,602,602,160.0,15.073,37.2226,-5.477,410,410,False,SCB-MNG Young et al. (this study),1380
1380,602,602,170.0,21.6326,57.7206,-7.8971,410,410,False,SCB-MNG Young et al. (this study),1381
1381,602,602,180.0,23.9507,68.5122,-10.8346,410,410,False,SCB-MNG Young et al. (this study),1382
1382,602,602,190.0,24.9218,74.7525,-13.9667,410,410,False,SCB-MNG Young et al. (this study),1383
1383,602,602,200.0,25.4001,78.7366,-17.1873,410,410,False,SCB-MNG Young et al. (this study)  @xo_ys,1384
1384,602,602,200.0,36.839,-14.8159,60.0341,701,701,False,SCB-AFR South China-Africa NCB-SCB amalgamation Young et al. (this study),1385
1385,602,602,210.0,38.9499,-8.9518,51.2649,701,701,False,SCB-AFR Young et al. (this study),1386
1386,602,602,220.0,41.3258,-0.4006,42.9787,701,701,False,SCB-AFR Young et al. (this study),1387
1387,602,602,230.0,43.5203,12.672,35.5163,701,701,False,SCB-AFR Young et al. (this study),1388
1388,602,602,250.0,39.0797,57.9209,25.9926,701,701,False,"SCB-AFR South China-Africa paleomagnetic pole @REF Zhang_et_al_2015 @DOI""10.1016/j.precamres.2014.09.018""",1389
1389,602,602,261.0,-27.5113,-165.915,-20.4336,701,701,False,SCB-AFR Young et al. (this study),1390
1390,602,602,270.0,-5.6051,157.874,-23.8415,701,701,False,SCB-AFR Young et al. (this study),1391
1391,602,602,280.0,9.9093,136.842,-33.3065,701,701,False,SCB-AFR Young et al. (this study),1392
1392,602,602,290.0,9.1231,138.887,-32.793,701,701,False,SCB-AFR Young et al. (this study),1393
1393,602,602,300.0,8.6184,139.502,-32.5165,701,701,False,SCB-AFR Young et al. (this study),1394
1394,602,602,307.0,9.5611,134.105,-34.074,701,701,False,SCB-AFR Young et al. (this study),1395
1395,602,602,320.0,12.4511,117.892,-42.6418,701,701,False,SCB-AFR Young et al. (this study),1396
1396,602,602,329.0,12.9638,112.523,-52.1994,701,701,False,SCB-AFR Young et al. (this study),1397
1397,602,602,341.0,13.512,108.034,-62.163,701,701,False,SCB-AFR Young et al. (this study),1398
1398,602,602,353.0,15.0752,102.096,-61.3842,701,701,False,SCB-AFR Young et al. (this study),1399
1399,602,602,380.0,21.6675,83.993,-38.0914,701,701,False,"SCB-AFR SCB paleomagnetic pole @REF Zhang_et_al_2015 @DOI""10.1016/j.precamres.2014.09.018""",1400
1400,602,602,410.0,25.9889,59.4059,-36.9367,701,701,False,SCB-AFR Young et al. (this study),1401
1401,602,602,430.0,32.4755,63.5332,-42.7386,701,701,False,"SCB-AFR @REF Merdith_++_2021 @DOI""10.1016/j.earscirev.2020.103477""",1402
1402,602,602,440.0,55.9868,4.0956,-33.1055,701,701,False,"SCB-AFR @REF Merdith_++_2021 @DOI""10.1016/j.earscirev.2020.103477""",1403
1403,602,602,455.0,61.1119,-17.9612,-35.1005,701,701,False,"SCB-AFR @REF Merdith_++_2021 @DOI""10.1016/j.earscirev.2020.103477""",1404
1404,602,602,500.0,38.1017,-33.6381,-32.6411,701,701,False,,1405
1405,602,602,550.0,-62.7136,-168.966,40.5891,701,701,False,"SCB-AFR @REF Merdith_++_2021 @DOI""10.1016/j.earscirev.2020.103477""",1406
1406,602,602,550.0,1.98,74.44,40.29,501,501,False,SCB-IND South China Block-India Merdith et al. (2017),1407
1407,602,602,1100.0,1.98,74.44,40.29,501,501,False,SCB-IND Merdith et al. (2017),1408
1408,603,603,0.0,90.0,0.0,0.0,604,604,False,SBM-ICH Sino Burma Malaya-Indochina,1409
1409,603,603,11.1,26.94,96.43,0.58,604,604,False,"SBM-ICH @REF McCabe_++_1988 @DOI""10.1029/JB093iB10p11899"" @CHRONID""An5""",1410
1410,603,603,20.1,26.94,96.43,-0.73,604,604,False,"SBM-ICH @REF Lee_Lawver_1992 @CHRONID""An6"" changed sign to invoke inversion MS11",1411
1411,603,603,30.1,26.94,96.43,3.62,604,604,False,"SBM-ICH @REF Lee_Lawver_1992 @CHRONID""An10""",1412
1412,603,603,44.0,26.9,96.4,4.2,604,604,False,SBM-ICH @REF Lee_Lawver_1992 @absage,1413
1413,603,603,160.0,26.9,96.4,4.2,604,604,False,SBM-ICH @REF Lee_Lawver_1992 @absage,1414
1414,603,603,165.0,14.5,97.5,14.62,604,604,False,"SBM-ICH @REF Seton_++_2012 @DOI""10.1016/j.earscirev.2012.03.002"", Sino/Malaya docking with Indochina @absage @xo_ys",1415
1415,603,603,165.0,13.4627,90.8636,14.4153,647,647,False,"SBM-MLP @REF Seton_++_2012 @DOI""10.1016/j.earscirev.2012.03.002"", Sino/Malaya-Malay Peninsula  @absage",1416
1416,603,603,180.0,14.6619,93.0921,27.3153,647,647,False,"SBM-MLP @REF Matthews_et_al_2016 @DOI""10.1016/j.gloplacha.2016.10.002"" @Au KTM & KJM, @T 2015 @absage",1417
1417,603,603,190.0,6.6667000000000005,112.3868,40.8293,647,647,False,"SBM-MLP @REF Matthews_et_al_2016 @DOI""10.1016/j.gloplacha.2016.10.002"" @Au KTM & KJM, @T 2015 @absage",1418
1418,603,603,250.0,-11.4066,-73.7006,-30.086,647,647,False,SBM-MLP Sino Burma Malaya-Malay Peninsula,1419
1419,603,603,410.0,-11.4066,-73.7006,-30.086,647,647,False,SBM-MLP Sino Burma Malaya-Malay Peninsula,1420
1420,603,603,410.0,32.06,94.3272,105.4462,61601,61601,False,SBM-WQIA Sibumasu-West Qiangtang @REF Zahirovic_++_InPrep,1421
1421,603,603,1010.0,32.06,94.3272,105.4462,61601,61601,False,SBM-WQIA Sibumasu-West Qiangtang @REF Zahirovic_++_InPrep,1422
1422,604,604,0.0,90.0,0.0,0.0,602,602,False,ICH-SCH Indochina-South China,1423
1423,604,604,15.0,16.73,103.23,-0.9,602,602,False,ICH-SCH @REF Wang_++_1989; right-lateral move,1424
1424,604,604,20.1,16.73,103.23,-0.9,602,602,False,ICH-SCH @REF Lee_Lawver_1992,1425
1425,604,604,26.6,9.36,95.85,7.78,602,602,False,"ICH-SCH @REF Lee_Lawver_1992; @CHRONID""c8n.2o""",1426
1426,604,604,30.1,8.3,93.97,11.87,602,602,False,ICH-SCH @REF Lee_Lawver_1992; major displacement event,1427
1427,604,604,44.0,8.74,93.89,15.72,602,602,False,"ICH-SCH @REF Tapponnier_++_1990, @DOI""10.1038/343431a0"" @absage",1428
1428,604,604,250.0,8.74,93.89,15.72,602,602,False,ICH-SCH @REF Lee_Lawver_1992 @absage,1429
1429,604,604,301.0,37.242,-137.9547,-28.9752,602,602,False,ICH-SCH Calculated interactively by GPlates adjusted Young et al. (this study),1430
1430,604,604,390.0,41.43,143.69,-31.61,602,602,False,ICH-SCH Calculated interactively by GPlates  adjusted Young et al. (this study),1431
1431,604,604,410.0,41.43,143.69,-31.61,602,602,False,ICH-SCH Calculated interactively by GPlates adjusted Young et al. (this study),1432
1432,604,604,450.0,35.48,138.04,-29.37,602,602,False,"ICH-SCH ModbyMat (Arbitrary placement)	     @REF Domeier_Torsvik_2014 @DOI""10.1016/j.gsf.2014.01.002""",1433
1433,604,604,550.0,25.92,114.33,-114.1,602,602,False,"ICH-SCH ModbyMat (Arbitrary placement)		@REF Domeier_Torsvik_2014 @DOI""10.1016/j.gsf.2014.01.002""",1434
1434,604,604,1010.0,25.92,114.33,-114.1,602,602,False,"ICH-SCH ModbyMat (Arbitrary placement)		@REF Domeier_Torsvik_2014 @DOI""10.1016/j.gsf.2014.01.002""",1435
1435,605,605,0.0,90.0,0.0,0.0,501,501,False,ARG-IND Argo Oceanic Crust-India Craton,1436
1436,605,605,62.0,47.85,74.35,-23.76,501,501,False,"ARG-IND @REF Gibbons_++_2013 @DOI""10.1002/jgrb.50079"" @absage, model dependent",1437
1437,605,605,82.0,47.85,74.35,-23.76,501,501,False,"ARG-IND @REF Gibbons_++_2013 @DOI""10.1002/jgrb.50079"" @absage, model dependent @xo_ys",1438
1438,605,605,82.0,-19.38,-154.66,35.14,769,769,False,"ARG-WAR Argo Oceanic Crust-West Argoland @REF Gibbons_++_2013 @DOI""10.1002/jgrb.50079"" @absage, model dependent",1439
1439,605,605,250.0,-19.38,-154.66,35.14,769,769,False,ARG-WAR Argo Oceanic Crust-West Argoland Gibbons et al. (2013),1440
1440,605,605,410.0,-19.38,-154.66,35.14,769,769,False,ARG-WAR Argo Oceanic Crust-West Argoland Gibbons et al. (2013),1441
1441,605,605,600.0,-19.38,-154.66,35.14,769,769,False,ARG-WAR,1442
1442,605,605,610.0,-19.38,-154.66,35.14,769,769,False,ARG-WAR,1443
1443,606,606,0.0,90.0,0.0,0.0,616,616,False,STB-BNS Lhasa-Qiangtang (South Tibet-North Tibet),1444
1444,606,606,40.0,4.84,-40.47,-9.74,616,616,False,"LHA-EQIA @REF Zahirovic_++_2014 @DOI""10.5194/se-5-227-2014"", Interpolated from @REF Gibbons_++_2013 @DOI""10.1002/jgrb.50079"" @absage",1445
1445,606,606,55.0,26.42,-7.65,-13.17,616,616,False,"STB-NTB @REF Gibbons_++_2013 @DOI""10.1002/jgrb.50079"", recalculated to NTB,",1446
1446,606,606,100.0,38.73,41.98,-25.29,616,616,False,"STB-NTB @REF Gibbons_++_2013 @DOI""10.1002/jgrb.50079"", recalculated to NTB",1447
1447,606,606,126.0,37.36,29.96,-29.81,616,616,False,"STB-NTB Lhasa block - Bangong suture (Tibet) @REF Gibbons_++_2013 @DOI""10.1002/jgrb.50079"" recalculated to NTB, @REF Zahirovic_++_2014 @DOI""10.5194/se-5-227-2014""",1448
1448,606,606,155.0,31.34,33.0,-25.54,616,616,False,"STB-NTB @REF Zahirovic_++_2014 @DOI""10.5194/se-5-227-2014"", recalculated to NTB",1449
1449,606,606,180.0,29.1804,27.989,-27.8321,616,616,False,"STB-NTB @REF Zahirovic_++_2014 @DOI""10.5194/se-5-227-2014"", recalculated to NTB",1450
1450,606,606,190.0,-10.6706,11.0143,-7.7044,616,616,False,"STB-NTB @REF Zahirovic_++_2014 @DOI""10.5194/se-5-227-2014""",1451
1451,606,606,410.0,-63.6039,-40.4903,-15.0179,616,616,False,LHA-EQIA,1452
1452,606,606,410.0,-21.1042,-36.9315,-71.5411,801,801,False,LHA-AUS Lhasa-Australi @REF Zahirovic_++_InPrep,1453
1453,606,606,540.0,-21.1042,-36.9315,-71.5411,801,801,False,LHA-AUS @REF Zahirovic_++_InPrep,1454
1454,606,606,540.0,-41.3475,-94.0364,-55.1104,501,501,False,"LHA-IND Lhasa-India @REF @REF Merdith_++_2021 @DOI""10.1016/j.earscirev.2020.103477""",1455
1455,606,606,580.0,-42.7339,-86.4866,-66.4147,501,501,False,"LHA-IND @REF @REF Merdith_++_2021 @DOI""10.1016/j.earscirev.2020.103477"", @xo_of",1456
1456,606,606,580.0,36.5912,154.851,65.717,801,801,False,"LHA-AUS @REF @REF Merdith_++_2021 @DOI""10.1016/j.earscirev.2020.103477""",1457
1457,606,606,620.0,36.5912,154.851,65.717,801,801,False,"LHA-AUS @REF @REF Merdith_++_2021 @DOI""10.1016/j.earscirev.2020.103477""",1458
1458,606,606,650.0,-33.0531,-34.3375,-66.6152,801,801,False,"LHA-AUS @REF @REF Merdith_++_2021 @DOI""10.1016/j.earscirev.2020.103477""",1459
1459,606,606,750.0,-33.0531,-34.3375,-66.6152,801,801,False,"LHA-AUS @REF @REF Merdith_++_2021 @DOI""10.1016/j.earscirev.2020.103477""",1460
1460,606,606,870.0,-27.2246,-43.2643,-75.4951,801,801,False,"LHA-AUS @REF @REF Merdith_++_2021 @DOI""10.1016/j.earscirev.2020.103477""",1461
1461,606,606,920.0,-27.0034,-37.1921,-73.6016,801,801,False,"LHA-AUS @REF @REF Merdith_++_2021 @DOI""10.1016/j.earscirev.2020.103477""",1462
1462,606,606,1010.0,-27.0034,-37.1921,-73.6016,801,801,False,"LHA-AUS @REF @REF Merdith_++_2021 @DOI""10.1016/j.earscirev.2020.103477""",1463
1463,607,607,0.0,90.0,0.0,0.0,7250,7250,False,MAW-WBU Mawgyi (Central Argoland)-West Burma,1464
1464,607,607,55.0,90.0,0.0,0.0,7250,7250,False,MAW-WBU @absage,1465
1465,607,607,75.0,-14.36,-82.0,-60.64,7250,7250,False,"MAW-WBU @REF Zahirovic_++_2014 @DOI""10.5194/se-5-227-2014"" Final welding to West Burma block @xo_of @absage",1466
1466,607,607,75.0,-11.47,-72.22,-45.51,787,787,False,"MAW-WOY Mawgyi-Woyla arc @REF Zahirovic_++_2014 @DOI""10.5194/se-5-227-2014""  @absage",1467
1467,607,607,80.0,-9.48,-72.84,-47.1,787,787,False,MAW-WOY @REF Gibbons_++_2012 @absage @xo_of,1468
1468,607,607,80.0,32.96,91.81,101.37,769,769,False,MAW-WAR Mawgyi (Central Argoland)-West Argoland  @REF Gibbons_++_2012 @absage,1469
1469,607,607,610.0,32.96,91.81,101.37,769,769,False,"MAW-WAR @REF Gibbons_++_2012 @DOI""10.1029/2011GC003919""",1470
1470,608,608,0.0,90.0,0.0,0.0,609,609,False,SPS-NPS South Philippine Sea-North Philippine Sea,1471
1471,608,608,34.0,90.0,0.0,0.0,609,609,False,"SPS-NPS @REF Muller_++_2008 @DOI""10.1029/2007GC001743"", spreading stops",1472
1472,608,608,34.9,16.81,86.12,1.1400000000000001,609,609,False,"SPS-NPS @REF Muller_++_2008 @DOI""10.1029/2007GC001743"" @CHRONID""A15"" - relative age",1473
1473,608,608,35.3,13.74,86.24,2.04,609,609,False,"SPS-NPS @REF Muller_++_2008 @DOI""10.1029/2007GC001743"" @CHRONID""A16y"" - relative age",1474
1474,608,608,38.1,13.74,86.24,3.32,609,609,False,"SPS-NPS @REF Muller_++_2008 @DOI""10.1029/2007GC001743"" @CHRONID""A17o"" - relative age",1475
1475,608,608,39.6,13.74,86.24,4.8100000000000005,609,609,False,"SPS-NPS @REF Muller_++_2008 @DOI""10.1029/2007GC001743"" @CHRONID""A18o"" - relative age",1476
1476,608,608,43.8,15.19,90.74,7.27,609,609,False,"SPS-NPS @REF Muller_++_2008 @DOI""10.1029/2007GC001743"" @CHRONID""A20o"" - relative age",1477
1477,608,608,47.9,17.04,90.74,9.35,609,609,False,"SPS-NPS @REF Muller_++_2008 @DOI""10.1029/2007GC001743"" @CHRONID""A21o"" - relative age",1478
1478,608,608,49.7,19.73,90.13,12.04,609,609,False,"SPS-NPS @REF Muller_++_2008 @DOI""10.1029/2007GC001743"" @CHRONID""A22o"" - relative age",1479
1479,608,608,53.3,22.32,94.29,16.1,609,609,False,"SPS-NPS @REF Muller_++_2008 @DOI""10.1029/2007GC001743"" @CHRONID""A24o"" - relative age",1480
1480,608,608,55.9,23.91,94.07,17.61,609,609,False,"SPS-NPS @REF Muller_++_2008 @DOI""10.1029/2007GC001743"" @CHRONID""A25y"" - relative age",1481
1481,608,608,57.9,26.18,94.36,20.75,609,609,False,"SPS-NPS @REF Muller_++_2008 @DOI""10.1029/2007GC001743"" @CHRONID""A26o"" - relative age",1482
1482,608,608,65.0,26.18,94.36,20.75,609,609,False,"SPS-NPS @REF Zahirovic_++_2014 @DOI""10.5194/se-5-227-2014""  @absage",1483
1483,608,608,85.0,29.95,80.69,25.55,609,609,False,"SPS-NPS @REF Zahirovic_++_2014 @DOI""10.5194/se-5-227-2014""  Subduction polarity reversal and creating of Oki-Daito and Daito ridges from 85 to 55 Ma @absage",1484
1484,608,608,200.0,29.95,80.69,25.55,609,609,False,"SPS-NPS @REF Zahirovic_++_2014 @DOI""10.5194/se-5-227-2014""",1485
1485,609,609,0.0,90.0,0.0,0.0,301,301,False,NPS-EUR North Philippine Sea-Northern European Craton (Eurasia),1486
1486,609,609,15.0,-32.32,-34.52,-24.67,301,301,False,"NPS-EUR @REF Zahirovic_++_2014 @DOI""10.5194/se-5-227-2014""  @absage",1487
1487,609,609,25.0,-60.8,61.83,-13.32,301,301,False,"NPS-EUR @REF Zahirovic_++_2014 @DOI""10.5194/se-5-227-2014""  @absage minor longitude shift SZ20160113",1488
1488,609,609,35.0,-30.82,84.84,-22.31,301,301,False,"NPS-EUR @REF Zahirovic_++_2014 @DOI""10.5194/se-5-227-2014""  @absage minor longitude shift SZ20160113",1489
1489,609,609,45.0,30.36,-145.6,28.23,301,301,False,"NPS-EUR @REF Zahirovic_++_2014 @DOI""10.5194/se-5-227-2014""  @absage @xo_yf",1490
1490,609,609,45.0,23.98,-4.77,-26.72,901,901,False,NPS-PAC North Philippine Sea-Pacific Zahirovic et al. (2014) @absage,1491
1491,609,609,55.0,-38.63,-124.48,35.97,901,901,False,"NPS-PAC @REF Zahirovic_++_2014 @DOI""10.5194/se-5-227-2014""  @absage",1492
1492,609,609,65.0,-29.36,-106.15,45.69,901,901,False,"NPS-PAC @REF Zahirovic_++_2014 @DOI""10.5194/se-5-227-2014""  @absage",1493
1493,609,609,85.0,-29.36,-106.15,45.69,901,901,False,"NPS-PAC @REF Zahirovic_++_2014 @DOI""10.5194/se-5-227-2014""  @absage @xo_yf",1494
1494,609,609,85.0,4.1059,-43.772,52.7206,780,780,False,"NPS-NPMOL North Philippine Sea-North Proto Molucca Plate, @REF Zahirovic_++_2014 @DOI""10.5194/se-5-227-2014""   @absage",1495
1495,609,609,115.0,4.38,-44.01,52.47,780,780,False,NPS-NPMOL @absage,1496
1496,609,609,142.0,4.38,-44.01,52.47,780,780,False,"NPS-NPMOL @REF Zahirovic_++_2014 @DOI""10.5194/se-5-227-2014"", Subduction related rocks on East Philippine Arc, Luzon and Halmahera  @absage",1497
1497,609,609,155.0,4.38,-44.01,52.47,780,780,False,"NPS-NPMOL @REF Zahirovic_++_2014 @DOI""10.5194/se-5-227-2014"", Formation of earliest subduction related rocks on Luzon  @absage",1498
1498,609,609,250.0,4.38,-44.01,52.47,780,780,False,NPS-NPMOL,1499
1499,610,610,0.0,90.0,0.0,0.0,611,611,False,EPV-WPV East Parece Vela-West Parece Vela,1500
1500,610,610,15.0,90.0,0.0,0.0,611,611,False,"EPV-WPV @REF Sdrolias_++_2004 @DOI""10.1016/j.tecto.2004.07.061""",1501
1501,610,610,17.3,35.0,84.44,-1.34,611,611,False,"EPV-WPV @REF Sdrolias_++_2004 @DOI""10.1016/j.tecto.2004.07.061"" @CHRONID""A5Dy""",1502
1502,610,610,20.1,37.46,84.27,-2.64,611,611,False,"EPV-WPV @REF Sdrolias_++_2004 @DOI""10.1016/j.tecto.2004.07.061"" @CHRONID""A6No""",1503
1503,610,610,21.3,39.52,92.84,-3.99,611,611,False,"EPV-WPV @REF Sdrolias_++_2004 @DOI""10.1016/j.tecto.2004.07.061"" @CHRONID""A6ANo""",1504
1504,610,610,22.6,42.08,102.55,-5.11,611,611,False,"EPV-WPV @REF Sdrolias_++_2004 @DOI""10.1016/j.tecto.2004.07.061"" @CHRONID""A6By""",1505
1505,610,610,23.4,43.64,111.93,-7.02,611,611,False,"EPV-WPV @REF Sdrolias_++_2004 @DOI""10.1016/j.tecto.2004.07.061"" @CHRONID""A6Cy""",1506
1506,610,610,25.2,44.26,118.69,-9.58,611,611,False,"EPV-WPV @REF Sdrolias_++_2004 @DOI""10.1016/j.tecto.2004.07.061"" @CHRONID""A7o""",1507
1507,610,610,26.6,44.39,121.28,-11.15,611,611,False,"EPV-WPV @REF Sdrolias_++_2004 @DOI""10.1016/j.tecto.2004.07.061"" @CHRONID""A8o""",1508
1508,610,610,28.0,44.45,123.26,-12.74,611,611,False,"EPV-WPV @REF Sdrolias_++_2004 @DOI""10.1016/j.tecto.2004.07.061"" @CHRONID""A9o""",1509
1509,610,610,250.0,44.45,123.26,-12.74,611,611,False,EPV-WPV @absage,1510
1510,611,611,0.0,90.0,0.0,0.0,609,609,False,WPV-NPS West Parece Vela Basin-North Philippine Sea,1511
1511,611,611,78.9,90.0,0.0,0.0,609,609,False,WPV-NPS bounds Phil Plate,1512
1512,612,612,0.0,90.0,0.0,0.0,602,602,False,NCS-SCH Northside South China Sea-South China Platform,1513
1513,612,612,1010.0,90.0,0.0,0.0,602,602,False,"NCS-SCH  @REF Domeier_Torsvik_2014 @DOI""10.1016/j.gsf.2014.01.002""",1514
1514,613,613,0.0,90.0,0.0,0.0,612,612,False,SCS-NCS Southside South China Sea (Dangerous Grounds and Reed Bank)-Northside South China Sea,1515
1515,613,613,15.0,90.0,0.0,0.0,612,612,False,"SCS-NCS @REF Briais_++_1993 @DOI""10.1029/92JB02280"", spreading stopped",1516
1516,613,613,16.7,-3.0,93.6,0.7000000000000001,612,612,False,"SCS-NCS @REF Briais_++_1993 @DOI""10.1029/92JB02280"", @CHRONID""A5C"" - relative age",1517
1517,613,613,17.6,5.0,105.5,3.7,612,612,False,"SCS-NCS @REF Briais_++_1993 @DOI""10.1029/92JB02280"", @CHRONID""A5D"" - relative age",1518
1518,613,613,18.8,-1.4,88.7,2.4,612,612,False,"SCS-NCS @REF Briais_++_1993 @DOI""10.1029/92JB02280"", @CHRONID""A5E"" - relative age",1519
1519,613,613,20.1,0.1,83.3,2.8,612,612,False,"SCS-NSC @REF Briais_++_1993 @DOI""10.1029/92JB02280"", @CHRONID""A6"" - relative age",1520
1520,613,613,21.3,0.1,81.3,3.5,612,612,False,"SCS-NSC @REF Briais_++_1993 @DOI""10.1029/92JB02280"", @CHRONID""A6A"" - relative age",1521
1521,613,613,23.1,-1.1,75.9,3.9,612,612,False,"SCS-NSC @REF Briais_++_1993 @DOI""10.1029/92JB02280"", @CHRONID""A6B"" - relative age",1522
1522,613,613,25.2,7.0,87.8,7.5,612,612,False,"SCS-NSC @REF Briais_++_1993 @DOI""10.1029/92JB02280"", @CHRONID""A7"" - relative age",1523
1523,613,613,26.6,9.3,91.2,10.3,612,612,False,"SCS-NSC @REF Briais_++_1993 @DOI""10.1029/92JB02280"", @CHRONID""A8"" - relative age",1524
1524,613,613,28.0,8.2,87.4,10.3,612,612,False,"SCS-NSC @REF Briais_++_1993 @DOI""10.1029/92JB02280"", @CHRONID""A9"" - relative age",1525
1525,613,613,28.6,7.9,85.7,10.8,612,612,False,"SCS-NSC @REF Briais_++_1993 @DOI""10.1029/92JB02280"", @CHRONID""A10"" - relative age",1526
1526,613,613,30.1,7.9,85.7,11.1,612,612,False,"SCS-NSC @REF Briais_++_1993 @DOI""10.1029/92JB02280"", @CHRONID""A11"" - relative age",1527
1527,613,613,250.0,7.9,85.7,11.1,612,612,False,"SCS-NCS Southside South China Sea (Dangerous Grounds and Reed Bank)-Northside South China Sea  @REF Domeier_Torsvik_2014 @DOI""10.1016/j.gsf.2014.01.002""",1528
1528,613,613,610.0,7.9,85.7,11.1,612,612,False,"SCS-NSC Briais et al. 1993  - relative age  @REF Domeier_Torsvik_2014 @DOI""10.1016/j.gsf.2014.01.002""",1529
1529,614,614,0.0,90.0,0.0,0.0,67317,67317,False,KLM-NSM Kalimantan(Borneo core)-Sunda Shelf,1530
1530,614,614,250.0,90.0,0.0,0.0,67317,67317,False,"KLM-NSM @REF Zahirovic_++_2014 @DOI""10.5194/se-5-227-2014"" @xo_ys",1531
1531,614,614,250.0,0.9500000000000001,-73.68,77.79,647,647,False,"KLM-MLP Kalimantan (Borneo core)-Malay Peninsula (Sibumasu)  @REF Domeier_Torsvik_2014 @DOI""10.1016/j.gsf.2014.01.002""",1532
1532,614,614,610.0,0.9500000000000001,-73.68,77.79,647,647,False,"KLM-ICH Zahirovic et al. 2014  @REF Domeier_Torsvik_2014 @DOI""10.1016/j.gsf.2014.01.002""",1533
1533,615,615,0.0,90.0,0.0,0.0,801,801,False,PNG-AUS Papua New Guinea-Australia,1534
1534,615,615,610.0,90.0,0.0,0.0,801,801,False,"PNG-AUS  @REF Domeier_Torsvik_2014 @DOI""10.1016/j.gsf.2014.01.002""",1535
1535,616,616,0.0,90.0,0.0,0.0,601,601,False,EQIA-NCH East Qiangtang (North Tibet)-North China Platform,1536
1536,616,616,180.0,90.0,0.0,0.0,601,601,False,"EQIA-NCH fixed from @REF Smith_1988 @DOI""10.1098/rsta.1988.0085"" @absage",1537
1537,616,616,190.0,21.7473,-8.0583,-19.1036,601,601,False,"EQIA-NCH fixed from @REF Smith_1988 @DOI""10.1098/rsta.1988.0085"" @absage @xo_of",1538
1538,616,616,190.0,-4.651,-71.2929,-9.9232,506,506,False,"EQIA-AFF @REF Smith_1988 @DOI""10.1098/rsta.1988.0085"" @absage",1539
1539,616,616,250.0,-4.651,-71.2929,-9.9232,506,506,False,EEQIA-AFF East Qiangtang (North Qiangtang/North Tibet)-Farah (Afghanistan),1540
1540,616,616,275.0,28.0436,101.141,28.5296,506,506,False,EQIA-AFF @xo_ys,1541
1541,616,616,275.0,-30.8042,-110.2827,-35.086,501,501,False,EQIA-IND East Qiangtang (North Qiangtang/North Tibet)-India @REF Zahirovic_++_InPrep,1542
1542,616,616,1000.0,-30.8042,-110.2827,-35.086,501,501,False,EQIA-IND  @REF Zahirovic_++_InPrep,1543
1543,616,616,1010.0,-30.8042,-110.2827,-35.086,501,501,False,EQIA-IND  @REF Zahirovic_++_InPrep,1544
1544,617,617,0.0,90.0,0.0,0.0,613,613,False,RDB-SCS Reed Bank-Southside South China Sea,1545
1545,617,617,30.1,90.0,0.0,0.0,613,613,False,RDB-SCS from @REF Gallagher_1984 @xo_ys,1546
1546,617,617,30.1,7.9,85.7,11.1,602,602,False,"RDB-SCH Reed Bank-South China Platform cross-over derived from @REF Lee_Lawver_1994, @DOI""10.1016/0040-1951(94)90022-1""",1547
1547,617,617,45.0,8.16,84.13,13.32,602,602,False,"RDB-SCH @REF Lee_Lawver_1994, @DOI""10.1016/0040-1951(94)90022-1"" @absage",1548
1548,617,617,65.0,7.33,86.84,15.56,602,602,False,"RDB-SCH @REF Lee_Lawver_1994, @DOI""10.1016/0040-1951(94)90022-1"" @absage",1549
1549,617,617,250.0,7.33,86.84,15.56,602,602,False,RDB-SCH,1550
1550,619,619,0.0,90.0,0.0,0.0,301,301,False,SIK-EUR Sikhote Alin-Northern European Craton (Eurasia),1551
1551,619,619,89.9,90.0,0.0,0.0,301,301,False,SIK-EUR @absage,1552
1552,619,619,105.8,11.79,30.53,-2.59,301,301,False,"SIK-EUR @REF Otsuki_Ehiro_1978, @DOI""10.4294/jpe1952.26"" @absage",1553
1553,619,619,610.0,11.79,30.53,-2.59,301,301,False,"SIK-EUR @REF Domeier_Torsvik_2014 @DOI""10.1016/j.gsf.2014.01.002""",1554
1554,621,621,0.0,90.0,0.0,0.0,619,619,False,CSA-SIK Central Sikhote Alin sliver-Sikhate Alin,1555
1555,621,621,610.0,90.0,0.0,0.0,619,619,False,"CSA-SIK @REF Domeier_Torsvik_2014 @DOI""10.1016/j.gsf.2014.01.002""",1556
1556,622,622,0.0,90.0,0.0,0.0,301,301,False,NSA-EUR North Sikhote Alin sliver-Northern European Craton (Eurasia),1557
1557,622,622,610.0,90.0,0.0,0.0,301,301,False,"NSA-EUR   @REF Domeier_Torsvik_2014 @DOI""10.1016/j.gsf.2014.01.002""",1558
1558,623,623,0.0,90.0,0.0,0.0,301,301,False,NMS-EUR Northernmost Sikhote Alin Sliver-Northern European Craton (Eurasia),1559
1559,623,623,610.0,90.0,0.0,0.0,301,301,False,"NMS-EUR		   @REF Domeier_Torsvik_2014 @DOI""10.1016/j.gsf.2014.01.002""",1560
1560,624,624,0.0,90.0,0.0,0.0,301,301,False,SAK-EUR Sakhalin-Northern European Craton (Eurasia),1561
1561,624,624,610.0,90.0,0.0,0.0,301,301,False,SAK-EUR,1562
1562,625,625,0.0,90.0,0.0,0.0,301,301,False,CHK-EUR Central Hokkaido-Northern European Craton (Eurasia),1563
1563,625,625,28.5,90.0,0.0,0.0,301,301,False,CHK-EUR    - assume @absage,1564
1564,625,625,47.6,-4.5,-149.96,-2.45,301,301,False,"CHK-EUR @REF Otsuki_Ehiro_1978, @DOI""10.4294/jpe1952.26""    - assume @absage",1565
1565,625,625,610.0,-4.5,-149.96,-2.45,301,301,False,"CHK-EUR	 @REF Domeier_Torsvik_2014 @DOI""10.1016/j.gsf.2014.01.002""",1566
1566,626,626,0.0,90.0,0.0,0.0,625,625,False,WHK-CHK Western Hokkaido-Central Hokkaido,1567
1567,626,626,610.0,90.0,0.0,0.0,625,625,False,"WHK-CHK @REF Domeier_Torsvik_2014 @DOI""10.1016/j.gsf.2014.01.002""",1568
1568,627,627,0.0,90.0,0.0,0.0,625,625,False,NEH-CHK Northeast Honshu-Central Hokkaido,1569
1569,627,627,610.0,90.0,0.0,0.0,625,625,False,"NEH-CHK	 @REF Domeier_Torsvik_2014 @DOI""10.1016/j.gsf.2014.01.002""",1570
1570,628,628,0.0,90.0,0.0,0.0,601,601,False,CHN-NCH Central Honshu-North China Platform,1571
1571,628,628,28.5,90.0,0.0,0.0,601,601,False,CHN-NCH    - assume @absage,1572
1572,628,628,47.6,-13.71,-113.4,-4.45,601,601,False,"CHN-NCH @REF Otsuki_Ehiro_1978, @DOI""10.4294/jpe1952.26""   - assume @absage",1573
1573,628,628,89.9,-13.71,-113.4,-4.45,601,601,False,"CHN-NCH @REF Otsuki_Ehiro_1978, @DOI""10.4294/jpe1952.26""   - assume @absage",1574
1574,628,628,121.6,-13.71,-113.4,-4.06,601,601,False,"CHN-NCH @REF Otsuki_Ehiro_1978, @DOI""10.4294/jpe1952.26""   - assume @absage",1575
1575,628,628,610.0,-13.71,-113.4,-4.06,601,601,False,"CHN-NCH	 @REF Domeier_Torsvik_2014 @DOI""10.1016/j.gsf.2014.01.002""",1576
1576,629,629,0.0,90.0,0.0,0.0,601,601,False,KAN-NCH Kanto Region-North China Platform,1577
1577,629,629,28.5,90.0,0.0,0.0,601,601,False,KAN-NCH       - assume @absage,1578
1578,629,629,47.6,-13.71,-113.4,-4.06,601,601,False,"KAN-NCH @REF Otsuki_Ehiro_1978, @DOI""10.4294/jpe1952.26""   - assume @absage",1579
1579,629,629,89.9,-13.71,-113.4,-4.06,601,601,False,"KAN-NCH @REF Otsuki_Ehiro_1978, @DOI""10.4294/jpe1952.26""   - assume @absage",1580
1580,629,629,121.6,-15.4,-113.43,-3.15,601,601,False,"KAN-NCH @REF Otsuki_Ehiro_1978, @DOI""10.4294/jpe1952.26""   - assume @absage",1581
1581,629,629,610.0,-15.4,-113.43,-3.15,601,601,False,"KAN-NCH	  @REF Domeier_Torsvik_2014 @DOI""10.1016/j.gsf.2014.01.002""",1582
1582,630,630,0.0,90.0,0.0,0.0,601,601,False,NSH-NCH North Southwest Honshu/Kyushu-North China Platform,1583
1583,630,630,28.5,90.0,0.0,0.0,601,601,False,NSH-NCH - assume @absage,1584
1584,630,630,47.6,-13.71,-113.4,-4.06,601,601,False,"NSH-NCH @REF Otsuki_Ehiro_1978, @DOI""10.4294/jpe1952.26"" - assume @absage",1585
1585,630,630,89.9,-13.71,-113.4,-4.06,601,601,False,"NSH-NCH @REF Otsuki_Ehiro_1978, @DOI""10.4294/jpe1952.26"" - assume @absage",1586
1586,630,630,121.6,-13.71,-113.4,-3.62,601,601,False,"NSH-NCH @REF Otsuki_Ehiro_1978, @DOI""10.4294/jpe1952.26""  - assume @absage",1587
1587,630,630,610.0,-13.71,-113.4,-3.62,601,601,False,"NSH-NCH	  @REF Domeier_Torsvik_2014 @DOI""10.1016/j.gsf.2014.01.002""",1588
1588,631,631,0.0,90.0,0.0,0.0,601,601,False,SSH-NCH South Southwest Honshu/Kyushu-N China Platform,1589
1589,631,631,28.5,90.0,0.0,0.0,601,601,False,SSH-NCH - assume @absage,1590
1590,631,631,47.6,-13.71,-113.4,-4.06,601,601,False,"SSH-NCH @REF Otsuki_Ehiro_1978, @DOI""10.4294/jpe1952.26"" - assume @absage",1591
1591,631,631,89.9,-13.71,-113.4,-4.06,601,601,False,"SSH-NCH @REF Otsuki_Ehiro_1978, @DOI""10.4294/jpe1952.26"" - assume @absage",1592
1592,631,631,121.6,-15.4,-113.43,-3.15,601,601,False,"SSH-NCH @REF Otsuki_Ehiro_1978, @DOI""10.4294/jpe1952.26"" - assume @absage",1593
1593,631,631,610.0,-15.4,-113.43,-3.15,601,601,False,"SSH-NCH	 @REF Domeier_Torsvik_2014 @DOI""10.1016/j.gsf.2014.01.002""",1594
1594,636,636,0.0,90.0,0.0,0.0,601,601,False,YAM-NCH Yamato Ridge-North China Platform,1595
1595,636,636,28.5,90.0,0.0,0.0,601,601,False,YAM-NCH - assume @absage,1596
1596,641,641,0.0,90.0,0.0,0.0,601,601,False,SOJ-NCH Sea of Japan-North China Platform,1597
1597,641,641,610.0,90.0,0.0,0.0,601,601,False,"SOJ-NCH	 @REF Domeier_Torsvik_2014 @DOI""10.1016/j.gsf.2014.01.002""",1598
1598,645,645,0.0,90.0,0.0,0.0,614,614,False,CEL-KLM Celebes Basin-Kalimantan,1599
1599,645,645,20.0,90.0,0.0,0.0,614,614,False,"CEL-KLM @REF Gaina_Muller_2007 @DOI""10.1016/j.earscirev.2007.04.004"" - assume @absage",1600
1600,645,645,42.0,0.0,120.4,-20.0,614,614,False,"CEL-KLM @REF Gaina_Muller_2007 @DOI""10.1016/j.earscirev.2007.04.004"" - assume @absage",1601
1601,645,645,80.0,0.0,120.4,-20.0,614,614,False,CEL-KLM @absage,1602
1602,646,646,0.0,90.0,0.0,0.0,614,614,False,ZAM-KLM Zamboanga Peninsula (W. Philippines)-Kalimantan,1603
1603,646,646,10.9,1.7000000000000002,-67.12,-7.89,614,614,False,"ZAM-KLM @REF Zahirovic_++_2014 @DOI""10.5194/se-5-227-2014""  - relative age",1604
1604,646,646,45.0,90.0,0.0,0.0,614,614,False,"ZAM-KLM @REF Zahirovic_++_2014 @DOI""10.5194/se-5-227-2014"" @absage",1605
1605,646,646,250.0,90.0,0.0,0.0,614,614,False,"ZAM-KLM @REF Zahirovic_++_2014 @DOI""10.5194/se-5-227-2014""",1606
1606,647,647,0.0,90.0,0.0,0.0,603,603,False,MLP-SBM Malay Peninsula-Sino Burma Malaya,1607
1607,647,647,11.1,-28.74,130.28,0.15,603,603,False,"MLP-SBM @REF Lee_Lawver_1994, @DOI""10.1016/0040-1951(94)90022-1""",1608
1608,647,647,20.0,-8.71,-78.44,-11.4,603,603,False,"MLP-SBM Sundaland motion calibrated using MIT-P, using 3 and 1.2 cm/yr sink. rate in UM and LM respectively to avoid trench advance. @REF Zahirovic_++_2014 @DOI""10.5194/se-5-227-2014"" @Au SZ, @T 2014 @absage",1609
1609,647,647,30.0,-2.44,-68.46,-6.47,603,603,False,"MLP-SBM @REF Zahirovic_++_2014 @DOI""10.5194/se-5-227-2014"", Sundaland position calibrated using MIT-P (3 and 1.2 cm/yr UM and LM)  @absage",1610
1610,647,647,45.0,-2.44,-68.46,-6.47,603,603,False,"MLP-SBM @REF Zahirovic_++_2014 @DOI""10.5194/se-5-227-2014"", Sundaland position calibrated using MIT-P (3 and 1.2 cm/yr UM and LM)  @absage",1611
1611,647,647,72.0,20.36,72.42,-4.17,603,603,False,"MLP-SBM @REF Muller_++_2008 @DOI""10.1029/2007GC001743"" @absage",1612
1612,647,647,133.0,20.36,72.42,-4.17,603,603,False,"MLP-SBM @REF Muller_++_2008 @DOI""10.1029/2007GC001743"" @xo_ys @absage",1613
1613,647.0,647.0,133.0,17.5606,-178.931,1.6600000000000001,604.0,604.0,0.0,,1614.0
1614,647,647,190.0,17.5606,-178.931,1.6600000000000001,604,604,False,@xo_ys,1615
1615,647,647,190.0,-24.925,-149.612,-27.5596,606,606,False,"MLP-LHA @REF Merdith_++_2021 @DOI""10.1016/j.earscirev.2020.103477"" relative correction",1616
1616,647,647,230.0,15.9278,59.4415,33.0135,606,606,False,"MLP-LHA @REF Merdith_++_2021 @DOI""10.1016/j.earscirev.2020.103477"" relative correction",1617
1617,647,647,410.0,15.9278,59.4415,33.0135,606,606,False,"MLP-LHA @REF Merdith_++_2021 @DOI""10.1016/j.earscirev.2020.103477"" relative correction",1618
1618,647,647,600.0,23.2278,68.8355,48.5081,606,606,False,MLP-LHA Malay Peninsula-Lhasa,1619
1619,647,647,610.0,23.2278,68.8355,48.5081,606,606,False,MLP-LHA Malay Peninsula-Lhasa,1620
1620,648,648,0.0,90.0,0.0,0.0,602,602,False,SOT-SCH South Okinawa Trough-South China Platform,1621
1621,648,648,9.8,24.7,121.7,19.0,602,602,False,"SOT-SCH @REF Lee_Lawver_1995 @DOI""10.1016/0040-1951(95)00023-2""",1622
1622,648,648,250.0,24.7,121.7,19.0,602,602,False,SOT-SCH Opening of the S. Okinawa Trough @absage,1623
1623,649,649,0.0,90.0,0.0,0.0,602,602,False,NOT-SCH North Okinawa Trough-South China Platform,1624
1624,649,649,9.8,32.0,130.0,-7.58,602,602,False,"NOT-SCH @REF Lee_Lawver_1995 @DOI""10.1016/0040-1951(95)00023-2""",1625
1625,649,649,250.0,32.0,130.0,-7.58,602,602,False,NOT-SCH Opening of the N. Okinawa Trough @absage,1626
1626,651,651,0.0,90.0,0.0,0.0,65702,65702,False,LSI-NSM Lombok/Sumbawa Islands-North Sumatra,1627
1627,651,651,9.8,-8.54,115.83,-3.44,65702,65702,False,"LSI-NSM @REF Lee_Lawver_1995 @DOI""10.1016/0040-1951(95)00023-2""",1628
1628,651,651,65.0,-8.54,115.83,-3.44,65702,65702,False,LSI-NSM @absage,1629
1629,652,652,0.0,90.0,0.0,0.0,673,673,False,FAI-SUM Flores/Alor Islands-North Sumatra,1630
1630,652,652,9.8,-8.08,130.54,1.0,673,673,False,"FAI-SUM @REF Lee_Lawver_1995 @DOI""10.1016/0040-1951(95)00023-2""",1631
1631,652,652,65.0,-8.08,130.54,1.0,673,673,False,FAI-SUM @absage,1632
1632,653,653,0.0,90.0,0.0,0.0,608,608,False,NWC-SPS Northwest Caroline Sea-South Philippine Sea,1633
1633,653,653,15.0,9.87,132.0,-25.0,608,608,False,"NWC-SPS @REF Gaina_Muller_2007 @DOI""10.1016/j.earscirev.2007.04.004"", Open Ayu Trough",1634
1634,653,653,25.0,4.23,138.89,7.13,608,608,False,NWC-SPS after @REF Hall_2002,1635
1635,653,653,35.0,5.86,134.13,40.89,608,608,False,NWC-SPS after @REF Hall_2002,1636
1636,653,653,55.0,-4.91,133.88,37.83,608,608,False,"NWC-SPS @REF Zahirovic_++_2014 @DOI""10.5194/se-5-227-2014"", early opening of Proto Caroline Plate",1637
1637,653,653,200.0,-4.91,133.88,37.83,608,608,False,NWC-SPS,1638
1638,654,654,0.0,90.0,0.0,0.0,655,655,False,WCS1-WCS2 Western Caroline Sea 1-Western Caroline Sea 2,1639
1639,654,654,28.3,90.0,0.0,0.0,655,655,False,"WCS1-WCS2 @REF Zahirovic_++_2014 @DOI""10.5194/se-5-227-2014"", an9ro",1640
1640,654,654,28.7,0.0,0.0,0.15,655,655,False,"WCS1-WCS2 @REF Zahirovic_++_2014 @DOI""10.5194/se-5-227-2014"", an10ry",1641
1641,654,654,29.4,-6.58,-0.42,1.67,655,655,False,"WCS1-WCS2 @REF Zahirovic_++_2014 @DOI""10.5194/se-5-227-2014"", an10ro  @xo_ys",1642
1642,654,654,29.4,-2.9699999999999998,-0.14,3.69,653,653,False,"WCS1-NWC @REF Gaina_Muller_2007 @DOI""10.1016/j.earscirev.2007.04.004"", Western Caroline Sea 1-Northwest Caroline Sea an12  crossover",1643
1643,654,654,33.1,-2.9699999999999998,-0.14,3.69,653,653,False,"WCS1-NWC @REF Gaina_Muller_2007 @DOI""10.1016/j.earscirev.2007.04.004"", an12",1644
1644,655,655,0.0,90.0,0.0,0.0,692,692,False,WCS2-WCS3 Western Caroline Sea 2-Western Caroline Sea 3 an8ro cross-over,1645
1645,655,655,26.0,90.0,0.0,0.0,692,692,False,"WCS2-WCS3 @REF Gaina_Muller_2007 @DOI""10.1016/j.earscirev.2007.04.004"", an8ro",1646
1646,655,655,26.6,0.0,0.0,0.06,692,692,False,"WCS2-WCS3 @REF Gaina_Muller_2007 @DOI""10.1016/j.earscirev.2007.04.004"", an8ro",1647
1647,655,655,27.0,0.0,0.0,1.13,692,692,False,"WCS2-WCS3 @REF Gaina_Muller_2007 @DOI""10.1016/j.earscirev.2007.04.004"", an8ro",1648
1648,655,655,28.0,0.0,0.0,1.33,692,692,False,"WCS2-WCS3 @REF Gaina_Muller_2007 @DOI""10.1016/j.earscirev.2007.04.004"", an9ry",1649
1649,655,655,28.3,0.0,0.0,2.03,692,692,False,"WCS2-WCS3 @REF Gaina_Muller_2007 @DOI""10.1016/j.earscirev.2007.04.004"", an9ro  @xo_ys",1650
1650,655,655,28.3,0.0,0.0,2.03,653,653,False,"WCS2-NWC Western Caroline Sea 2-Northwest Caroline Sea @REF Gaina_Muller_2007 @DOI""10.1016/j.earscirev.2007.04.004""",1651
1651,655,655,29.4,0.0,0.0,2.03,653,653,False,WCS2-NWC,1652
1652,657,657,0.0,90.0,0.0,0.0,673,673,False,WJAV-SUM Java-Sumatra,1653
1653,657,657,10.0,4.94,-72.77,2.3,673,673,False,"WJAV-SUM @REF Zahirovic_++_2014 @DOI""10.5194/se-5-227-2014"" @Au SZ, @T 2014, Minimising overlaps",1654
1654,657,657,15.0,5.03,-75.09,13.32,673,673,False,"WJAV-SUM @REF Zahirovic_++_2014 @DOI""10.5194/se-5-227-2014"" @Au SZ, @T 2014, Minimising overlaps",1655
1655,657,657,20.0,4.43,-75.32,22.07,673,673,False,"WJAV-SUM @REF Zahirovic_++_2014 @DOI""10.5194/se-5-227-2014"" @Au SZ, @T 2014, Minimising overlaps",1656
1656,657,657,50.0,4.77,-75.2,78.72,673,673,False,"WJAV-SUM @REF Zahirovic_++_2014 @DOI""10.5194/se-5-227-2014"" @Au SZ, @T 2014, Minimising overlaps",1657
1657,657,657,75.0,4.74,-75.27,78.83,673,673,False,"WJAV-SUM @REF Zahirovic_++_2014 @DOI""10.5194/se-5-227-2014"" @Au SZ, @T 2014",1658
1658,657,657,610.0,4.74,-75.27,78.83,673,673,False,WJAV-SUM,1659
1659,658,658,0.0,90.0,0.0,0.0,613,613,False,SCSF-SCS South China Sea Floor-Southside South China Sea,1660
1660,658,658,250.0,90.0,0.0,0.0,613,613,False,"SCSF-SCS @REF Briais_++_1993 @DOI""10.1029/92JB02280""",1661
1661,659,659,0.0,90.0,0.0,0.0,611,611,False,ESB-WSB East Shikoku Basin-West Shikoku Basin,1662
1662,659,659,15.0,90.0,0.0,0.0,611,611,False,"ESB-WSB @REF Sdrolias_++_2004 @DOI""10.1016/j.tecto.2004.07.061""",1663
1663,659,659,17.3,35.0,84.44,-1.27,611,611,False,"ESB-WSB @REF Sdrolias_++_2004 @DOI""10.1016/j.tecto.2004.07.061""  - relative age",1664
1664,659,659,18.3,36.78,84.32,-1.45,611,611,False,"ESB-WSB @REF Sdrolias_++_2004 @DOI""10.1016/j.tecto.2004.07.061""  - relative age",1665
1665,659,659,20.1,8.0,154.14,3.85,611,611,False,"ESB-WSB @REF Sdrolias_++_2004 @DOI""10.1016/j.tecto.2004.07.061""  - relative age",1666
1666,659,659,21.3,4.88,154.14,4.8100000000000005,611,611,False,"ESB-WSB @REF Sdrolias_++_2004 @DOI""10.1016/j.tecto.2004.07.061""  - relative age",1667
1667,659,659,22.6,4.88,151.58,6.8,611,611,False,"ESB-WSB @REF Sdrolias_++_2004 @DOI""10.1016/j.tecto.2004.07.061""  - relative age",1668
1668,659,659,23.4,4.88,152.65,8.47,611,611,False,"ESB-WSB @REF Sdrolias_++_2004 @DOI""10.1016/j.tecto.2004.07.061""  - relative age",1669
1669,659,659,25.2,4.88,152.65,10.78,611,611,False,"ESB-WSB @REF Sdrolias_++_2004 @DOI""10.1016/j.tecto.2004.07.061""  - relative age",1670
1670,659,659,26.6,4.88,152.65,13.09,611,611,False,"ESB-WSB @REF Sdrolias_++_2004 @DOI""10.1016/j.tecto.2004.07.061""  - relative age",1671
1671,659,659,28.0,4.88,152.65,14.52,611,611,False,"ESB-WSB @REF Sdrolias_++_2004 @DOI""10.1016/j.tecto.2004.07.061""  - relative age",1672
1672,659,659,45.0,14.82,148.11,22.3,611,611,False,"ESB-WSB @REF Zahirovic_++_2014 @DOI""10.5194/se-5-227-2014"" - Tomographic constraint",1673
1673,659,659,55.0,19.21,146.93,35.99,611,611,False,"ESB-WSB @REF Zahirovic_++_2014 @DOI""10.5194/se-5-227-2014"" - Tomographic constraint",1674
1674,659,659,100.0,19.21,146.93,35.99,611,611,False,ESB-WSB,1675
1675,660,660,0.0,90.0,0.0,0.0,612,612,False,NWSC-NCS Northwest South China Sea-Northside South China Sea,1676
1676,660,660,28.6,90.0,0.0,0.0,612,612,False,NWSC-NCS,1677
1677,660,660,30.1,10.9,84.9,1.4,612,612,False,"NWSC-NCS @REF Briais_++_1993 @DOI""10.1029/92JB02280"", NW section",1678
1678,660,660,250.0,10.9,84.9,1.4,612,612,False,"NWSC-NCS @REF Briais_++_1993 @DOI""10.1029/92JB02280"", NW section",1679
1679,662,662,0.0,90.0,0.0,0.0,641,641,False,EJS-SOJ Eastern Japan Sea-Japan Basin Spreading Centre,1680
1680,662,662,15.0,90.0,0.0,0.0,641,641,False,EJS-SOJ,1681
1681,662,662,17.3,50.0,155.0,-1.82,641,641,False,"EJS-SOJ @REF Muller_++_2008 @DOI""10.1029/2007GC001743"", Simulate opening",1682
1682,662,662,22.6,50.0,155.0,-6.22,641,641,False,"EJS-SOJ @REF Muller_++_2008 @DOI""10.1029/2007GC001743"", Simulate opening",1683
1683,662,662,30.0,50.0,155.0,-7.5,641,641,False,"EJS-SOJ @REF Muller_++_2008 @DOI""10.1029/2007GC001743"", Simulate opening",1684
1684,662,662,250.0,50.0,155.0,-7.5,641,641,False,"EJS-WJS Muller et al. 2008  @REF Domeier_Torsvik_2014 @DOI""10.1016/j.gsf.2014.01.002""",1685
1685,662,662,258.0,50.0,155.0,-7.5,641,641,False,"EJS-WJS Muller et al. 2008 @absage  @REF Domeier_Torsvik_2014 @DOI""10.1016/j.gsf.2014.01.002""",1686
1686,663,663,0.0,9.19,85.93,-10.72,677,677,False,SPSC-PAL South Proto South China Sea-Palawan - Non extant at present day,1687
1687,663,663,45.0,9.19,85.93,-10.72,677,677,False,"SPSC-PAL @REF Zahirovic_++_2014 @DOI""10.5194/se-5-227-2014"" @xo_os @absage",1688
1688,663,663,45.0,2.45,-68.24,-55.18,735,735,False,SPSC-SEM South Proto South China Sea-Semitau Block Zahirovic et al. (2014) @absage,1689
1689,663,663,200.0,90.0,0.0,0.0,735,735,False,"SPSC-SEM @REF Zahirovic_++_2014 @DOI""10.5194/se-5-227-2014""",1690
1690,664,664,0.0,90.0,0.0,0.0,676,676,False,BAN-BDA Banda Sea-Banda Arc,1691
1691,664,664,3.5,90.0,0.0,0.0,676,676,False,BAN-BDA Lucipara Arc rifted from Banda Arc based on Hinshberger 2001,1692
1692,664,664,5.9,18.31,-80.0,2.3,676,676,False,BAN-BDA based on @REF Hinshberger_2001,1693
1693,664,664,6.5,20.0,-80.0,3.1,676,676,False,BAN-BDA based on @REF Hinshberger_2001,1694
1694,664,664,8.0,20.0,-80.0,4.4,676,676,False,BAN-BDA based on @REF Hinshberger_2001 - assume @absage,1695
1695,664,664,200.0,90.0,0.0,0.0,676,676,False,BAN-BDA @absage,1696
1696,665,665,0.0,90.0,0.0,0.0,645,645,False,CLL-CEL Celebes Sea Spreading Centre-Celebes Basin,1697
1697,665,665,34.0,90.0,0.0,0.0,645,645,False,CLL-CEL Spreading stopped,1698
1698,665,665,35.6,-9.0,100.0,1.0,645,645,False,"CLL-CEL @REF Gaina_Muller_2007 @DOI""10.1016/j.earscirev.2007.04.004""",1699
1699,665,665,38.1,-9.0,100.0,4.5,645,645,False,"CLL-CEL @REF Gaina_Muller_2007 @DOI""10.1016/j.earscirev.2007.04.004""",1700
1700,665,665,40.1,-9.0,100.0,8.6,645,645,False,"CLL-CEL @REF Gaina_Muller_2007 @DOI""10.1016/j.earscirev.2007.04.004""",1701
1701,665,665,41.5,-9.0,100.0,11.0,645,645,False,"CLL-CEL @REF Gaina_Muller_2007 @DOI""10.1016/j.earscirev.2007.04.004""",1702
1702,665,665,43.8,-9.0,100.0,15.0,645,645,False,"CLL-CEL @REF Gaina_Muller_2007 @DOI""10.1016/j.earscirev.2007.04.004""",1703
1703,665,665,47.9,-9.0,100.0,18.3,645,645,False,"CLL-CEL @REF Gaina_Muller_2007 @DOI""10.1016/j.earscirev.2007.04.004""",1704
1704,665,665,50.0,-9.0,100.0,20.0,645,645,False,"CLL-CEL @REF Gaina_Muller_2007 @DOI""10.1016/j.earscirev.2007.04.004"" @absage",1705
1705,665,665,90.0,-9.0,100.0,20.0,645,645,False,CLL-CEL @absage,1706
1706,666,666,250.0,7.99,103.4,72.46,602,602,False,"ISEM-BOR Intermediate rotation for Semitau, Zahirovic et al. (2014)",1707
1707,666,666,410.0,7.99,103.4,72.46,602,602,False,"ISEM-BOR Intermediate rotation for Semitau, Zahirovic et al. (2014)",1708
1708,666,666,1000.0,7.99,103.4,72.46,602,602,False,ISEM-BOR,1709
1709,666,666,1010.0,7.99,103.4,72.46,602,602,False,ISEM-BOR,1710
1710,667,667,0.0,90.0,0.0,0.0,615,615,False,ESW-PNG Northeast Sulawesi-Papua New Guinea,1711
1711,667,667,15.0,56.77,47.85,8.2,615,615,False,ESW-PNG after @REF Hall_2002,1712
1712,667,667,24.5,64.92,62.71,9.3,615,615,False,ESW-PNG after @REF Hall_2002,1713
1713,667,667,1010.0,64.92,62.71,9.3,615,615,False,ESW-PNG,1714
1714,668,668,0.0,90.0,0.0,0.0,61405,61405,False,WSW-EKLM West Sulawesi-Easternmost Kalimantan,1715
1715,668,668,34.0,90.0,0.0,0.0,61405,61405,False,"WSW-EKLM @REF Gaina_Muller_2007 @DOI""10.1016/j.earscirev.2007.04.004"", Changed from 16.7 to 34-consistent with Celebes",1716
1716,668,668,50.0,2.06,120.93,-21.2,61405,61405,False,"WSW-EKLM @REF Lee_Lawver_1995 @DOI""10.1016/0040-1951(95)00023-2"" @absage",1717
1717,668,668,610.0,2.06,120.93,-21.2,61405,61405,False,"WSW-EKLM  @REF Domeier_Torsvik_2014 @DOI""10.1016/j.gsf.2014.01.002""",1718
1718,669,669,0.0,90.0,0.0,0.0,665,665,False,NSU-CLL North Sulawesi-Celebes Sea Spreading Centre,1719
1719,669,669,10.0,9.0,-76.0,12.0,665,665,False,"NSU-CLL @REF Gaina_Muller_2007 @DOI""10.1016/j.earscirev.2007.04.004"" @absage",1720
1720,669,669,35.0,-4.16,-48.02,-19.58,665,665,False,"NSU-CLL @REF Zahirovic_++_2014 @DOI""10.5194/se-5-227-2014"" @absage",1721
1721,669,669,55.0,-0.47000000000000003,-52.49,-32.43,665,665,False,"NSU-CLL @REF Zahirovic_++_2014 @DOI""10.5194/se-5-227-2014"" @absage",1722
1722,669,669,250.0,-0.47000000000000003,-52.49,-32.43,665,665,False,NSU-CLL,1723
1723,670,670,0.0,90.0,0.0,0.0,667,667,False,SLA-ESW Sula/Banggai-Northeast Sulawesi,1724
1724,670,670,5.4,1.43,-57.04,20.71,667,667,False,"SLA-ESW @REF Lee_Lawver_1995 @DOI""10.1016/0040-1951(95)00023-2""     - relative age",1725
1725,670,670,9.8,1.43,-57.71,35.42,667,667,False,"SLA-ESW @REF Lee_Lawver_1995 @DOI""10.1016/0040-1951(95)00023-2"", cross-over   - relative age @xo_yf",1726
1726,670,670,9.8,10.25,-54.48,19.1,61502,61502,False,"SLA-BH2 Sula/Banggai-Bird's Head Plate 2  collision w/Sulawesi @REF Lee_Lawver_1995 @DOI""10.1016/0040-1951(95)00023-2"", crossover    - relative age",1727
1727,670,670,19.7,26.18,-49.96,15.92,61502,61502,False,"SLA-BH2 @REF Lee_Lawver_1995 @DOI""10.1016/0040-1951(95)00023-2""    - relative age",1728
1728,670,670,24.5,83.37,-103.19,9.33,61502,61502,False,"SLA-BH2 @REF Lee_Lawver_1995 @DOI""10.1016/0040-1951(95)00023-2""    - relative age",1729
1729,670,670,610.0,83.37,-103.19,9.33,61502,61502,False,SLA-BH2,1730
1730,673,673,0.0,90.0,0.0,0.0,647,647,False,SUM-MLP North Sumatra-Malay Peninsula,1731
1731,673,673,610.0,90.0,0.0,0.0,647,647,False,SUM-MLP,1732
1732,674,674,0.0,90.0,0.0,0.0,678,678,False,NEG-EPH Negros-East Philippines,1733
1733,674,674,200.0,90.0,0.0,0.0,678,678,False,NEG-EPH,1734
1734,675,675,0.0,90.0,0.0,0.0,801,801,False,SMB-AUS Sumba (east of Flores)-Australia,1735
1735,675,675,145.0,90.0,0.0,0.0,801,801,False,SMB-AUS,1736
1736,675,675,155.0,7.48,-55.32,-36.48,801,801,False,"SMB-AUS @REF Zahirovic_++_2014 @DOI""10.5194/se-5-227-2014"", Aborted rifting event",1737
1737,675,675,610.0,7.48,-55.32,-36.48,801,801,False,SMB-AUS,1738
1738,676,676,0.0,90.0,0.0,0.0,673,673,False,BDA-SUM Banda Arc-North Sumatra,1739
1739,676,676,57.3,90.0,0.0,0.0,673,673,False,BDA-SUM,1740
1740,677,677,0.0,90.0,0.0,0.0,738,738,False,PAL-SPA Palawan-South Palawan,1741
1741,677,677,10.0,90.0,0.0,0.0,738,738,False,"PAL-SPA @REF Zahirovic_++_2014 @DOI""10.5194/se-5-227-2014""  @xo_ys @absage",1742
1742,677,677,10.0,-4.89,-62.53,-5.77,617,617,False,"PAL-RDB @REF Zahirovic_++_2014 @DOI""10.5194/se-5-227-2014"", Palawan-Reed Bank  @absage",1743
1743,677,677,250.0,-4.89,-62.53,-5.77,617,617,False,PAL-RDB,1744
1744,678,678,0.0,90.0,0.0,0.0,608,608,False,EPH-SPS East Philippines-South Philippine Sea,1745
1745,678,678,5.0,-38.63,-88.13,0.5700000000000001,608,608,False,"EPH-SPS @REF Gaina_Muller_2007 @DOI""10.1016/j.earscirev.2007.04.004"", subduction of PSP and collision with Mindoro @absage",1746
1746,678,678,14.0,-5.28,-51.4,-28.81,608,608,False,"EPH-SPS @REF Gaina_Muller_2007 @DOI""10.1016/j.earscirev.2007.04.004"", onset of PSP subduction @absage",1747
1747,678,678,200.0,-5.28,-51.4,-28.81,608,608,False,EPH-SPS,1748
1748,679,679,0.0,90.0,0.0,0.0,680,680,False,"WHA-EHA @REF Gaina_Muller_2007 @DOI""10.1016/j.earscirev.2007.04.004"", West Halmahera Block-East Halmahera Block",1749
1749,679,679,250.0,90.0,0.0,0.0,680,680,False,"WHA-EHA @REF Gaina_Muller_2007 @DOI""10.1016/j.earscirev.2007.04.004"", after @REF Hall_2002 @absage",1750
1750,680,680,0.0,90.0,0.0,0.0,678,678,False,EHA-EPH East Halmahera-East Philippines,1751
1751,680,680,25.0,14.45,128.48,-4.92,678,678,False,"EHA-EPH @REF Gaina_Muller_2007 @DOI""10.1016/j.earscirev.2007.04.004"", after @REF Hall_2002 @absage",1752
1752,680,680,55.0,14.45,128.48,-4.92,678,678,False,"EHA-EPH @REF Gaina_Muller_2007 @DOI""10.1016/j.earscirev.2007.04.004"", after @REF Hall_2002 @absage",1753
1753,680,680,155.0,9.91,116.83,-10.62,678,678,False,"EHA-EPH @REF Gaina_Muller_2007 @DOI""10.1016/j.earscirev.2007.04.004"", after @REF Hall_2002 @absage",1754
1754,681,681,0.0,90.0,0.0,0.0,61501,61501,False,SER-BH1 Seram-Bird's Head Plate 1,1755
1755,681,681,610.0,90.0,0.0,0.0,61501,61501,False,SER-BH1,1756
1756,683,683,0.0,90.0,0.0,0.0,652,652,False,WET-FAI Wetar-Flores/Alor Islands,1757
1757,683,683,3.1,21.26,15.14,-0.32,652,652,False,"WET-FAI @REF Lee_Lawver_1995 @DOI""10.1016/0040-1951(95)00023-2"" - assume @absage",1758
1758,683,683,65.0,21.26,15.14,-0.32,652,652,False,WET-FAI @absage,1759
1759,684,684,0.0,90.0,0.0,0.0,801,801,False,TIM-AUS Timor-Australia,1760
1760,684,684,145.0,90.0,0.0,0.0,801,801,False,TIM-AUS @absage,1761
1761,684,684,155.0,-38.89,61.58,-0.85,801,801,False,"TIM-AUS @REF Zahirovic_++_2014 @DOI""10.5194/se-5-227-2014"" @absage",1762
1762,684,684,610.0,-38.89,61.58,-0.85,801,801,False,"TIM-AUS  @REF Domeier_Torsvik_2014 @DOI""10.1016/j.gsf.2014.01.002""",1763
1763,686,686,0.0,90.0,0.0,0.0,673,673,False,BSS-SUM Barisan/South Sumatra-North Sumatra,1764
1764,686,686,12.1,15.8,129.1,2.1,673,673,False,BSS-SUM from @REF Huchon_Le_Pichon_1984,1765
1765,686,686,20.1,-7.18,148.5,2.67,673,673,False,"BSS-SUM Closure forearc basin @Au SS, @T 2011",1766
1766,686,686,30.1,1.4100000000000001,139.8,2.27,673,673,False,"BSS-SUM Opening forearc basin @Au SS, @T 2011",1767
1767,686,686,70.0,0.99,-60.31,-6.39,673,673,False,"BSS-SUM @REF Zahirovic_++_2014 @DOI""10.5194/se-5-227-2014"" @absage @xo_yf",1768
1768,686,686,70.0,-4.97,-35.23,-4.93,787,787,False,"BSS-WOY Barisan-Woyla, @REF Zahirovic_++_2014 @DOI""10.5194/se-5-227-2014"" @absage",1769
1769,686,686,80.0,-0.59,-69.97,0.74,787,787,False,"BSS-WOY @REF Zahirovic_++_2014 @DOI""10.5194/se-5-227-2014"" @absage",1770
1770,686,686,90.0,-21.3298,-96.1841,11.1076,787,787,False,"BSS-WOY @REF Zahirovic_++_2014 @DOI""10.5194/se-5-227-2014"" @absage @xo_of",1771
1771,686,686,90.0,10.98,105.5,-48.47,607,607,False,BSS-MAW Barisan-Mawgyi @absage,1772
1772,686,686,100.0,-10.99,-72.76,45.56,607,607,False,"BSS-MAW @REF Zahirovic_++_2014 @DOI""10.5194/se-5-227-2014"" @absage",1773
1773,686,686,158.0,-10.99,-72.76,45.56,607,607,False,"BSS-MAW @REF Zahirovic_++_2014 @DOI""10.5194/se-5-227-2014"", Possible origin of Woyla continental fragments from Gondwana @absage",1774
1774,686,686,250.0,-10.99,-72.76,45.56,607,607,False,BSS-MAW,1775
1775,687,687,0.0,90.0,0.0,0.0,603,603,False,AND-SBM Andaman/Nicobar Ridge-Sino Burma Malaya,1776
1776,687,687,11.0,17.51,137.86,2.56,603,603,False,"AND-SBM @REF Lee_Lawver_1994, @DOI""10.1016/0040-1951(94)90022-1""",1777
1777,687,687,28.5,1.82,26.76,-6.01,603,603,False,"AND-SBM @REF Lee_Lawver_1994, @DOI""10.1016/0040-1951(94)90022-1""",1778
1778,687,687,65.0,1.82,26.76,-6.01,603,603,False,AND-SBM @absage,1779
1779,688,688,0.0,90.0,0.0,0.0,654,654,False,SWCB-WCS1 Southwest Caroline Basin-Western Caroline Sea 1,1780
1780,688,688,29.4,90.0,0.0,0.0,654,654,False,"SWCB-WCS1 @REF Gaina_Muller_2007 @DOI""10.1016/j.earscirev.2007.04.004"", an10ro",1781
1781,688,688,30.1,0.0,0.0,0.24,654,654,False,"SWCB-WCS1 @REF Gaina_Muller_2007 @DOI""10.1016/j.earscirev.2007.04.004"", an11ry",1782
1782,688,688,30.9,0.0,0.0,1.13,654,654,False,"SWCB-WCS1 @REF Gaina_Muller_2007 @DOI""10.1016/j.earscirev.2007.04.004"", an12ry",1783
1783,688,688,33.1,0.0,0.0,2.8,654,654,False,"SWCB-WCS1 @REF Gaina_Muller_2007 @DOI""10.1016/j.earscirev.2007.04.004"", an12ro  @xo_ys",1784
1784,688,688,33.1,-1.69,-0.12,6.49,653,653,False,SWCB-NWC Southwest Caroline Basin-Northwest Caroline Sea cross-over,1785
1785,688,688,34.7,-6.61,11.4,6.57,653,653,False,"SWCB-NWC @REF Gaina_Muller_2007 @DOI""10.1016/j.earscirev.2007.04.004"", an13ro",1786
1786,688,688,34.9,-6.88,15.61,6.65,653,653,False,"SWCB-NWC @REF Gaina_Muller_2007 @DOI""10.1016/j.earscirev.2007.04.004"", an15ry",1787
1787,688,688,35.3,-7.16,20.78,6.8,653,653,False,"SWCB-NWC @REF Gaina_Muller_2007 @DOI""10.1016/j.earscirev.2007.04.004"", an15ro",1788
1788,688,688,36.6,-7.5,29.78,7.22,653,653,False,"SWCB-NWC @REF Gaina_Muller_2007 @DOI""10.1016/j.earscirev.2007.04.004"", an16ro",1789
1789,688,688,37.0,-7.6,33.96,7.49,653,653,False,"SWCB-NWC @REF Gaina_Muller_2007 @DOI""10.1016/j.earscirev.2007.04.004""",1790
1790,688,688,100.0,-7.6,33.96,7.49,653,653,False,SWCB-NWC @absage,1791
1791,689,689,0.0,90.0,0.0,0.0,690,690,False,NEC-SEC Northeast Caroline Basin-Southeast Caroline Basin,1792
1792,689,689,25.8,90.0,0.0,0.0,690,690,False,NEC-SEC,1793
1793,689,689,26.6,4.44,169.58,-1.6,690,690,False,"NEC_SEC @REF Gaina_Muller_2007 @DOI""10.1016/j.earscirev.2007.04.004"", An8ry",1794
1794,689,689,27.0,6.82,170.18,-1.88,690,690,False,"NEC_SEC @REF Gaina_Muller_2007 @DOI""10.1016/j.earscirev.2007.04.004"", An8ro",1795
1795,689,689,28.0,12.07,171.21,-2.84,690,690,False,"NEC-SEC @REF Gaina_Muller_2007 @DOI""10.1016/j.earscirev.2007.04.004"", An9ry",1796
1796,689,689,28.3,13.4,175.08,-2.84,690,690,False,"NEC-SEC @REF Gaina_Muller_2007 @DOI""10.1016/j.earscirev.2007.04.004"", AN9ro",1797
1797,689,689,28.7,15.43,-173.9,-2.77,690,690,False,"NEC-SEC @REF Gaina_Muller_2007 @DOI""10.1016/j.earscirev.2007.04.004"", AN10ry",1798
1798,689,689,29.4,19.85,-153.83,-2.89,690,690,False,"NEC-SEC @REF Gaina_Muller_2007 @DOI""10.1016/j.earscirev.2007.04.004"", AN10ro",1799
1799,689,689,30.1,19.85,-129.3,-3.04,690,690,False,"NEC-SEC @REF Gaina_Muller_2007 @DOI""10.1016/j.earscirev.2007.04.004"", AN11ry",1800
1800,689,689,30.5,19.85,-129.29,-3.16,690,690,False,"NEC-SEC @REF Gaina_Muller_2007 @DOI""10.1016/j.earscirev.2007.04.004"", AN11ro",1801
1801,689,689,30.9,19.85,-129.28,-3.74,690,690,False,"NEC-SEC @REF Gaina_Muller_2007 @DOI""10.1016/j.earscirev.2007.04.004"", AN12ry",1802
1802,689,689,33.1,19.02,-118.23,-4.35,690,690,False,"NEC-SEC @REF Gaina_Muller_2007 @DOI""10.1016/j.earscirev.2007.04.004"", AN12ro",1803
1803,689,689,35.3,19.02,-118.23,-5.3,690,690,False,"NEC-SEC @REF Gaina_Muller_2007 @DOI""10.1016/j.earscirev.2007.04.004"", AN15ro",1804
1804,689,689,37.0,19.02,-118.23,-6.3,690,690,False,"NEC-SEC @REF Gaina_Muller_2007 @DOI""10.1016/j.earscirev.2007.04.004"", breakup @absage",1805
1805,689,689,40.0,19.02,-118.23,-6.3,690,690,False,NEC-SEC @absage,1806
1806,690,690,0.0,90.0,0.0,0.0,653,653,False,SEC-NWC Southeast Caroline Basin-Northwest Caroline Basin,1807
1807,690,690,65.0,90.0,0.0,0.0,653,653,False,"SEC-NWC @REF Lee_Lawver_1994, @DOI""10.1016/0040-1951(94)90022-1""  @absage",1808
1808,691,691,0.0,90.0,0.0,0.0,301,301,False,CLB-EUR Central Luzon Block-Northern European Craton (Eurasia),1809
1809,691,691,50.0,6.83,128.15,-63.36,301,301,False,"CLB-EUR @REF Gaina_Muller_2007 @DOI""10.1016/j.earscirev.2007.04.004"" change pole to leave room for Celebes Sea  @absage",1810
1810,691,691,90.0,17.51,125.15,-63.36,301,301,False,"CLB-EUR @REF Gaina_Muller_2007 @DOI""10.1016/j.earscirev.2007.04.004"" @absage",1811
1811,691,691,200.0,17.51,125.15,-63.36,301,301,False,CLB-EUR,1812
1812,692,692,0.0,90.0,0.0,0.0,653,653,False,WCS3-NWC Western Caroline Sea 3-Northwest Caroline Basin,1813
1813,692,692,45.0,90.0,0.0,0.0,653,653,False,WCS3-NWC @absage,1814
1814,693,693,0.0,90.0,0.0,0.0,653,653,False,WCR-NWC Western Caroline Ridge-Northwest Caroline Basin,1815
1815,693,693,11.3,47.81,20.22,-1.4100000000000001,653,653,False,"WCR-NWC @REF Gaina_Muller_2007 @DOI""10.1016/j.earscirev.2007.04.004"" - assume @absage",1816
1816,693,693,40.0,47.81,20.22,-1.4100000000000001,653,653,False,"WCR-NWC @REF Gaina_Muller_2007 @DOI""10.1016/j.earscirev.2007.04.004"" @absage",1817
1817,697,697,0.0,90.0,0.0,0.0,689,689,False,"TPA-NEC Toricelli, Prince Alexander, Finisterre Arc-Northeast Caroline Basin",1818
1818,697,697,5.0,3.51,-33.74,-8.12,689,689,False,"TPA-NEC Initial collision with PNG in the west, propagating eastward @absage",1819
1819,697,697,10.0,2.68,-40.26,-13.15,689,689,False,"TPA-NEC @REF Zahirovic_++_2014 @DOI""10.5194/se-5-227-2014"" @absage",1820
1820,697,697,29.0,-8.06,138.82,18.11,689,689,False,"TPA-NEC @REF Zahirovic_++_2014 @DOI""10.5194/se-5-227-2014"" @absage",1821
1821,697,697,200.0,-8.06,138.82,18.11,689,689,False,"TPA-NEC @REF Zahirovic_++_2014 @DOI""10.5194/se-5-227-2014""",1822
1822,698,698,0.0,90.0,0.0,0.0,801,801,False,CNG-AUS Central New Guinea-Australia,1823
1823,698,698,25.0,90.0,0.0,0.0,801,801,False,"CNG-AUS Sepik Accretion, Peninsular Orogeny at ~25 Ma (Dow, 1977; Pigram and Davies, 1987; Davies et al., 1996; Findlay, 2003), Zahirovic et al. (2014) @absage",1824
1824,698,698,40.0,-16.1,-61.53,-11.33,801,801,False,"CNG-AUS Onset of subduction of Sepik back-arc, @REF Zahirovic_++_2014 @DOI""10.5194/se-5-227-2014"" @absage",1825
1825,698,698,52.0,-16.1,-61.53,-11.33,801,801,False,"CNG-AUS @REF Zahirovic_++_2014 @DOI""10.5194/se-5-227-2014"" @absage",1826
1826,698,698,80.0,90.0,0.0,0.0,801,801,False,"CNG-AUS @REF Zahirovic_++_2014 @DOI""10.5194/se-5-227-2014"" @absage",1827
1827,698,698,610.0,90.0,0.0,0.0,801,801,False,CNG-AUS,1828
1828,699,699,0.0,90.0,0.0,0.0,610,610,False,MAR-EPV Mariana Ridge-East Parece Vela Basin,1829
1829,699,699,6.7,23.36,138.24,-12.53,610,610,False,"MAR-EPV @REF Lee_Lawver_1995 @DOI""10.1016/0040-1951(95)00023-2"" - assume @absage",1830
1830,699,699,80.0,23.36,138.24,-12.53,610,610,False,MAR-EPV @absage,1831
1831,701,701,0.0,90.0,0.0,0.0,70,070,False,"AFR-070 Africa-longitude correction (GAPWAP) @REF Merdith_++_2021 @DOI""10.1016/j.earscirev.2020.103477""",1832
1832,701,701,10.0,0.0,97.19,5.31,70,070,False,"AFR-070 (GAPWAP) @REF Merdith_++_2021 @DOI""10.1016/j.earscirev.2020.103477""",1833
1833,701,701,20.0,0.0,91.92,6.71,70,070,False,"AFR-070 (GAPWAP) @REF Merdith_++_2021 @DOI""10.1016/j.earscirev.2020.103477""",1834
1834,701,701,30.0,0.0,102.08,8.54,70,070,False,"AFR-070 (GAPWAP) @REF Merdith_++_2021 @DOI""10.1016/j.earscirev.2020.103477""",1835
1835,701,701,40.0,0.0,117.34,13.73,70,070,False,"AFR-070 (GAPWAP) @REF Merdith_++_2021 @DOI""10.1016/j.earscirev.2020.103477""",1836
1836,701,701,50.0,0.0,124.39,15.27,70,070,False,"AFR-070 (GAPWAP) @REF Merdith_++_2021 @DOI""10.1016/j.earscirev.2020.103477""",1837
1837,701,701,60.0,0.0,129.74,16.83,70,070,False,"AFR-070 (GAPWAP) @REF Merdith_++_2021 @DOI""10.1016/j.earscirev.2020.103477""",1838
1838,701,701,70.0,0.0,138.56,18.91,70,070,False,"AFR-070 (GAPWAP) @REF Merdith_++_2021 @DOI""10.1016/j.earscirev.2020.103477""",1839
1839,701,701,80.0,0.0,142.15,19.77,70,070,False,"AFR-070 (GAPWAP) @REF Merdith_++_2021 @DOI""10.1016/j.earscirev.2020.103477""",1840
1840,701,701,90.0,0.0,151.23,20.74,70,070,False,"AFR-070 (GAPWAP) @REF Merdith_++_2021 @DOI""10.1016/j.earscirev.2020.103477""",1841
1841,701,701,100.0,0.0,159.7,23.92,70,070,False,"AFR-070 (GAPWAP) @REF Merdith_++_2021 @DOI""10.1016/j.earscirev.2020.103477""",1842
1842,701,701,110.0,0.0,165.43,28.74,70,070,False,"AFR-070 (GAPWAP) @REF Merdith_++_2021 @DOI""10.1016/j.earscirev.2020.103477""",1843
1843,701,701,120.0,0.0,169.28,32.69,70,070,False,"AFR-070 (GAPWAP) @REF Merdith_++_2021 @DOI""10.1016/j.earscirev.2020.103477""",1844
1844,701,701,130.0,0.0,168.73,35.79,70,070,False,"AFR-070 (GAPWAP) @REF Merdith_++_2021 @DOI""10.1016/j.earscirev.2020.103477""",1845
1845,701,701,140.0,0.0,168.24,39.3,70,070,False,"AFR-070 (GAPWAP) @REF Merdith_++_2021 @DOI""10.1016/j.earscirev.2020.103477""",1846
1846,701,701,150.0,0.0,166.55,41.89,70,070,False,"AFR-070 (GAPWAP) @REF Merdith_++_2021 @DOI""10.1016/j.earscirev.2020.103477""",1847
1847,701,701,160.0,0.0,165.22,35.73,70,070,False,"AFR-070 (GAPWAP) @REF Merdith_++_2021 @DOI""10.1016/j.earscirev.2020.103477""",1848
1848,701,701,170.0,0.0,164.81,33.63,70,070,False,"AFR-070 (GAPWAP) @REF Merdith_++_2021 @DOI""10.1016/j.earscirev.2020.103477""",1849
1849,701,701,180.0,0.0,161.57,29.21,70,070,False,"AFR-070 (GAPWAP) @REF Merdith_++_2021 @DOI""10.1016/j.earscirev.2020.103477""",1850
1850,701,701,190.0,0.0,156.99,26.56,70,070,False,"AFR-070 (GAPWAP) @REF Merdith_++_2021 @DOI""10.1016/j.earscirev.2020.103477""",1851
1851,701,701,200.0,0.0,152.7,26.13,70,070,False,"AFR-070 (GAPWAP) @REF Merdith_++_2021 @DOI""10.1016/j.earscirev.2020.103477""",1852
1852,701,701,210.0,0.0,147.26,26.82,70,070,False,"AFR-070 (GAPWAP) @REF Merdith_++_2021 @DOI""10.1016/j.earscirev.2020.103477""",1853
1853,701,701,220.0,0.0,146.59,29.53,70,070,False,"AFR-070 (GAPWAP) @REF Merdith_++_2021 @DOI""10.1016/j.earscirev.2020.103477""",1854
1854,701,701,230.0,0.0,148.46,37.21,70,070,False,"AFR-070 (GAPWAP) @REF Merdith_++_2021 @DOI""10.1016/j.earscirev.2020.103477""",1855
1855,701,701,240.0,0.0,150.42,42.82,70,070,False,"AFR-070 (GAPWAP) @REF Merdith_++_2021 @DOI""10.1016/j.earscirev.2020.103477""",1856
1856,701,701,250.0,0.0,152.87,47.36,70,070,False,"AFR-070 (GAPWAP) @REF Merdith_++_2021 @DOI""10.1016/j.earscirev.2020.103477""",1857
1857,701,701,260.0,0.0,152.55,51.43,70,070,False,"AFR-070 (GAPWAP) @REF Merdith_++_2021 @DOI""10.1016/j.earscirev.2020.103477""",1858
1858,701,701,270.0,0.0,150.95,51.36,70,070,False,"AFR-070 (GAPWAP) @REF Merdith_++_2021 @DOI""10.1016/j.earscirev.2020.103477""",1859
1859,701,701,280.0,0.0,148.21,53.97,70,070,False,"AFR-070 (GAPWAP) @REF Merdith_++_2021 @DOI""10.1016/j.earscirev.2020.103477""",1860
1860,701,701,290.0,0.0,145.23,57.94,70,070,False,"AFR-070 (GAPWAP) @REF Merdith_++_2021 @DOI""10.1016/j.earscirev.2020.103477""",1861
1861,701,701,300.0,0.0,141.98,57.87,70,070,False,"AFR-070 (GAPWAP) @REF Merdith_++_2021 @DOI""10.1016/j.earscirev.2020.103477""",1862
1862,701,701,310.0,0.0,140.57,58.66,70,070,False,"GON-070 Gondwana-Spin Axis (APWP) @REF Merdith_++_2021 @DOI""10.1016/j.earscirev.2020.103477""",1863
1863,701,701,320.0,0.0,139.46,63.67,70,070,False,"GON-070 (APWP) @REF Merdith_++_2021 @DOI""10.1016/j.earscirev.2020.103477""",1864
1864,701,701,330.0,0.0,137.91,66.09,70,070,False,"GON-070 (APWP) @REF Merdith_++_2021 @DOI""10.1016/j.earscirev.2020.103477""",1865
1865,701,701,340.0,0.0,128.47,70.9,70,070,False,"GON-070 (APWP) @REF Merdith_++_2021 @DOI""10.1016/j.earscirev.2020.103477""",1866
1866,701,701,350.0,0.0,116.38,78.48,70,070,False,"GON-070 (APWP) @REF Merdith_++_2021 @DOI""10.1016/j.earscirev.2020.103477""",1867
1867,701,701,360.0,0.0,110.03,83.68,70,070,False,"GON-070 (APWP) @REF Merdith_++_2021 @DOI""10.1016/j.earscirev.2020.103477""",1868
1868,701,701,370.0,0.0,108.08,85.39,70,070,False,"GON-070 (APWP) @REF Merdith_++_2021 @DOI""10.1016/j.earscirev.2020.103477""",1869
1869,701,701,380.0,0.0,107.56,86.03,70,070,False,"GON-070 (APWP) @REF Merdith_++_2021 @DOI""10.1016/j.earscirev.2020.103477""",1870
1870,701,701,390.0,0.0,106.38,80.23,70,070,False,"GON-070 (APWP) @REF Merdith_++_2021 @DOI""10.1016/j.earscirev.2020.103477""",1871
1871,701,701,400.0,0.0,103.55,82.08,70,070,False,"GON-070 (APWP) @REF Merdith_++_2021 @DOI""10.1016/j.earscirev.2020.103477""",1872
1872,701,701,410.0,1.37,102.8915,68.5103,70,070,False,"GON-070 (APWP) @REF Merdith_++_2021 @DOI""10.1016/j.earscirev.2020.103477""",1873
1873,701,701,420.0,0.0,95.005,85.4002,70,070,False,"GON-070 (APWP) @REF Merdith_++_2021 @DOI""10.1016/j.earscirev.2020.103477""   0.0 100.67   83.01",1874
1874,701,701,430.0,0.0,88.6223,103.487,70,070,False,"GON-070 (APWP) @REF Merdith_++_2021 @DOI""10.1016/j.earscirev.2020.103477""  0.0   98.6   78.66",1875
1875,701,701,440.0,0.0,83.68,122.11,70,070,False,"GON-070 (APWP) @REF Merdith_++_2021 @DOI""10.1016/j.earscirev.2020.103477""",1876
1876,701,701,450.0,0.0,89.0,126.0,70,070,False,"GON-070 (APWP) @REF Merdith_++_2021 @DOI""10.1016/j.earscirev.2020.103477""",1877
1877,701,701,460.0,0.0,93.06,124.89,70,070,False,"GON-070 (APWP) @REF Merdith_++_2021 @DOI""10.1016/j.earscirev.2020.103477""",1878
1878,701,701,470.0,0.0,94.96,124.8,70,070,False,"GON-070 (APWP) @REF Merdith_++_2021 @DOI""10.1016/j.earscirev.2020.103477""",1879
1879,701,701,480.0,0.0,97.71,120.83,70,070,False,"GON-070 (APWP) @REF Merdith_++_2021 @DOI""10.1016/j.earscirev.2020.103477""",1880
1880,701,701,490.0,0.0,99.15,117.75,70,070,False,"GON-070 (APWP) @REF Merdith_++_2021 @DOI""10.1016/j.earscirev.2020.103477""",1881
1881,701,701,500.0,0.0,101.03,114.0,70,070,False,"GON-070 (APWP) @REF Merdith_++_2021 @DOI""10.1016/j.earscirev.2020.103477""",1882
1882,701,701,510.0,0.0,100.46,112.02,70,070,False,"GON-070 (APWP) @REF Merdith_++_2021 @DOI""10.1016/j.earscirev.2020.103477""",1883
1883,701,701,520.0,0.0,-85.15,-109.96,70,070,False,"GON-070 (APWP) @REF Merdith_++_2021 @DOI""10.1016/j.earscirev.2020.103477""",1884
1884,701,701,530.0,0.0,-90.78,-105.02,70,070,False,"GON-070 (APWP) @REF Merdith_++_2021 @DOI""10.1016/j.earscirev.2020.103477""",1885
1885,701,701,540.0,0.0,-92.16,-100.45,70,070,False,"GON-070 (APWP) @REF Merdith_++_2021 @DOI""10.1016/j.earscirev.2020.103477""",1886
1886,701,701,540.0,0.0,87.84,100.45,0,000,False,"CON-000 Congo-Spin Axis @REF Merdith_++_2021 @DOI""10.1016/j.earscirev.2020.103477""",1887
1887,701,701,560.0,-5.2442,86.5678,104.3071,0,000,False,,1888
1888,701,701,590.0,12.43,78.66,78.95,0,000,False,"CON-000 @REF Merdith_++_2021 @DOI""10.1016/j.earscirev.2020.103477""",1889
1889,701,701,600.0,11.852,72.8397,75.1631,0,000,False,,1890
1890,701,701,700.0,-16.7656,37.6379,116.7094,0,000,False,"CON-000 @REF Merdith_++_2021 @DOI""10.1016/j.earscirev.2020.103477""",1891
1891,701,701,750.0,13.4168,-146.6944,-132.7918,0,000,False,"CON-000 @REF Merdith_++_2021 @DOI""10.1016/j.earscirev.2020.103477""",1892
1892,701,701,850.0,33.0097,-135.5,-72.7623,0,000,False,"CON-000 @REF Merdith_++_2021 @DOI""10.1016/j.earscirev.2020.103477""",1893
1893,701,701,850.0,5.1851,164.598,135.703,101,101,False,"CON-LAU Congo-Laurentia @REF Merdith_++_2021 @DOI""10.1016/j.earscirev.2020.103477""",1894
1894,701,701,870.0,5.1851,164.598,135.703,101,101,False,"CON-LAU @REF Merdith_++_2021 @DOI""10.1016/j.earscirev.2020.103477""",1895
1895,701,701,1000.0,12.06,168.88,163.54,101,101,False,"CON-LAU @REF Merdith_++_2021 @DOI""10.1016/j.earscirev.2020.103477""",1896
1896,701,701,1010.0,12.06,168.88,163.54,101,101,False,"CON-LAU @REF Merdith_++_2021 @DOI""10.1016/j.earscirev.2020.103477""",1897
1897,702,702,0.0,90.0,0.0,0.0,701,701,False,MAD-AFR Madagascar-Africa,1898
1898,702,702,120.6,90.0,0.0,0.0,701,701,False,MAD-AFR,1899
1899,702,702,123.6,2.5700000000000003,-63.33,1.5,701,701,False,"MAD-AFR @REF Muller_++_2008 @DOI""10.1029/2007GC001743"" M2",1900
1900,702,702,125.7,2.5700000000000003,-63.33,2.43,701,701,False,"MAD-AFR @REF Muller_++_2008 @DOI""10.1029/2007GC001743"" M4",1901
1901,702,702,126.9,2.5700000000000003,-63.33,3.17,701,701,False,"MAD-AFR @REF Muller_++_2008 @DOI""10.1029/2007GC001743"" M6",1902
1902,702,702,128.9,2.5700000000000003,-63.33,3.94,701,701,False,"MAD-AFR @REF Muller_++_2008 @DOI""10.1029/2007GC001743"" M10",1903
1903,702,702,130.8,2.5700000000000003,-63.33,4.68,701,701,False,"MAD-AFR @REF Muller_++_2008 @DOI""10.1029/2007GC001743"" M11  @xo_ys",1904
1904,702,702,130.8,-10.65,-26.45,-42.17,802,802,False,"MAD-ANT @REF Muller_++_2008 @DOI""10.1029/2007GC001743""",1905
1905,702,702,410.0,-10.65,-26.45,-42.17,802,802,False,MAD-ANT Muller et al. 2008  @xo_ys,1906
1906,702,702,410.0,9.7457,124.886,-16.0517,701,701,False,MAD-CON Madagascar-Congo,1907
1907,702,702,520.0,9.7457,124.886,-16.0517,701,701,False,MAD-CON,1908
1908,702,702,520.0,-18.982,-150.098,-61.6053,501,501,False,ANT-IND Antongil (Madagascar)-India Merdith et al. (2017); Torsvik et al. (2001),1909
1909,702,702,1010.0,-18.982,-150.098,-61.6053,501,501,False,ANT-IND Merdith et al. (2017); Torsvik et al. (2001),1910
1910,704,704,0.0,90.0,0.0,0.0,702,702,False,SEY-MAD Seychelles-Madagascar,1911
1911,704,704,64.0,90.0,0.0,0.0,702,702,False,SEY-MAD @xo_ys,1912
1912,704,704,64.0,22.68,19.84,37.31,501,501,False,"SEY-IND @REF Gibbons_++_2012 @DOI""10.1029/2011GC003919"" (based on @REF Yatheesh_++_2006)",1913
1913,704,704,83.0,22.73,16.74,39.11,501,501,False,"SEY-IND @REF Gibbons_++_2012 @DOI""10.1029/2011GC003919"" (based on @REF Yatheesh_++_2006)  @xo_ys",1914
1914,704,704,83.0,17.7598,24.4676,-13.7507,702,702,False,"SEY-MAD @REF Gibbons_++_2012 @DOI""10.1029/2011GC003919"" (based on @REF Yatheesh_++_2006)",1915
1915,704,704,122.0,17.7598,24.4676,-13.7507,702,702,False,"SEY-MAD @REF Gibbons_++_2012 @DOI""10.1029/2011GC003919"" (based on @REF Yatheesh_++_2006)  @absage, model dependent",1916
1916,704,704,410.0,17.7598,24.4676,-13.7507,702,702,False,SEY-MAD,1917
1917,704,704,410.0,-20.0473,-148.8885,-47.9285,501,501,False,SEY-IND Seychelles-India Torsvik et al. (2001),1918
1918,704,704,1010.0,20.0473,31.1115,47.9285,501,501,False,SEY-IND Torsvik et al. (2001),1919
1919,706,706,0.0,90.0,0.0,0.0,714,714,False,ORA-NWA Oran Meseta-Northwest Africa,1920
1920,706,706,610.0,90.0,0.0,0.0,714,714,False,"ORA-NWA	  @REF Domeier_Torsvik_2014 @DOI""10.1016/j.gsf.2014.01.002""",1921
1921,707,707,0.0,90.0,0.0,0.0,3203,3203,False,GKAB1-IBZ Grande Kabylie1-Ibiza,1922
1922,707,707,19.0,90.0,0.0,0.0,3203,3203,False,"GKAB1-IBZ @REF Schettino_Turco_2006 @DOI""10.1111/j.1365-246X.2006.02997.x""",1923
1923,707,707,28.0,33.14,-1.08,15.2,3203,3203,False,"GKAB1-IBZ @REF Schettino_Turco_2006 @DOI""10.1111/j.1365-246X.2006.02997.x""",1924
1924,707,707,610.0,33.14,-1.08,15.2,3203,3203,False,GKAB1-IBZ,1925
1925,708,708,0.0,90.0,0.0,0.0,3062,3062,False,PKAB-SSR Petite Kabylie-South Sardinia,1926
1926,708,708,19.0,90.0,0.0,0.0,3062,3062,False,"PKAB-SSR @REF Schettino_Turco_2011 @DOI""10.1130/B30064.1""",1927
1927,708,708,23.4,39.81,4.92,22.5,3062,3062,False,"PKAB-SSR @REF Schettino_Turco_2011 @DOI""10.1130/B30064.1""",1928
1928,708,708,28.0,40.63,5.03,30.33,3062,3062,False,"PKAB-SSR @REF Schettino_Turco_2011 @DOI""10.1130/B30064.1""",1929
1929,708,708,33.1,40.74,5.07,34.63,3062,3062,False,"PKAB-SSR @REF Schettino_Turco_2011 @DOI""10.1130/B30064.1""",1930
1930,708,708,610.0,40.74,5.07,34.63,3062,3062,False,PKAB-SSAR,1931
1931,709,709,0.0,90.0,0.0,0.0,701,701,False,"SOM-AFR, Somalia Plate - Nubia",1932
1932,709,709,2.6,-40.44,39.37,0.17,701,701,False,"SOM-AFR @REF Iaffaldano_++_2014 @DOI""10.1002/2013GC005089""",1933
1933,709,709,3.6,-38.77,40.1,0.25,701,701,False,"SOM-AFR @REF Iaffaldano_++_2014 @DOI""10.1002/2013GC005089""",1934
1934,709,709,6.0,-43.64,43.45,0.4,701,701,False,"SOM-AFR @REF Iaffaldano_++_2014 @DOI""10.1002/2013GC005089""",1935
1935,709,709,8.8,-42.39,45.0,0.6000000000000001,701,701,False,"SOM-AFR @REF Iaffaldano_++_2014 @DOI""10.1002/2013GC005089""",1936
1936,709,709,11.0,-43.08,44.29,0.72,701,701,False,"SOM-AFR @REF Iaffaldano_++_2014 @DOI""10.1002/2013GC005089""",1937
1937,709,709,16.0,-41.27,37.04,0.93,701,701,False,"SOM-AFR @REF Iaffaldano_++_2014 @DOI""10.1002/2013GC005089""",1938
1938,709,709,17.5,-44.37,33.54,0.98,701,701,False,"SOM-AFR @REF Iaffaldano_++_2014 @DOI""10.1002/2013GC005089""",1939
1939,709,709,19.7,-48.85,17.57,1.01,701,701,False,"SOM-AFR @REF Iaffaldano_++_2014 @DOI""10.1002/2013GC005089""",1940
1940,709,709,250.0,-48.85,17.57,1.01,701,701,False,"SOM-AFR @REF Iaffaldano_++_2014 @DOI""10.1002/2013GC005089""",1941
1941,709,709,1010.0,-48.85,17.57,1.01,701,701,False,SOM-AFR,1942
1942,710,710,0.0,90.0,0.0,0.0,701,701,False,DAN-AFR Danakil-Africa,1943
1943,710,710,11.0,19.0,42.0,-7.7,701,701,False,DAN-AFR @REF Eagles_++_2002,1944
1944,710,710,610.0,19.0,42.0,-7.7,701,701,False,"DAN-AFR, Eagles et al 2002",1945
1945,712,712,0.0,90.0,0.0,0.0,701,701,False,LVB-AFR Lake Victoria Block-Africa,1946
1946,712,712,1010.0,90.0,0.0,0.0,701,701,False,"LVB-AFR @REF Domeier_Torsvik_2014 @DOI""10.1016/j.gsf.2014.01.002""",1947
1947,713,713,0.0,90.0,0.0,0.0,701,701,False,NMZ-AFR North Mozambique-Africa,1948
1948,713,713,1010.0,90.0,0.0,0.0,701,701,False,"NMZ-AFR  @REF Domeier_Torsvik_2014 @DOI""10.1016/j.gsf.2014.01.002""",1949
1949,714,714,0.0,90.0,0.0,0.0,715,715,False,NWA-NEA Northwest Africa-Northeast Africa,1950
1950,714,714,110.0,90.0,0.0,0.0,715,715,False,"NWA-NEA @REF Heine_++_2013 @DOI""10.5194/se-4-215-2013"" @T""2011-02-23"" @absage",1951
1951,714,714,145.0,25.21,5.47,2.87,715,715,False,"NWA-NEA @REF Heine_++_2013 @DOI""10.5194/se-4-215-2013"" @T""2012-01-28"" @absage",1952
1952,714,714,540.0,25.21,5.47,2.87,715,715,False,NWA-NEA,1953
1953,714,714,600.0,25.21,5.47,2.87,715,715,False,NWA-NEA,1954
1954,999,999,615.0,-15.4611,37.4837,35.3558,715,715,False,,1955
1955,714,714,750.0,52.5033,175.409,-35.5081,715,715,False,"WAC-AMA @REF Merdith_++_2021 @DOI""10.1016/j.earscirev.2020.103477""",1956
1956,714,714,750.0,-62.5864,-113.7165,53.9738,201,201,False,"WAC-AMA @REF Merdith_++_2021 @DOI""10.1016/j.earscirev.2020.103477""",1957
1957,714,714,850.0,42.27,-27.21,-70.14,201,201,False,"WAC-AMA @REF Merdith_++_2021 @DOI""10.1016/j.earscirev.2020.103477""",1958
1958,714,714,1100.0,42.27,-27.21,-70.14,201,201,False,"WAC-AMA @REF Merdith_++_2021 @DOI""10.1016/j.earscirev.2020.103477""",1959
1959,715,715,0.0,90.0,0.0,0.0,701,701,False,NEA-AFR Northeast Africa-Africa,1960
1960,715,715,110.0,90.0,0.0,0.0,701,701,False,"NEA-AFR @REF Heine_++_2013 @DOI""10.5194/se-4-215-2013""@AU""CHHEI""  @T""2011-12-20"" @absage",1961
1961,715,715,145.0,4.0,34.0,1.6099999999999999,701,701,False,"NEA-AFR @REF Heine_++_2013 @DOI""10.5194/se-4-215-2013"" @AU""CHHEI"" @T""2011-11-29"" @absage",1962
1962,715,715,600.0,4.0,34.0,1.6099999999999999,701,701,False,NEA-AFR,1963
1963,715,715,630.0,37.62,69.22,-14.74,701,701,False,"SMC-CON Sahara Metacraton-Congo @REF Merdith_++_2021 @DOI""10.1016/j.earscirev.2020.103477""",1964
1964,715,715,850.0,-11.6,-145.74,38.45,701,701,False,SMC-CON,1965
1965,715,715,850.0,-47.3455,169.7704,62.5067,206,206,False,"SMC-SFC Sahara Metacraton-Sao Francisco @REF Merdith_++_2021 @DOI""10.1016/j.earscirev.2020.103477""",1966
1966,715,715,1010.0,47.3455,-10.2296,-62.5067,206,206,False,"SMC-SFC @REF Merdith_++_2021 @DOI""10.1016/j.earscirev.2020.103477""",1967
1967,716,716,0.0,90.0,0.0,0.0,714,714,False,ILL-NWA Illumeden platelet-Northwest Africa,1968
1968,716,716,112.0,90.0,0.0,0.0,714,714,False,"ILL-NWA @REF Heine_++_2013 @DOI""10.5194/se-4-215-2013""  @AU""CHHEI""  @T""2011-12-16 @absage",1969
1969,716,716,130.0,25.21,5.47,-0.89,714,714,False,"ILL-NWA @REF Heine_++_2013 @DOI""10.5194/se-4-215-2013""  @AU""CHHEI""  @T""2011-12-16 @absage",1970
1970,716,716,610.0,25.21,5.47,-0.89,714,714,False,ILL-NWA,1971
1971,717,717,0.0,90.0,0.0,0.0,7064,7064,False,"BNS-LSB Bangong Nujiang suture east of Karakoram Fault-Southern boundary Qiangtang/Lhasa, @REF van Hinsbergen_++_2011 @DOI""10.1029/2011TC002908""",1972
1972,717,717,13.0,41.85,-47.26,-0.26,7064,7064,False,"BNS-LSB @REF van Hinsbergen_++_2011 @DOI""10.1029/2011TC002908"" @absage",1973
1973,717,717,20.0,41.85,-47.26,-0.26,7064,7064,False,"BNS-LSB @REF van Hinsbergen_++_2011 @DOI""10.1029/2011TC002908"" @absage",1974
1974,717,717,21.0,25.93,-138.06,-0.15,7064,7064,False,"BNS-LSB @REF Gibbons_++_2015 @DOI""10.1016/j.gr.2015.01.001"" [@REF van Hinsbergen_++_2011 @DOI""10.1029/2011TC002908"" pole but 15 Ma later] @absage",1975
1975,717,717,55.0,-34.89,-114.02,27.11,7064,7064,False,"BNS-LSB @REF Gibbons_++_2015 @DOI""10.1016/j.gr.2015.01.001"" p'lats from @REF Achache_++_1984 @DOI""10.1029/JB089iB12p10311"" & Sun_++_2010 @absage",1976
1976,717,717,150.0,-39.63,-126.31,28.93,7064,7064,False,"BNS-LSB @REF Gibbons_++_2015 @DOI""10.1016/j.gr.2015.01.001"" p'lats from @REF Achache_++_1984 @DOI""10.1029/JB089iB12p10311"" & Sun_++_2010 @absage",1977
1977,717,717,180.0,-39.07,-125.15,29.37,7064,7064,False,"BNS-LSB @REF Gibbons_++_2015 @DOI""10.1016/j.gr.2015.01.001"" p'lats from @REF Achache_++_1984 @DOI""10.1029/JB089iB12p10311"" & Sun_++_2010 @absage @xo_ys",1978
1978,717,717,180.0,-47.7562,147.6641,-62.2606,530,530,False,"BNS-CMT1 Bangong Nujiang suture-Central Mesotethys 1, @REF Gibbons_++_2015 @DOI""10.1016/j.gr.2015.01.001"" p'lats from @REF Achache_++_1984 @DOI""10.1029/JB089iB12p10311"" & Sun_++_2010 @absage",1979
1979,717,717,250.0,-47.7562,147.6641,-62.2606,530,530,False,"BNS-CMT1 @REF Gibbons_++_2015 @DOI""10.1016/j.gr.2015.01.001""",1980
1980,718,718,0.0,90.0,0.0,0.0,706,706,False,TEL-MOR Tellian (Atlas)-Morocco,1981
1981,718,718,610.0,90.0,0.0,0.0,706,706,False,TEL-MOR,1982
1982,720,720,0.0,90.0,0.0,0.0,304,304,False,ALB-IBR Alboran-Iberia,1983
1983,720,720,610.0,90.0,0.0,0.0,304,304,False,ALB-IBR,1984
1984,721,721,0.0,90.0,0.0,0.0,706,706,False,RIF-ORA Rif-Oran Meseta,1985
1985,721,721,610.0,90.0,0.0,0.0,706,706,False,RIF-ORA,1986
1986,723,723,0.0,90.0,0.0,0.0,701,701,False,"BNE-AFR Benoue Microplate-Africa @C""ZEROROT""",1987
1987,723,723,610.0,90.0,0.0,0.0,701,701,False,"BNE-AFR  @REF Domeier_Torsvik_2014 @DOI""10.1016/j.gsf.2014.01.002""",1988
1988,726,726,0.0,90.0,0.0,0.0,715,715,False,"BGR-NEA Bongor Microplate-Northeast Africa @C""ZEROROT""",1989
1989,726,726,105.0,90.0,0.0,0.0,715,715,False,"BGR-NEA @REF Heine_++_2013 @DOI""10.5194/se-4-215-2013""  @AU""CHHEI"" @T""2011-12-14"" @absage",1990
1990,726,726,145.0,13.72,12.01,3.51,715,715,False,"BGR-NEA @REF Heine_++_2013 @DOI""10.5194/se-4-215-2013""  @AU""CHHEI""  @T""2011-12-14"" @absage",1991
1991,726,726,610.0,13.72,12.01,3.51,715,715,False,BGR-NEA,1992
1992,727,727,0.0,90.0,0.0,0.0,613,613,False,NPSC-SCS North Proto South China Sea-Southside South China Sea,1993
1993,727,727,45.0,90.0,0.0,0.0,613,613,False,"NPSC-SCS @REF Zahirovic_++_2014 @DOI""10.5194/se-5-227-2014"" @xo_ys",1994
1994,727,727,45.0,-6.93,95.38,33.14,738,738,False,NPSC-SPA North Proto South China Sea-South Palawan,1995
1995,727,727,65.0,6.93,-84.62,-33.14,738,738,False,"NPSC-SPA @REF Zahirovic_++_2014 @DOI""10.5194/se-5-227-2014""",1996
1996,727,727,250.0,6.93,-84.62,-33.14,738,738,False,NPSC-SPA,1997
1997,729,729,0.0,90.0,0.0,0.0,801,801,False,NTJ1-AUS NeoTethys Triple Junction isochrons 1 - Australia,1998
1998,729,729,250.0,90.0,0.0,0.0,801,801,False,NTJ1-AUS,1999
1999,731,731,0.0,90.0,0.0,0.0,801,801,False,NSEP-AUS North Sepik isochrons-Australia,2000
2000,731,731,40.0,90.0,0.0,0.0,801,801,False,"NSEP-AUS @REF Zahirovic_++_2014 @DOI""10.5194/se-5-227-2014"" @xo_os",2001
2001,731,731,40.0,-16.1,-61.53,11.33,698,698,False,NSEP-CNG North Sepik isochrons-Central New Guinea,2002
2002,731,731,80.0,-16.1,-61.53,11.33,698,698,False,"NSEP-CNG @REF Zahirovic_++_2014 @DOI""10.5194/se-5-227-2014""",2003
2003,732,732,0.0,90.0,0.0,0.0,608,608,False,PMOL-SPS Proto Molucca Plate isochrons-South Phillipine Sea,2004
2004,732,732,47.0,-18.82,-61.26,36.77,608,608,False,"PMOL-SPS @REF Zahirovic_++_2014 @DOI""10.5194/se-5-227-2014""",2005
2005,732,732,55.0,-18.1,-60.4,23.93,608,608,False,"PMOL-SPS @REF Zahirovic_++_2014 @DOI""10.5194/se-5-227-2014""",2006
2006,732,732,65.0,-18.78,-53.49,17.12,608,608,False,"PMOL-SPS @REF Zahirovic_++_2014 @DOI""10.5194/se-5-227-2014""",2007
2007,732,732,85.0,-13.98,-72.01,4.06,608,608,False,"PMOL-SPS @REF Zahirovic_++_2014 @DOI""10.5194/se-5-227-2014""",2008
2008,732,732,100.0,-13.98,-72.01,4.06,608,608,False,"PMOL-SPS @REF Zahirovic_++_2014 @DOI""10.5194/se-5-227-2014""",2009
2009,734,734,0.0,90.0,0.0,0.0,849,849,False,NSOL-SOL North Solomon isochrons - South Solomon Basin,2010
2010,734,734,25.0,90.0,0.0,0.0,849,849,False,"NSOL-SOL @REF Zahirovic_++_2014 @DOI""10.5194/se-5-227-2014"" @xo_ys",2011
2011,734,734,25.0,-42.32,-161.63,20.82,847,847,False,"NSOL-SOL @REF Zahirovic_++_2014 @DOI""10.5194/se-5-227-2014""",2012
2012,734,734,200.0,-42.32,-161.63,20.82,847,847,False,"NSOL-SOL @REF Zahirovic_++_2014 @DOI""10.5194/se-5-227-2014""",2013
2013,735,735,0.0,90.0,0.0,0.0,614,614,False,SEM-KLM Semitau Block-Kalimantan (Borneo Core),2014
2014,735,735,45.0,90.0,0.0,0.0,614,614,False,"SEM-KLM @REF Zahirovic_++_2014 @DOI""10.5194/se-5-227-2014"" collision with Borneo",2015
2015,735,735,50.0,-0.42,-72.73,-39.01,614,614,False,"SEM-KLM @REF Zahirovic_++_2014 @DOI""10.5194/se-5-227-2014"" @absage",2016
2016,735,735,55.0,-1.62,-74.37,-78.18,614,614,False,"SEM-KLM @REF Zahirovic_++_2014 @DOI""10.5194/se-5-227-2014"" @absage",2017
2017,735,735,65.0,-3.05,-75.58,-142.76,614,614,False,"SEM-KLM @REF Zahirovic_++_2014 @DOI""10.5194/se-5-227-2014"" rifting from South China @absage",2018
2018,735,735,150.0,-3.0517,-75.5815,-142.7607,614,614,False,"SEM-KLM @REF Zahirovic_++_2014 @DOI""10.5194/se-5-227-2014"" @absage @xo_of",2019
2019,735,735,150.0,6.18,109.78,70.86,613,613,False,SEM-SCS,2020
2020,735,735,250.0,6.18,109.78,70.86,613,613,False,"SEM-SCS  @REF Zahirovic_++_2014 @DOI""10.5194/se-5-227-2014"" @absage",2021
2021,735,735,410.0,6.1764,109.78,70.8589,613,613,False,SEM-SCS,2022
2022,735,735,610.0,6.1764,109.78,70.8589,613,613,False,SEM-SCS,2023
2023,736,736,0.0,90.0,0.0,0.0,657,657,False,EJAV-WJAV East Java-West Java,2024
2024,736,736,80.0,90.0,0.0,0.0,657,657,False,"EJAV-WJAV @REF Zahirovic_++_2014 @DOI""10.5194/se-5-227-2014"" Suturing to SW Borneo",2025
2025,736,736,90.0,4.52,-70.48,-23.71,657,657,False,"EJAV-WJAV @REF Zahirovic_++_2014 @DOI""10.5194/se-5-227-2014""",2026
2026,736,736,100.0,2.39,-67.87,-41.52,657,657,False,"EJAV-WJAV @REF Zahirovic_++_2014 @DOI""10.5194/se-5-227-2014"" @xo_ys",2027
2027,736,736,100.0,34.9496,-92.6914,-84.3809,926,926,False,"EJAV-IZA @REF Zahirovic_++_2014 @DOI""10.5194/se-5-227-2014"" East Java-Izanagi",2028
2028,736,736,115.0,34.9452,-96.6378,-82.9959,926,926,False,"EJAV-IZA @REF Zahirovic_++_2014 @DOI""10.5194/se-5-227-2014"" Collision with intra-oceanic arc @xo_of",2029
2029,736,736,115.0,34.53,10.52,49.56,780,780,False,"EJAV-NPMOL @REF Zahirovic_++_2014 @DOI""10.5194/se-5-227-2014"" East Java-North Proto Molucca Plate",2030
2030,736,736,610.0,34.53,10.52,49.56,780,780,False,"EJAV-NPMOL @REF Zahirovic_++_2014 @DOI""10.5194/se-5-227-2014""",2031
2031,737,737,0.0,90.0,0.0,0.0,678,678,False,ELB-EPH East Luzon Block-East Philippine Archipelago,2032
2032,737,737,200.0,90.0,0.0,0.0,678,678,False,"ELB-EPH @REF Zahirovic_++_2014 @DOI""10.5194/se-5-227-2014""",2033
2033,738,738,0.0,90.0,0.0,0.0,61406,61406,False,SPA-SPA2 South Palawan-South Palawan 2,2034
2034,738,738,37.0,90.0,0.0,0.0,61406,61406,False,SPA-SPA2 @absage,2035
2035,738,738,45.0,-38.64,35.65,-1.33,61406,61406,False,SPA-SPA2 @absage,2036
2036,738,738,100.0,-38.64,35.65,-1.33,61406,61406,False,SPA-SPA2 @absage,2037
2037,738,738,200.0,90.0,0.0,0.0,61406,61406,False,"SPA-SPA2 @REF Zahirovic_++_2014 @DOI""10.5194/se-5-227-2014""",2038
2038,739,739,0.0,90.0,0.0,0.0,781,781,False,NTJ2-SPMOL NeoTethys Triple Junction isochrons 2 - South Proto Molucca,2039
2039,739,739,250.0,90.0,0.0,0.0,781,781,False,NTJ2-SPMOL,2040
2040,740,740,0.0,90.0,0.0,0.0,780,780,False,JUN4-NPMOL Junction Plate 4 - North Proto Molucca Plate,2041
2041,740,740,50.0,-19.73,-63.11,-137.3,780,780,False,"JUN4-NPMOL @REF Zahirovic_++_2014 @DOI""10.5194/se-5-227-2014"" @absage",2042
2042,740,740,115.0,-19.5646,-63.0687,-137.3909,780,780,False,"JUN4-NPMOL @REF Zahirovic_++_2014 @DOI""10.5194/se-5-227-2014"" @absage @xo_of",2043
2043,740,740,115.0,51.56,7.94,-0.01,498,498,False,"JUN4-JUN1 @REF Zahirovic_++_2014 @DOI""10.5194/se-5-227-2014"" Junction Plate 4 - Junction Plate 1 @absage",2044
2044,740,740,250.0,90.0,0.0,0.0,498,498,False,JUN4-JUN1 Junction Plate 4 - Junction Plate 1,2045
2045,740,740,610.0,90.0,0.0,0.0,498,498,False,JUN4-JUN1,2046
2046,741,741,0.0,90.0,0.0,0.0,534,534,False,NTJ3-CMT2 NeoTethys triple junction 3 - Central Mesotethys 2,2047
2047,741,741,200.0,90.0,0.0,0.0,534,534,False,"NTJ3-CMT2 @REF Zahirovic_++_2014 @DOI""10.5194/se-5-227-2014""",2048
2048,742,742,0.0,90.0,0.0,0.0,499,499,False,NTJ4-JUN2 NeoTethys triple junction 4 - Junction Plate 2,2049
2049,742,742,200.0,90.0,0.0,0.0,499,499,False,"NTJ4-JUN2 @REF Zahirovic_++_2014 @DOI""10.5194/se-5-227-2014""",2050
2050,750,750,0.0,90.0,0.0,0.0,701,701,False,"MLV-AFR Malvinas-Africa @C""ZEROROT""",2051
2051,750,750,65.6,63.0,-33.3,0.7000000000000001,701,701,False,"MLV-AFR @REF Nuernberg_1991 @DOI""10.1016/0040-1951(91)90231-G"" @Au DN @T 1987-11-13",2052
2052,750,750,71.1,62.9,-34.6,2.67,701,701,False,"MLV-AFR @REF Nuernberg_1991 @DOI""10.1016/0040-1951(91)90231-G"" @Au DN @T 1987-11-13",2053
2053,750,750,73.0,62.85,-34.75,3.59,701,701,False,"MLV-AFR @REF Nuernberg_1991 @DOI""10.1016/0040-1951(91)90231-G"" @Au DN @T 1987-11-13",2054
2054,750,750,79.1,62.71,-36.26,7.0,701,701,False,"MLV-AFR @REF Nuernberg_1991 @DOI""10.1016/0040-1951(91)90231-G"" @Au DN @T 1987-11-13    @C""calculated""",2055
2055,750,750,83.0,58.55,-33.73,9.52,701,701,False,"MLV-AFR @REF Nuernberg_1991 @DOI""10.1016/0040-1951(91)90231-G"" @Au DN @T 1987-11-13    @C""calculated""",2056
2056,750,750,250.0,58.55,-33.73,9.52,701,701,False,MLV-AFR,2057
2057,752,752,0.0,90.0,0.0,0.0,714,714,False,LOI1-NWA Isochron of AFR-IBR  Ligurian Ocean,2058
2058,752,752,250.0,90.0,0.0,0.0,714,714,False,"LOI1-NWA @REF Hosseinpour_++_(in review), Isochron of AFR-IBR  Ligurian Ocean    @Au MH @T 05082014",2059
2059,754,754,0.0,90.0,0.0,0.0,307,307,False,"LOI4-ADR @REF Hosseinpour_++_(in review), Isochron of IBR-ADR East,  Ligurian Ocean",2060
2060,754,754,250.0,90.0,0.0,0.0,307,307,False,"LOI4-ADR @REF Hosseinpour_++_(in review), Isochron of IBR-ADR East,  Ligurian Ocean   @Au MH @T 05082014",2061
2061,760,760,0.0,90.0,0.0,0.0,714,714,False,NBS-NEA Nigeria-Benin Shield-North East Africa,2062
2062,760,760,410.0,90.0,0.0,0.0,714,714,False,NBS-NEA,2063
2063,760,760,410.0,17.8699,16.1108,4.2932,701,701,False,NBS-CON Nigeria-Benin Shield-Congo,2064
2064,760,760,520.0,17.8699,16.1108,4.2932,701,701,False,NBS-CON,2065
2065,760,760,520.0,51.78,-34.96,-53.08,22052,22052,False,"NBS-BOR Nigeria-Benin Shield-Borborema @REF Merdith_++_2021 @DOI""10.1016/j.earscirev.2020.103477""",2066
2066,760,760,1100.0,51.78,-34.96,-53.08,22052,22052,False,"NBS-BOR @REF Merdith_++_2021 @DOI""10.1016/j.earscirev.2020.103477""",2067
2067,762,762,0.0,90.0,0.0,0.0,801,801,False,WAL-AUS	Wallaby/W.Cuvier-Australia,2068
2068,762,762,127.2,90.0,0.0,0.0,801,801,False,"WAL-AUS @REF Gibbons_++_2013 @DOI""10.1002/jgrb.50079""	@Au Ana_Gibbons_phd @T 2011 Wallaby/W.Cuvier-India Craton @xo_ys",2069
2069,762,762,127.2,9.05,179.53,-59.81,501,501,False,"WAL-IND @REF Gibbons_++_2013 @DOI""10.1002/jgrb.50079""	@Au Ana_Gibbons_phd @T 2011 Wallaby/W.Cuvier-India Craton",2070
2070,762,762,610.0,9.05,179.53,-59.81,501,501,False,WAL-IND	Ana_Gibbons_phd_2011,2071
2071,763,763,0.0,90.0,0.0,0.0,801,801,False,ZEN-AUS Zenith Plateau-Australia,2072
2072,763,763,123.6,90.0,0.0,0.0,801,801,False,"ZEN-AUS @REF Gibbons_++_2013 @DOI""10.1002/jgrb.50079""	@Au Ana_Gibbons_phd @T 2011 Wallaby/W.Cuvier-India Craton @xo_ys",2073
2073,763,763,123.6,7.83,178.6,-58.4,501,501,False,"ZEN-IND @REF Gibbons_++_2013 @DOI""10.1002/jgrb.50079""	@Au Ana_Gibbons_phd @T 2011 Wallaby/W.Cuvier-India Craton Zenith Plateau-India Craton",2074
2074,763,763,610.0,7.83,178.6,-58.4,501,501,False,ZEN-IND,2075
2075,765,765,0.0,90.0,0.0,0.0,801,801,False,WWQ-AUS West Wallaby/Quokka Rise-Australia,2076
2076,765,765,125.7,90.0,0.0,0.0,801,801,False,"WWQ-AUS @REF Gibbons_++_2013 @DOI""10.1002/jgrb.50079""	@Au Ana_Gibbons_phd @T 2011 Wallaby/W.Cuvier-India Craton @xo_ys",2077
2077,765,765,125.7,8.79,178.68,-59.76,501,501,False,"WWQ-IND @REF Gibbons_++_2013 @DOI""10.1002/jgrb.50079""	@Au Ana_Gibbons_phd @T 2011 Wallaby/W.Cuvier-India Craton West Wallaby/Quokka Rise-India Craton",2078
2078,765,765,610.0,8.79,178.68,-59.76,501,501,False,WWQ-IND,2079
2079,767,767,0.0,90.0,0.0,0.0,801,801,False,"CHR-AUS CHRISP Jurassic sliver-Australia,",2080
2080,767,767,100.0,90.0,0.0,0.0,801,801,False,"CHR-AUS @REF Gibbons_++_2013 @DOI""10.1002/jgrb.50079""	@Au Ana_Gibbons_phd @T 2011 Wallaby/W.Cuvier-India Craton @absage @xo_ys",2081
2081,767,767,100.0,-4.54,175.47,-46.98,501,501,False,"CHR-IND @REF Gibbons_++_2013 @DOI""10.1002/jgrb.50079""	@Au Ana_Gibbons_phd @T 2011 Wallaby/W.Cuvier-India Craton CHRISP Jurassic sliver-India Craton @absage",2082
2082,767,767,108.0,4.54,-4.53,46.98,501,501,False,"CHR-IND @REF Gibbons_++_2013 @DOI""10.1002/jgrb.50079""	@Au Ana_Gibbons_phd @T 2011 Wallaby/W.Cuvier-India Craton @absage @xo_ys",2083
2083,767,767,108.0,-47.8972,-11.4701,-5.8864,801,801,False,"CHR-AUS @REF Gibbons_++_2013 @DOI""10.1002/jgrb.50079""	@Au Ana_Gibbons_phd @T 2011 Wallaby/W.Cuvier-India Craton CHRISP Jurassic sliver-Australia @absage",2084
2084,767,767,123.6,-47.8972,-11.4701,-5.8864,801,801,False,"CHR-AUS @REF Gibbons_++_2013 @DOI""10.1002/jgrb.50079""	@Au Ana_Gibbons_phd @T 2011 Wallaby/W.Cuvier-India Craton @xo_ys",2085
2085,767,767,123.6,3.8,177.22,-54.09,501,501,False,CHR-IND CHRISP Jurassic sliver-India Craton,2086
2086,767,767,250.0,3.8,177.22,-54.09,501,501,False,"CHR-IND @REF Gibbons_++_2013 @DOI""10.1002/jgrb.50079""	@Au Ana_Gibbons_phd @T 2011 Wallaby/W.Cuvier-India Craton",2087
2087,769,769,0.0,90.0,0.0,0.0,501,501,False,WAR-IND West Argoland-India Craton,2088
2088,769,769,60.0,4.5,169.0,-26.18,501,501,False,"WAR-IND @REF Gibbons_++_2013 @DOI""10.1002/jgrb.50079""	@Au Ana_Gibbons_phd @T 2011 Wallaby/W.Cuvier-India Craton @absage",2089
2089,769,769,90.0,4.5,169.0,-26.18,501,501,False,"WAR-IND @REF Gibbons_++_2013 @DOI""10.1002/jgrb.50079""	@Au Ana_Gibbons_phd @T 2011 Wallaby/W.Cuvier-India Craton @absage @xo_ys",2090
2090,769,769,90.0,24.2646,83.1018,-87.1807,770,770,False,"WAR-EAR @REF Gibbons_++_2013 @DOI""10.1002/jgrb.50079""	@Au Ana_Gibbons_phd @T 2011 Wallaby/W.Cuvier-India Craton West Argoland-Eastern Argoland  @absage",2091
2091,769,769,410.0,24.2646,83.1018,-87.1807,770,770,False,WAR-EAR,2092
2092,770,770,0.0,90.0,0.0,0.0,686,686,False,EAR-BSS Eastern Argoland-Barisan/South Sumatra,2093
2093,770,770,75.0,45.59,159.12,-5.48,686,686,False,"EAR-BSS @REF Gibbons_++_2013 @DOI""10.1002/jgrb.50079"" @xo_ys",2094
2094,770,770,75.0,32.5223,36.3059,64.8736,501,501,False,"EAR-IND @REF Gibbons_++_2013 @DOI""10.1002/jgrb.50079"" Eastern Argoland-India Craton",2095
2095,770,770,85.0,35.7113,65.556,87.783,501,501,False,"EAR-IND @REF Gibbons_++_2013 @DOI""10.1002/jgrb.50079""",2096
2096,770,770,121.0,35.7113,65.556,87.783,501,501,False,"EAR-IND @REF Gibbons_++_2013 @DOI""10.1002/jgrb.50079""",2097
2097,770,770,134.8,31.4614,69.576,88.9326,501,501,False,"EAR-IND @REF Gibbons_++_2013 @DOI""10.1002/jgrb.50079"" @xo_ys",2098
2098,770,770,134.8,8.6929,109.459,91.1442,801,801,False,"EAR-AUS Eastern Argoland-Australia  @REF Gibbons_++_2013 @DOI""10.1002/jgrb.50079""",2099
2099,770,770,145.5,6.2026,112.7387,100.7341,801,801,False,"EAR-AUS @REF Gibbons_++_2013 @DOI""10.1002/jgrb.50079""",2100
2100,770,770,149.5,5.5826,114.0486,100.9941,801,801,False,"EAR-AUS @REF Gibbons_++_2013 @DOI""10.1002/jgrb.50079""",2101
2101,770,770,151.4,5.3325,114.5287,101.144,801,801,False,"EAR-AUS @REF Gibbons_++_2013 @DOI""10.1002/jgrb.50079""",2102
2102,770,770,153.4,4.9926,115.0185,101.1741,801,801,False,"EAR-AUS @REF Gibbons_++_2013 @DOI""10.1002/jgrb.50079""",2103
2103,770,770,160.0,4.5125,116.0486,101.4041,801,801,False,"EAR-AUS @REF Gibbons_++_2013 @DOI""10.1002/jgrb.50079"" @absage",2104
2104,770,770,610.0,4.5125,116.0486,101.4041,801,801,False,EAR-AUS Gibbons et al. (2013),2105
2105,774,774,0.0,90.0,0.0,0.0,801,801,False,PER-AUS West Perth Block/Gulden Draak and Batavia Knolls-Australia,2106
2106,774,774,108.0,90.0,0.0,0.0,801,801,False,"PER-AUS @REF Gibbons_++_2013 @DOI""10.1002/jgrb.50079"" @absage, model dependent @xo_ys",2107
2107,774,774,108.0,0.68,177.13,-50.74,501,501,False,"PER-IND @REF Gibbons_++_2013 @DOI""10.1002/jgrb.50079"" West Perth Block/Gulden Draak and Batavia Knolls-India Craton  @absage, model dependent",2108
2108,774,774,134.8,0.68,177.13,-50.74,501,501,False,"PER-IND @REF Gibbons_++_2013 @DOI""10.1002/jgrb.50079""	@Au Ana_Gibbons_phd @T 2011 Wallaby/W.Cuvier-India @xo_ys",2109
2109,774,774,134.8,-52.1192,3.5656,-14.5413,801,801,False,"PER-AUS @REF Gibbons_++_2013 @DOI""10.1002/jgrb.50079""	@Au Ana_Gibbons_phd @T 2011 Wallaby/W.Cuvier-India, West Perth Block/Gulden Draak and Batavia Knolls-Australia",2110
2110,774,774,1010.0,-52.1192,3.5656,-14.5413,801,801,False,PER-AUS,2111
2111,775,775,0.0,90.0,0.0,0.0,802,802,False,ELA-ANT Elan Bank-Antarctica,2112
2112,775,775,115.0,90.0,0.0,0.0,802,802,False,"ELA-ANT @REF Gibbons_++_2013 @DOI""10.1002/jgrb.50079""	@Au Ana_Gibbons_phd @T 2011 Wallaby/W.Cuvier-India @absage @xo_ys",2113
2113,775,775,115.0,-2.27,-169.22,-79.04,501,501,False,"ELA-IND @REF Gibbons_++_2013 @DOI""10.1002/jgrb.50079""	@Au Ana_Gibbons_phd @T 2011 Wallaby/W.Cuvier-India Elan Bank-India Craton   @absage",2114
2114,775,775,116.0,2.13,10.63,79.46,501,501,False,"ELA-IND @REF Gibbons_++_2013 @DOI""10.1002/jgrb.50079""	@Au Ana_Gibbons_phd @T 2011 Wallaby/W.Cuvier-India @absage",2115
2115,775,775,250.0,2.13,10.63,79.46,501,501,False,ELA-IND,2116
2116,778,778,0.0,90.0,0.0,0.0,501,501,False,LAX-IND Laxmi Ridge-India Craton,2117
2117,778,778,62.5,90.0,0.0,0.0,501,501,False,"LAX-IND @REF Bhattacharya_++_1994, fixed to India, (spreading from West India ~83.5-62.5 Ma)  @xo_ys",2118
2118,778,778,62.5,22.68,21.82,-35.53,704,704,False,"LAX-SEY @REF Bhattacharya_++_1994, Laxmi Ridge-Seychelles (spreading from West India ~83.5-62.5 Ma)",2119
2119,778,778,250.0,22.68,21.82,-35.53,704,704,False,LAX-SEY fixed to Seychelles,2120
2120,779,779,0.0,90.0,0.0,0.0,501,501,False,EFE-IND 85E Ridge fixed to India,2121
2121,779,779,111.0,90.0,0.0,0.0,501,501,False,"EFE-IND @REF Gibbons_++_2013 @DOI""10.1002/jgrb.50079""	@Au Ana_Gibbons_phd @T 2012, 85E Ridge fixed to India @absage @xo_ys",2122
2122,779,779,111.0,3.59,11.16,-76.97,775,775,False,"EFE-ELA @REF Gibbons_++_2013 @DOI""10.1002/jgrb.50079""	@Au Ana_Gibbons_phd @T 2012, 85E Ridge fixed to Elan @absage",2123
2123,779,779,115.0,3.59,11.16,-76.97,775,775,False,"EFE-ELA @REF Gibbons_++_2013 @DOI""10.1002/jgrb.50079""	@Au Ana_Gibbons_phd @T 2012, 85E Ridge fixed to Elan @absage",2124
2124,779,779,127.0,6.94,-146.3,93.26,775,775,False,"EFE-ELA @REF Gibbons_++_2013 @DOI""10.1002/jgrb.50079""	@Au Ana_Gibbons_phd @T 2012, 85E Ridge fixed to Elan @absage",2125
2125,779,779,250.0,6.94,-146.3,93.26,775,775,False,"EFE-ELA @REF Gibbons_++_2013 @DOI""10.1002/jgrb.50079""	@Au Ana_Gibbons_phd @T 2012",2126
2126,780,780,0.0,90.0,0.0,0.0,801,801,False,NPMOL-AUS North Proto Molucca Isochrons-Australia,2127
2127,780,780,40.0,90.0,0.0,0.0,801,801,False,"NPMOL-AUS @REF Zahirovic_++_2014 @DOI""10.5194/se-5-227-2014"" @xo_os @absage",2128
2128,780,780,40.0,-16.1,-61.53,11.33,698,698,False,"NPMOL-SEP @REF Zahirovic_++_2014 @DOI""10.5194/se-5-227-2014"" North Proto Molucca Isochrons-Sepik  @absage",2129
2129,780,780,115.0,-16.1,-61.53,11.33,698,698,False,"NPMOL-SEP @REF Zahirovic_++_2014 @DOI""10.5194/se-5-227-2014"" Cessation of seafloor spreading @absage",2130
2130,780,780,120.0,6.27,88.15,-10.01,698,698,False,"NPMOL-SEP @REF Zahirovic_++_2014 @DOI""10.5194/se-5-227-2014"" @absage",2131
2131,780,780,130.0,7.65,62.07,-15.64,698,698,False,"NPMOL-SEP @REF Zahirovic_++_2014 @DOI""10.5194/se-5-227-2014"" @absage",2132
2132,780,780,140.0,7.65,48.86,-21.26,698,698,False,"NPMOL-SEP @REF Zahirovic_++_2014 @DOI""10.5194/se-5-227-2014"" @absage",2133
2133,780,780,158.0,7.96,45.59,-31.63,698,698,False,NPMOL-SEP,2134
2134,780,780,610.0,7.96,45.59,-31.63,698,698,False,NPMOL-SEP,2135
2135,781,781,0.0,90.0,0.0,0.0,801,801,False,SPMOL-AUS South Proto Molucca Plate-Australia,2136
2136,781,781,40.0,90.0,0.0,0.0,801,801,False,"SPMOL-AUS @REF Zahirovic_++_2014 @DOI""10.5194/se-5-227-2014"" @xo_os @absage",2137
2137,781,781,40.0,-16.1,-61.53,11.33,698,698,False,"SPMOL-CNG @REF Zahirovic_++_2014 @DOI""10.5194/se-5-227-2014"" South Proto Molucca Plate-Central New Guinea @absage",2138
2138,781,781,200.0,-16.1,-61.53,11.33,698,698,False,SPMOL-CNG,2139
2139,784,784,0.0,90.0,0.0,0.0,802,802,False,CRZ-CONR Crozet-Conrad(Antarctica),2140
2140,784,784,76.0,90.0,0.0,0.0,802,802,False,CRZ-CONR @xo_ys @REF Seton_++_inprep @Au JMW @T 2015-09-21,2141
2141,784,784,76.0,-4.46,-40.74,14.29,702,702,False,CRZ-MAD Crozet-Conrad(Madagascar) @REF Seton_++_inprep @Au JMW @T 2015-09-21,2142
2142,784,784,600.0,-4.46,-40.74,14.29,702,702,False,CRZ-MAD,2143
2143,786,786,0.0,-56.6181,63.8914,0.34440000000000004,780,780,False,"JUN3-NPMOL @REF Zahirovic_++_2014 @DOI""10.5194/se-5-227-2014"" Junction 3-North Proto Molucca Plate, Junction Jurassic isochrons",2144
2144,786,786,100.0,-28.7234,-74.4804,-125.521,780,780,False,"JUN3-NPMOL @REF Zahirovic_++_2014 @DOI""10.5194/se-5-227-2014"" @absage",2145
2145,786,786,158.0,28.7234,105.5196,125.521,780,780,False,"JUN3-NPMOL @REF Zahirovic_++_2014 @DOI""10.5194/se-5-227-2014"" @xo_os @absage",2146
2146,786,786,158.0,38.06,-88.05,27.9,498,498,False,"JUN3-JUN1 Junction 3 - Junction 1 @REF Zahirovic_++_2014 @DOI""10.5194/se-5-227-2014"" Subduction polarity reversal, now north-dipping consuming Tethyan crust @absage",2147
2147,786,786,200.0,90.0,0.0,0.0,498,498,False,"JUN3-JUN1 Junction Subduction zone rollback @REF Zahirovic_++_2014 @DOI""10.5194/se-5-227-2014""",2148
2148,786,786,610.0,90.0,0.0,0.0,498,498,False,JUN3-JUN1,2149
2149,787,787,0.0,90.0,0.0,0.0,789,789,False,WOY2-WOY,2150
2150,787,787,20.0,23.91,-50.86,-20.92,789,789,False,WOY2-WOY1 Woyla and Proto Andaman Sea Cretaceous back-arc @absage,2151
2151,787,787,80.0,23.91,-50.86,-20.92,789,789,False,"WOY2-WOY1 @REF Zahirovic_++_2014 @DOI""10.5194/se-5-227-2014"" @absage",2152
2152,787,787,100.0,23.91,-50.86,-20.92,789,789,False,"WOY2-WOY1 @REF Zahirovic_++_2014 @DOI""10.5194/se-5-227-2014"" @absage",2153
2153,787,787,120.0,38.3,0.02,-8.45,789,789,False,"WOY2-WOY1 @REF Zahirovic_++_2014 @DOI""10.5194/se-5-227-2014"" @absage",2154
2154,787,787,140.0,25.02,-47.19,-4.36,789,789,False,WOY2-WOY1 @absage,2155
2155,787,787,150.0,90.0,0.0,0.0,789,789,False,"WOY2-WOY1 @REF Zahirovic_++_2014 @DOI""10.5194/se-5-227-2014"" @absage",2156
2156,787,787,200.0,90.0,0.0,0.0,789,789,False,WOY2-WOY1,2157
2157,789,789,0.0,90.0,0.0,0.0,673,673,False,WOY1-SUM Woyla backarc-North Sumatra,2158
2158,789,789,20.0,22.58,-43.4,19.36,673,673,False,"WOY1-SUM @REF Zahirovic_++_2014 @DOI""10.5194/se-5-227-2014"" @absage",2159
2159,789,789,70.0,22.58,-43.4,19.36,673,673,False,"WOY1-SUM @REF Zahirovic_++_2014 @DOI""10.5194/se-5-227-2014"" @absage",2160
2160,789,789,75.0,28.8,-18.48,12.56,673,673,False,"WOY1-SUM @REF Zahirovic_++_2014 @DOI""10.5194/se-5-227-2014"" @absage",2161
2161,789,789,85.0,17.62,47.85,9.82,673,673,False,"WOY1-SUM @REF Zahirovic_++_2014 @DOI""10.5194/se-5-227-2014"" @absage",2162
2162,789,789,90.0,8.16,64.88,8.6,673,673,False,"WOY1-SUM @REF Zahirovic_++_2014 @DOI""10.5194/se-5-227-2014"" @absage",2163
2163,789,789,100.0,90.0,0.0,0.0,673,673,False,"WOY1-SUM @REF Zahirovic_++_2014 @DOI""10.5194/se-5-227-2014"" @absage",2164
2164,789,789,200.0,90.0,0.0,0.0,673,673,False,"WOY1-SUM @REF Zahirovic_++_2014 @DOI""10.5194/se-5-227-2014""",2165
2165,801,801,0.0,90.0,0.0,0.0,802,802,False,AUS-ANT Australia-Antarctica,2166
2166,801,801,2.6,-11.16,-139.7,1.6600000000000001,802,802,False,"AUS-ANT @REF Cande_Stock_2004 @DOI""10.1029/151GM02"" @CHRONID""2Ay""",2167
2167,801,801,6.0,-11.59,-139.23,3.83,802,802,False,"AUS-ANT @REF Krijgsman_++_1999 @CHRONID""3Ay""",2168
2168,801,801,10.9,-11.9,-142.06,6.79,802,802,False,"AUS-ANT @REF Cande_Stock_2004 @DOI""10.1029/151GM02"" 5o   c5n2o",2169
2169,801,801,20.1,-13.39,-145.63,12.05,802,802,False,"AUS-ANT @REF Cande_Stock_2004 @DOI""10.1029/151GM02"" 6o",2170
2170,801,801,26.6,-13.81,-146.44,15.92,802,802,False,"AUS-ANT @REF Cande_Stock_2004 @DOI""10.1029/151GM02"" 8o",2171
2171,801,801,28.7,-13.58,-146.02,17.32,802,802,False,"AUS-ANT @REF Cande_Stock_2004 @DOI""10.1029/151GM02"" 10o",2172
2172,801,801,30.9,-13.4,-145.62,18.89,802,802,False,"AUS-ANT @REF Cande_Stock_2004 @DOI""10.1029/151GM02"" 120",2173
2173,801,801,33.5,-13.45,-145.62,20.5,802,802,False,"AUS-ANT @REF Cande_Stock_2004 @DOI""10.1029/151GM02"" 13o",2174
2174,801,801,38.1,-14.65,-146.53,22.88,802,802,False,"AUS-ANT @REF Cande_Stock_2004 @DOI""10.1029/151GM02"" 17o",2175
2175,801,801,43.8,14.92,32.5,-24.51,802,802,False,"AUS-ANT @REF Whittaker_++_2007 @DOI""10.1126/science.1143769"" 20o    @Au JoW",2176
2176,801,801,46.3,13.42,33.83,-24.62,802,802,False,"AUS-ANT @REF Whittaker_++_2007 @DOI""10.1126/science.1143769"" @CHRONID""21y""",2177
2177,801,801,53.3,10.48,35.17,-25.24,802,802,False,"AUS-ANT @REF Whittaker_++_2007 @DOI""10.1126/science.1143769"" @CHRONID""24o""",2178
2178,801,801,60.9,9.22,35.42,-25.43,802,802,False,"AUS-ANT @REF Whittaker_++_2007 @DOI""10.1126/science.1143769"" @CHRONID""27y""",2179
2179,801,801,67.7,7.95,35.74,-25.6,802,802,False,"AUS-ANT @REF Whittaker_++_2007 @DOI""10.1126/science.1143769"" @CHRONID""31y""",2180
2180,801,801,73.6,6.0,36.3,-25.86,802,802,False,"AUS-ANT @REF Whittaker_++_2007 @DOI""10.1126/science.1143769"" @CHRONID""33y""",2181
2181,801,801,83.0,1.02,37.28,-26.62,802,802,False,"AUS-ANT @REF Whittaker_++_2007 @DOI""10.1126/science.1143769"" @CHRONID""34y""",2182
2182,801,801,100.0,-3.59,36.52,-29.01,802,802,False,"AUS-ANT @REF Whittaker_++_2007 @DOI""10.1126/science.1143769"" @absage",2183
2183,801,801,160.0,-3.91,37.9,-30.86,802,802,False,"AUS-ANT @REF Williams_++_2011 @DOI""10.1029/2011TC002912"" @absage, model dependent",2184
2184,801,801,410.0,-3.91,37.9,-30.86,802,802,False,AUS-ANT Williams et al. 2011,2185
2185,801,801,410.0,21.0461,114.359,-54.7605,701,701,False,AUS-GON Australia-Gondwana,2186
2186,801,801,520.0,21.0461,114.359,-54.7605,701,701,False,AUS-GON,2187
2187,801,801,600.0,-82.2,-85.31,40.49,701,701,False,AUS-CON Australia-Congo,2188
2188,801,801,635.0,-29.9879,-101.4061,41.575,701,701,False,"AUS-CON @REF Merdith_++_2021 @DOI""10.1016/j.earscirev.2020.103477""",2189
2189,801,801,700.0,9.975999999999999,70.1906,-35.7444,701,701,False,"AUS-CON @REF Merdith_++_2021 @DOI""10.1016/j.earscirev.2020.103477""",2190
2190,801,801,700.0,7.7574000000000005,164.4479,121.2798,101,101,False,"AUS-LAU Australia-Laurentia @REF Merdith_++_2021 @DOI""10.1016/j.earscirev.2020.103477""",2191
2191,801,801,753.0,25.5498,151.5044,116.2076,101,101,False,"AUS-LAU @REF Merdith_++_2021 @DOI""10.1016/j.earscirev.2020.103477""",2192
2192,801,801,800.0,37.6599,122.1116,124.0534,101,101,False,"AUS-LAU @REF Merdith_++_2021 @DOI""10.1016/j.earscirev.2020.103477""",2193
2193,801,801,930.0,37.6599,122.1116,124.0534,101,101,False,"AUS-LAU SWEAT-AUSWUS configuration @REF Mulder et al., 2018",2194
2194,801,801,1070.0,49.9701,143.9316,107.5808,101,101,False,"AUS-LAU (adjusted) AUSMEX configuration @REF Wingate et al., 2002 @DOI 10.1046/j.1365-3121.2002.00401.x",2195
2195,801,801,1140.0,49.9701,143.9316,107.5808,101,101,False,AUS-LAU,2196
2196,802,802,0.0,90.0,0.0,0.0,701,701,False,"ANT-AFR Antarctica-Africa @C""ZEROROT""",2197
2197,802,802,10.9,8.2,-49.4,1.53,701,701,False,"ANT-AFR @REF Royer_++_1991 @DOI""10.1029/91JB00897"" @CHRONID""C5""",2198
2198,802,802,20.1,10.7,-47.9,2.7800000000000002,701,701,False,"ANT-AFR @REF Royer_++_1991 @DOI""10.1029/91JB00897"" @CHRONID""C6""",2199
2199,802,802,33.1,12.0,-48.4,5.46,701,701,False,"ANT-AFR @REF Royer_++_1991 @DOI""10.1029/91JB00897"" @CHRONID""C13""",2200
2200,802,802,47.9,9.73,-40.67,8.82,701,701,False,"ANT-AFR @REF Cande_++_2010 @DOI""10.1111/j.1365-246X.2010.04737.x"" @C""SWIR"" @CHRONID""c21o""",2201
2201,802,802,55.9,9.86,-45.24,10.49,701,701,False,"ANT-AFR @REF Cande_++_2010 @DOI""10.1111/j.1365-246X.2010.04737.x"" @C""SWIR"" @CHRONID""c25y""",2202
2202,802,802,67.7,0.1,-45.56,11.7,701,701,False,"ANT-AFR @REF Cande_++_2010 @DOI""10.1111/j.1365-246X.2010.04737.x"" & and @REF Bernard_++_2005 @DOI""10.1111/j.1365-246X.2005.02672.x""",2203
2203,802,802,76.3,-4.6,-40.6,14.39,701,701,False,"ANT-AFR @REF Bernard_++_2005 @DOI""10.1111/j.1365-246X.2005.02672.x"" @CHRONID""C33""",2204
2204,802,802,83.0,-0.45,-40.01,17.77,701,701,False,"ANT-AFR @REF Nankivell_1998  @CHRONID""C34""",2205
2205,802,802,100.0,-3.06,-33.49,26.8,701,701,False,"ANT-AFR @REF Marks_++_2001 @DOI""10.1016/S0012-821X(01)00262-X"" ""for 96 Ma in their paper"" @absage",2206
2206,802,802,120.6,10.36,153.67,-41.56,701,701,False,"ANT-AFR @REF Muller_++_2008 @DOI""10.1029/2007GC001743"" @Au EByte",2207
2207,802,802,124.1,9.45,152.5,-42.91,701,701,False,"ANT-AFR @REF Muller_++_2008 @DOI""10.1029/2007GC001743"" @Au EByte",2208
2208,802,802,125.7,9.3,152.0,-43.71,701,701,False,"ANT-AFR @REF Muller_++_2008 @DOI""10.1029/2007GC001743"" @Au EByte",2209
2209,802,802,127.8,-8.63,-28.97,44.47,701,701,False,"ANT-AFR @REF Koenig_++_2010 @DOI""10.1111/j.1365-246X.2009.04433.x"" @CHRONID""M8ny"" @C""original age 132.20Ma""",2210
2210,802,802,128.9,-8.5,-29.16,45.07,701,701,False,"ANT-AFR @REF Koenig_++_2010 @DOI""10.1111/j.1365-246X.2009.04433.x"" @CHRONID""M10ny"" @C""original age 133.50""",2211
2211,802,802,130.8,-8.27,-29.42,45.9,701,701,False,"ANT-AFR @REF Koenig_++_2010 @DOI""10.1111/j.1365-246X.2009.04433.x"" @CHRONID""M11ny"" @C""original age 135.69""",2212
2212,802,802,132.6,-7.97,-29.76,47.04,701,701,False,"ANT-AFR @REF Koenig_++_2010 @DOI""10.1111/j.1365-246X.2009.04433.x"" @CHRONID""M12Any"" @C""original age 138.78""",2213
2213,802,802,136.5,-7.75,-30.02,47.91,701,701,False,"ANT-AFR @REF Koenig_++_2010 @DOI""10.1111/j.1365-246X.2009.04433.x"" @CHRONID""M16ny"" @C""original age 141.05""",2214
2214,802,802,138.9,-7.8100000000000005,-30.27,48.74,701,701,False,"ANT-AFR @REF Koenig_++_2010 @DOI""10.1111/j.1365-246X.2009.04433.x"" @CHRONID""M17ry"" @C""original age 142.84""",2215
2215,802,802,143.4,-7.29,-31.13,49.8,701,701,False,"ANT-AFR @REF Koenig_++_2010 @DOI""10.1111/j.1365-246X.2009.04433.x"" @CHRONID""M20n.1ny"" @C""original age 146.16""",2216
2216,802,802,147.1,-6.9,-31.54,50.72,701,701,False,"ANT-AFR @REF Koenig_++_2010 @DOI""10.1111/j.1365-246X.2009.04433.x"" @CHRONID""M22n.1ny"" @C""original age 148.92""",2217
2217,802,802,148.8,-6.69,-31.78,51.26,701,701,False,"ANT-AFR @REF Koenig_++_2010 @DOI""10.1111/j.1365-246X.2009.04433.x"" @CHRONID""M22ry"" @C""original age 150.21""",2218
2218,802,802,177.0,7.8,146.0,-56.8,701,701,False,"ANT-AFR @REF Eagles_++_2008 @DOI""10.1111/j.1365-246X.2008.03753.x."" @C""FITRECON"" @absage",2219
2219,802,802,410.0,7.8,146.0,-56.8,701,701,False,ANT-AFR Gondwana fit Eagles & Knig 2008,2220
2220,802,802,410.0,-3.91,37.9,30.86,801,801,False,ANT-AUS Antarctica-Australia,2221
2221,802,802,750.0,-3.91,37.9,30.86,801,801,False,ANT-AUS,2222
2222,802,802,1100.0,-3.91,37.9,30.86,801,801,False,ANT-AUS,2223
2223,803,803,0.0,90.0,0.0,0.0,802,802,False,IAN-ANT Indo-Antarctica-Antarctica,2224
2224,803,803,410.0,90.0,0.0,0.0,802,802,False,IAN-ANT,2225
2225,803,803,410.0,3.64,-165.79,-88.28,501,501,False,IAN-IND Indo-Antarctica-India,2226
2226,803,803,1110.0,3.64,-165.79,-88.28,501,501,False,IAN-IND,2227
2227,804,804,0.0,90.0,0.0,0.0,802,802,False,MBL-ANT Marie Byrd Land-East Antarctica,2228
2228,804,804,26.55,90.0,0.0,0.0,802,802,False,"MBL-ANT @REF Cande_Stock_2004 @DOI""10.1029/151GM02"" Based on Adare Trough anom 8o",2229
2229,804,804,30.94,-84.78,-169.01,1.33,802,802,False,"MBL-ANT @REF Granot_++_2013 @DOI""10.1029/2012GL054181""",2230
2230,804,804,40.13,-85.87,-139.51,4.48,802,802,False,"MBL-ANT @REF Granot_++_2013 @DOI""10.1029/2012GL054181""",2231
2231,804,804,53.3,-85.87,-139.51,4.8,802,802,False,"MBL-ANT @REF Granot_++_2013 @DOI""10.1029/2012GL054181""    Angle Increased",2232
2232,804,804,61.1,-85.87,-139.51,6.2,802,802,False,"MBL-ANT @REF Granot_++_2013 @DOI""10.1029/2012GL054181""    Angle Increased",2233
2233,804,804,65.0,-85.87,-139.51,7.0,802,802,False,"MBL-ANT @REF Granot_++_2013 @DOI""10.1029/2012GL054181""    Angle Increased",2234
2234,804,804,71.1,-85.87,-139.51,7.5,802,802,False,"MBL-ANT @REF Granot_++_2013 @DOI""10.1029/2012GL054181""    Angle Increased",2235
2235,804,804,100.0,-78.76,-46.5,7.72,802,802,False,"MBL-ANT @REF Matthews_++_2015 @Au SW @T 2013, margin-perpendicular extension @absage",2236
2236,804,804,610.0,-78.76,-46.5,7.72,802,802,False,MBL-ANT,2237
2237,806,806,0.0,90.0,0.0,0.0,868,868,False,NNZ-CLP North New Zealand-Challenger Plateau,2238
2238,806,806,610.0,90.0,0.0,0.0,868,868,False,NNZ-CLP,2239
2239,807,807,0.0,90.0,0.0,0.0,879,879,False,SNZ-CHA South New Zealand-Chatham Rise,2240
2240,807,807,610.0,90.0,0.0,0.0,879,879,False,SNZ-CHA,2241
2241,812,812,0.0,90.0,0.0,0.0,802,802,False,SOR-ANT South-Orkney microcontinent-Antarctica,2242
2242,812,812,21.8,90.0,0.0,0.0,802,802,False,"SOR-ANT @REF Eagles_Jokat_2014 @DOI""10.1016/j.tecto.2013.11.021"" @Au NW @T 2015 @xo_ys",2243
2243,812,812,21.8,64.28,133.78,-2.66,818,818,False,"SOR-CSS @REF Eagles_Jokat_2014 @DOI""10.1016/j.tecto.2013.11.021"" @Au NW @T 2015",2244
2244,812,812,40.1,-64.28,-46.22,2.66,818,818,False,"SOR-CSS @REF Eagles_Jokat_2014 @DOI""10.1016/j.tecto.2013.11.021"" @Au NW @T 2015  @xo_ys",2245
2245,812,812,40.1,-80.6844,-14.8951,7.4538,802,802,False,SOR-ANT,2246
2246,812,812,50.0,-80.8758,-6.6246,7.5138,802,802,False,SOR-ANT extension in Powell Basin,2247
2247,812,812,250.0,-80.8758,-6.6246,7.5138,802,802,False,SOR-ANT,2248
2248,813,813,0.0,90.0,0.0,0.0,901,901,False,CBP-PAC Campbell Plateau-Pacific,2249
2249,813,813,83.0,90.0,0.0,0.0,901,901,False,CBP-PAC fixed to PAC @xo_ys,2250
2250,813,813,83.0,63.6,-58.1,58.8,804,804,False,CBP-MBL Campbell Plateau-Marie Byrd Land cross-over @REF Eagles_++_2004,2251
2251,813,813,550.0,63.6,-58.1,58.8,804,804,False,CBP-MBL Eagles et al. 2004,2252
2252,814,814,0.0,90.0,0.0,0.0,804,804,False,BEL-MBL Bellingshausen-Marie Byrd Land,2253
2253,814,814,61.3,90.0,0.0,0.0,804,804,False,BEL-MBL crossover c27o @xo_ys,2254
2254,814,814,61.3,71.35,-54.16,-45.5,901,901,False,BEL-PAC Bellingshausen-Pacific  @REF Wright_++_(in review) c27o,2255
2255,814,814,63.6,-70.39,122.26,46.15,901,901,False,BEL-PAC @REF Wright_++_(in review) c28o,2256
2256,814,814,67.6,-71.05,129.7,52.53,901,901,False,BEL-PAC @REF Wright_++_(in review) c30no,2257
2257,814,814,71.3,-71.59,137.66,59.52,901,901,False,BEL-PAC @REF Wright_++_(in review) c32n1no,2258
2258,814,814,73.6,-71.15,139.54,63.12,901,901,False,BEL-PAC @REF Wright_++_(in review) c33y,2259
2259,814,814,79.1,-70.04,144.3,70.89,901,901,False,BEL-PAC @REF Wright_++_(in review) C33o @xo_ys,2260
2260,814,814,79.1,71.96,76.48,-17.9,804,804,False,BEL-ANT @REF Wright_++_(in review) @Au NW @T 2014,2261
2261,814,814,250.0,71.96,76.48,-17.9,804,804,False,BEL-ANT,2262
2262,815,815,0.0,90.0,0.0,0.0,818,818,False,SAN-CSS Sandwich-Central Scotia Sea,2263
2263,815,815,5.9,-83.69,-26.55,6.33,818,818,False,"SAN-CSS @REF Eagles_Jokat_2014 @DOI""10.1016/j.tecto.2013.11.021"" @Au NW @T 2015",2264
2264,815,815,9.7,-83.69,-26.55,10.04,818,818,False,"SAN-CSS @REF Eagles_Jokat_2014 @DOI""10.1016/j.tecto.2013.11.021"" @Au NW @T 2015",2265
2265,815,815,16.7,-83.69,-26.57,11.77,818,818,False,"SAN-CSS @REF Eagles_Jokat_2014 @DOI""10.1016/j.tecto.2013.11.021"" @Au NW @T 2015 edited angle",2266
2266,815,815,250.0,-83.69,-26.57,11.77,818,818,False,"SAN-CSS @REF Eagles_Jokat_2014 @DOI""10.1016/j.tecto.2013.11.021"" @Au NW @T 2015 edited angle",2267
2267,816,816,0.0,90.0,0.0,0.0,801,801,False,PSOL-AUS Present-day Solomon Sea-Australia,2268
2268,816,816,12.0,90.0,0.0,0.0,801,801,False,PSOL-AUS,2269
2269,816,816,25.0,-12.75,162.12,-23.47,801,801,False,PSOL-AUS,2270
2270,816,816,200.0,-12.75,162.12,-23.47,801,801,False,PSOL-AUS,2271
2271,817,817,0.0,90.0,0.0,0.0,818,818,False,SGR-CSS South Georgia-Central Scotia Sea,2272
2272,817,817,30.1,90.0,0.0,0.0,818,818,False,"SGR-CSS @REF Eagles_Jokat_2014 @DOI""10.1016/j.tecto.2013.11.021"" @Au NW @T 2015 @xo_ys",2273
2273,817,817,30.1,23.69,-41.19,-7.57,201,201,False,SGR-SAM South Georgia-South America derived,2274
2274,817,817,250.0,23.69,-41.19,-7.57,201,201,False,"SGR-SAM @REF Eagles_Jokat_2014 @DOI""10.1016/j.tecto.2013.11.021"" @Au NW @T 2015",2275
2275,818,818,0.0,90.0,0.0,0.0,802,802,False,CSS-ANT Central Scotia Sea-Antarctica,2276
2276,818,818,5.9,-85.57,-86.77,-0.84,802,802,False,CSS-ANT @REF Smalley_++_2007 (Magallanes and Central Scotia plate amalgamate to become the Scotia Plate),2277
2277,818,818,9.7,70.56,140.42,2.08,802,802,False,CSS-ANT Central Scotia Sea-Antarctica interpolated,2278
2278,818,818,16.7,69.64,140.95,2.2800000000000002,802,802,False,"CSS-ANT @REF Eagles_Jokat_2014 @DOI""10.1016/j.tecto.2013.11.021"" @Au NW @T 2015",2279
2279,818,818,20.1,68.52,141.53,2.5700000000000003,802,802,False,"CSS-ANT @REF Eagles_Jokat_2014 @DOI""10.1016/j.tecto.2013.11.021"" @Au NW @T 2015",2280
2280,818,818,26.6,52.92,122.35,3.0,802,802,False,"CSS-ANT @REF Eagles_Jokat_2014 @DOI""10.1016/j.tecto.2013.11.021"" @Au NW @T 2015, Powell Basin",2281
2281,818,818,30.1,49.5,124.6,7.93,802,802,False,"CSS-ANT @REF Eagles_Jokat_2014 @DOI""10.1016/j.tecto.2013.11.021"" @Au NW @T 2015, Powell Basin",2282
2282,818,818,33.1,-3.38,115.25,2.6,802,802,False,"CSS-ANT @REF Eagles_Jokat_2014 @DOI""10.1016/j.tecto.2013.11.021"" @Au NW @T 2015, extension in Powell Basin",2283
2283,818,818,40.1,-82.09,52.9,5.0,802,802,False,"CSS-ANT @REF Eagles_Jokat_2014 @DOI""10.1016/j.tecto.2013.11.021"" @Au NW @T 2015, extension in Powell Basin",2284
2284,818,818,49.7,-82.09,52.9,5.38,802,802,False,"CSS-ANT @REF Eagles_Jokat_2014 @DOI""10.1016/j.tecto.2013.11.021"" @Au NW @T 2015, extension in Powell Basin @xo_ys",2285
2285,818,818,49.7,82.42,20.54,-21.01,201,201,False,"CSS-SAM @REF Eagles_Jokat_2014 @DOI""10.1016/j.tecto.2013.11.021"" @Au NW @T 2015, for trapped part of Central Scotia Sea",2286
2286,818,818,250.0,82.42,20.54,-21.01,201,201,False,CSS-SAM,2287
2287,819,819,0.0,90.0,0.0,0.0,818,818,False,MAG-CSS Magallanes plate-Central Scotia Sea,2288
2288,819,819,5.9,90.0,0.0,0.0,818,818,False,MAG-CSS Magallanes plate-Central Scotia Sea Magallanes and Central Scotia plate amalgamate to become the Scotia Plate,2289
2289,819,819,10.9,6.21,-27.89,0.97,818,818,False,MAG-CSS @REF Eagles_++_2005 @Au NW @T 2015,2290
2290,819,819,16.7,31.71,-23.37,2.16,818,818,False,MAG-CSS @REF Eagles_++_2005 @Au NW @T 2015,2291
2291,819,819,20.1,37.89,-23.64,3.6,818,818,False,MAG-CSS @REF Eagles_++_2005 @Au NW @T 2015,2292
2292,819,819,23.1,31.76,-27.49,5.0,818,818,False,MAG-CSS @REF Eagles_++_2005 @Au NW @T 2015,2293
2293,819,819,26.6,17.21,-32.12,6.64,818,818,False,MAG-CSS @REF Eagles_++_2005 @Au NW @T 2015,2294
2294,819,819,30.1,5.18,-38.18,9.1,818,818,False,"MAG-CSS @REF Eagles_Jokat_2014 @DOI""10.1016/j.tecto.2013.11.021"" @Au NW @T 2015, Tierra del Fuego to Terror Rise  @xo_ys",2295
2295,819,819,30.1,2.41,-38.54,9.22,8181,8181,False,"MAG-TER Magallanes plate-Terror Rise  derived @REF Eagles_Jokat_2014 @DOI""10.1016/j.tecto.2013.11.021"" @Au NW @T 2015",2296
2296,819,819,250.0,2.41,-38.54,9.22,8181,8181,False,"MAG-TER @REF Eagles_Jokat_2014 @DOI""10.1016/j.tecto.2013.11.021"" @Au NW @T 2015",2297
2297,820,820,0.0,90.0,0.0,0.0,819,819,False,BWB-MAG Burdwood bank-Magallanes plate,2298
2298,820,820,26.6,90.0,0.0,0.0,819,819,False,"BWB-MAG @REF Eagles_Jokat_2014 @DOI""10.1016/j.tecto.2013.11.021"" @Au NW @T 2015 @xo_ys",2299
2299,820,820,26.6,17.21,-32.12,6.64,818,818,False,BWB-CSS Burdwood bank-Central Scotia Sea,2300
2300,820,820,30.1,17.21,-32.12,6.64,818,818,False,"BWB-CSS @REF Eagles_Jokat_2014 @DOI""10.1016/j.tecto.2013.11.021"" @Au NW @T 2015 @xo_ys",2301
2301,820,820,30.1,44.74,-97.21,-1.6099999999999999,201,201,False,BWB-SAM Burdwood Bank-South America,2302
2302,820,820,49.7,-44.74,82.79,1.6099999999999999,201,201,False,"BWB-SAM @REF Eagles_Jokat_2014 @DOI""10.1016/j.tecto.2013.11.021"" @Au NW @T 2015",2303
2303,820,820,250.0,-44.74,82.79,1.6099999999999999,201,201,False,"BWB-SAM @REF Eagles_Jokat_2014 @DOI""10.1016/j.tecto.2013.11.021"" @Au NW @T 2015",2304
2304,821,821,0.0,90.0,0.0,0.0,823,823,False,TON-LAU Tonga Ridge-Lau Ridge,2305
2305,821,821,0.8,-34.0,-178.5,1.12,823,823,False,"TON-LAU @REF Yan_Kroenke_1993 @CHRONID""An1""",2306
2306,821,821,1.8,-34.0,-178.5,4.77,823,823,False,"TON-LAU @REF Yan_Kroenke_1993 @CHRONID""An2""",2307
2307,821,821,7.0,-26.87,-178.28,18.5,823,823,False,TON-LAU Lau Basin closed extrapolated from  @REF Yan_Kroenke_1993,2308
2308,821,821,86.0,-26.85,-177.78,46.77,823,823,False,"TON-LAU @REF Seton_++_2012 @DOI""10.1016/j.earscirev.2012.03.002""  @absage",2309
2309,821,821,120.6,-26.87,-178.28,18.5,823,823,False,TON-LAU,2310
2310,822,822,0.0,90.0,0.0,0.0,821,821,False,NLB-TON North Lau Basin-Tonga Ridge,2311
2311,822,822,36.0,90.0,0.0,0.0,821,821,False,NLB-TON  @absage,2312
2312,823,823,0.0,90.0,0.0,0.0,839,839,False,LAU-ESF Lau Ridge-East South Fiji Basin,2313
2313,823,823,35.0,90.0,0.0,0.0,839,839,False,"LAU-ESF @REF Sdrolias_++_2003 @DOI""10.1130/0-8137-2372-8.343"" @absage",2314
2314,823,823,41.0,-44.51,174.61,6.74,839,839,False,"LAU-ESF @REF Sdrolias_++_2003 @DOI""10.1130/0-8137-2372-8.343"" @absage",2315
2315,823,823,86.0,-44.51,174.61,6.74,839,839,False,"LAU-ESF @REF Sdrolias_++_2003 @DOI""10.1130/0-8137-2372-8.343"" @absage  @xo_ys",2316
2316,823,823,86.0,52.0316,-2.5620000000000003,-54.283,901,901,False,"LAU-ESF @REF Sdrolias_++_2003 @DOI""10.1130/0-8137-2372-8.343"" @absage",2317
2317,823,823,120.6,52.0316,-2.5620000000000003,-54.283,901,901,False,LAU-ESF,2318
2318,824,824,0.0,90.0,0.0,0.0,901,901,False,VIT-LAU Vitiaz Trench-Lau Ridge,2319
2319,824,824,12.0,90.0,0.0,0.0,901,901,False,VIT-LAU @xo_ys,2320
2320,824,824,12.0,-57.92,-174.76,-13.15,801,801,False,VIT-LAU @REF Seton_++_(in prep),2321
2321,824,824,25.0,-18.81,178.69,-40.34,801,801,False,VIT-LAU @REF Seton_++_(in prep),2322
2322,824,824,44.0,-9.93,169.61,-57.6,801,801,False,VIT-LAU @REF Seton_++_(in prep),2323
2323,824,824,55.0,-2.95,169.73,-30.39,801,801,False,VIT-LAU @REF Seton_++_(in prep) @xo_ys,2324
2324,824,824,55.0,-15.6678,-14.1112,17.5584,872,872,False,VIT-LAU @REF Seton_++_(in prep),2325
2325,824,824,90.0,-58.1553,-34.5931,7.8661,872,872,False,VIT-LAU @REF Seton_++_(in prep),2326
2326,824,824,250.0,15.6933,-14.1114,17.5604,872,872,False,VIT-LAU @REF Seton_++_(in prep),2327
2327,825,825,0.0,90.0,0.0,0.0,823,823,False,FIJ-LAU Fiji-Lau Ridge,2328
2328,825,825,3.0,90.0,0.0,0.0,823,823,False,"FIJ-LAU @REF Taylor_++_2000 @DOI""10.1029/1999JB900305"" @absage",2329
2329,825,825,12.0,-15.75,-178.5,-135.02,823,823,False,"FIJ-LAU @REF Taylor_++_2000 @DOI""10.1029/1999JB900305"" @xo_ys",2330
2330,825,825,12.0,14.04,-3.33,125.45,824,824,False,"FIJ-LAU @REF Taylor_++_2000 @DOI""10.1029/1999JB900305"" @absage",2331
2331,825,825,250.0,14.04,-3.33,125.45,824,824,False,FIJ-LAU,2332
2332,826,826,0.0,90.0,0.0,0.0,861,861,False,"SLBD-ERR Northern part of South Loyalty Basin, becomes part of d'Entrecasteaux Basin",2333
2333,826,826,55.0,90.0,0.0,0.0,861,861,False,SLBD-ERR @REF Seton_++_(in prep) @absage cross-over  @xo_ys,2334
2334,826,826,55.0,22.7684,-16.8499,-36.2622,960,960,False,SLB-SLB8 @REF Seton_++_(in prep),2335
2335,826,826,200.0,22.7684,-16.8499,-36.2622,960,960,False,SLB-SLB8,2336
2336,827,827,0.0,90.0,0.0,0.0,824,824,False,NHB-VIT New Hebrides-Vitiaz Trench,2337
2337,827,827,1.2,90.0,0.0,0.0,824,824,False,NHB-VIT @REF Yan_Kroenke_1993,2338
2338,827,827,1.8,-10.13,163.64,2.49,824,824,False,NHB-VIT @REF Yan_Kroenke_1993 An2,2339
2339,827,827,2.9,-10.13,163.64,5.35,824,824,False,NHB-VIT @REF Yan_Kroenke_1993 An2A,2340
2340,827,827,4.5,-10.13,163.64,9.33,824,824,False,NHB-VIT @REF Yan_Kroenke_1993 An3,2341
2341,827,827,6.0,-10.13,163.64,15.75,824,824,False,NHB-VIT @REF Yan_Kroenke_1993 An3A,2342
2342,827,827,7.3,-10.13,163.64,24.69,824,824,False,NHB-VIT @REF Yan_Kroenke_1993 An4,2343
2343,827,827,12.0,-8.58,165.35,39.4,824,824,False,NHB-VIT @REF Yan_Kroenke_1993 An4,2344
2344,827,827,250.0,-8.58,165.35,39.4,824,824,False,NHB-VIT  @absage,2345
2345,829,829,0.0,90.0,0.0,0.0,836,836,False,NWB-NCS North Woodlark Basin-North Coral Sea,2346
2346,829,829,0.52,-12.0,144.0,-2.44,836,836,False,"NWB-NCS @REF Taylor_++_2000 @DOI""10.1029/1999JB900305""",2347
2347,829,829,3.6,-10.25,145.87,-6.67,836,836,False,"NWB-NCS @REF Taylor_++_2000 @DOI""10.1029/1999JB900305""",2348
2348,829,829,6.5,-9.54,148.31,-16.97,836,836,False,"NWB-NCS @REF Taylor_++_2000 @DOI""10.1029/1999JB900305"" & Seton_++_(in prep)",2349
2349,829,829,250.0,-9.54,148.31,-16.97,836,836,False,NWB-NCS @absage @xo_ys,2350
2350,830,830,0.0,90.0,0.0,0.0,847,847,False,SBK-NBK South Bismark Basin-North Bismark Basin,2351
2351,830,830,5.0,-5.16,154.16,-39.77,847,847,False,SBK-NBK An2a after Gaina & Muller 2007,2352
2352,830,830,55.0,-5.16,154.16,-39.77,847,847,False,NBK-SBK @absage,2353
2353,832,832,0.0,90.0,0.0,0.0,615,615,False,NBK-PNG North Bismark-Papua New Guinea,2354
2354,832,832,250.0,90.0,0.0,0.0,615,615,False,NBK-PNG,2355
2355,833,833,0.0,90.0,0.0,0.0,801,801,False,LHR-AUS Lord Howe Rise-Australia,2356
2356,833,833,52.0,90.0,0.0,0.0,801,801,False,"LHR-AUS @REF Gaina_++_1998 @DOI""10.1029/98JB00386""",2357
2357,833,833,55.9,-15.93,133.47,-2.11,801,801,False,"LHR-AUS @REF Gaina_++_1998 @DOI""10.1029/98JB00386"" @CHRONID""N25y""",2358
2358,833,833,67.7,-9.04,134.46,-8.83,801,801,False,"LHR-AUS @REF Gaina_++_1998 @DOI""10.1029/98JB00386"" @CHRONID""N31y""",2359
2359,833,833,73.6,-9.53,137.2,-12.94,801,801,False,"LHR-AUS @REF Gaina_++_1998 @DOI""10.1029/98JB00386"" @CHRONID""N33y""",2360
2360,833,833,79.1,0.37,133.82,-13.0,801,801,False,"LHR-AUS @REF Gaina_++_1998 @DOI""10.1029/98JB00386"" @CHRONID""N33o"" eliminated",2361
2361,833,833,86.0,4.06,-42.35,15.51,801,801,False,"LHR-AUS @REF Gaina_++_1998 @DOI""10.1029/98JB00386"" @absage",2362
2362,833,833,90.0,3.27,-42.59,18.34,801,801,False,"LHR-AUS @REF Gaina_++_1998 @DOI""10.1029/98JB00386"" @absage",2363
2363,833,833,610.0,3.27,-42.59,18.34,801,801,False,"LHR-AUS @REF Gaina_++_1998 @DOI""10.1029/98JB00386""",2364
2364,834,834,0.0,90.0,0.0,0.0,869,869,False,NFR-NLHR Norfolk Ridge-North Lord Howe Rise,2365
2365,834,834,250.0,90.0,0.0,0.0,869,869,False,NFR-NLHR @absage,2366
2366,835,835,0.0,90.0,0.0,0.0,844,844,False,TKR-LYR Three Kings Ridge-Loyalty Ridge,2367
2367,835,835,18.0,90.0,0.0,0.0,844,844,False,TKR-LYR Miocene opening after Sdrolias et al. 2004 @absage,2368
2368,835,835,25.0,-36.62,21.32,2.55,844,844,False,TKR-LYR Miocene opening after Sdrolias et al. 2004 @absage,2369
2369,835,835,250.0,-36.62,21.32,2.55,844,844,False,TKR-LYR @absage,2370
2370,836,836,0.0,90.0,0.0,0.0,801,801,False,LP-AUS Louisiade Plateau-Australia,2371
2371,836,836,52.0,90.0,0.0,0.0,801,801,False,LP-AUS @absage,2372
2372,836,836,53.3,-7.75,144.57,-2.08,801,801,False,"LP-AUS @REF Gaina_++_1999 @DOI""10.1029/1999JB900038""",2373
2373,836,836,55.9,7.15,124.35,-1.8900000000000001,801,801,False,"LP-AUS @REF Gaina_++_1999 @DOI""10.1029/1999JB900038""",2374
2374,836,836,57.9,1.1400000000000001,132.09,-4.63,801,801,False,"LP-AUS @REF Gaina_++_1999 @DOI""10.1029/1999JB900038""",2375
2375,836,836,61.3,-3.01,137.84,-10.65,801,801,False,"LP-AUS @REF Gaina_++_1999 @DOI""10.1029/1999JB900038""",2376
2376,836,836,63.0,2.89,-43.55,11.42,801,801,False,"LP-AUS @REF Gaina_++_1999 @DOI""10.1029/1999JB900038"" @absage",2377
2377,836,836,610.0,2.89,-43.55,11.42,801,801,False,"LP-AUS @REF Gaina_++_1999 @DOI""10.1029/1999JB900038"" @absage",2378
2378,838,838,0.0,90.0,0.0,0.0,839,839,False,NSF-ESF Northwest South Fiji Basin-East South Fiji Basin,2379
2379,838,838,25.0,90.0,0.0,0.0,839,839,False,NSF-ESF Spreading stopped @absage,2380
2380,838,838,25.6,0.09,-179.72,0.39,839,839,False,"NSF-ESF @REF Sdrolias_++_2003 @DOI""10.1130/0-8137-2372-8.343""",2381
2381,838,838,25.8,0.99,-178.47,0.93,839,839,False,"NSF-ESF @REF Sdrolias_++_2003 @DOI""10.1130/0-8137-2372-8.343""",2382
2382,838,838,26.6,8.19,-178.49,1.94,839,839,False,"NSF-ESF @REF Sdrolias_++_2003 @DOI""10.1130/0-8137-2372-8.343""",2383
2383,838,838,28.0,3.87,179.78,3.41,839,839,False,"NSF-ESF @REF Sdrolias_++_2003 @DOI""10.1130/0-8137-2372-8.343""",2384
2384,838,838,28.3,3.5700000000000003,177.18,4.48,839,839,False,"NSF-ESF @REF Sdrolias_++_2003 @DOI""10.1130/0-8137-2372-8.343""",2385
2385,838,838,28.7,3.41,176.86,5.1,839,839,False,"NSF-ESF @REF Sdrolias_++_2003 @DOI""10.1130/0-8137-2372-8.343""",2386
2386,838,838,29.4,6.41,-179.89,4.98,839,839,False,"NSF-ESF @REF Sdrolias_++_2003 @DOI""10.1130/0-8137-2372-8.343""",2387
2387,838,838,30.1,11.96,-179.48,4.94,839,839,False,"NSF-ESF @REF Sdrolias_++_2003 @DOI""10.1130/0-8137-2372-8.343""",2388
2388,838,838,33.1,34.81,-177.48,5.29,839,839,False,"NSF-ESF @REF Sdrolias_++_2003 @DOI""10.1130/0-8137-2372-8.343""",2389
2389,838,838,250.0,34.81,-177.48,5.29,839,839,False,"NSF-ESF @REF Sdrolias_++_2003 @DOI""10.1130/0-8137-2372-8.343"" @absage",2390
2390,839,839,0.0,90.0,0.0,0.0,835,835,False,ESF-TKR East South Fiji-Three Kings Ridge,2391
2391,839,839,25.0,90.0,0.0,0.0,835,835,False,ESF-TKR Spreading stopped @absage,2392
2392,839,839,25.6,88.13,-1.98,-0.51,835,835,False,"ESF-TKR @REF Sdrolias_++_2003 @DOI""10.1130/0-8137-2372-8.343""",2393
2393,839,839,25.8,89.43,-0.93,-1.11,835,835,False,"ESF-TKR @REF Sdrolias_++_2003 @DOI""10.1130/0-8137-2372-8.343""",2394
2394,839,839,26.6,87.48,5.8100000000000005,-1.81,835,835,False,"ESF-TKR @REF Sdrolias_++_2003 @DOI""10.1130/0-8137-2372-8.343""",2395
2395,839,839,27.0,82.87,5.76,-2.34,835,835,False,"ESF-TKR @REF Sdrolias_++_2003 @DOI""10.1130/0-8137-2372-8.343""",2396
2396,839,839,28.0,76.07,17.61,-3.0,835,835,False,"ESF-TKR @REF Sdrolias_++_2003 @DOI""10.1130/0-8137-2372-8.343""",2397
2397,839,839,28.3,74.59,18.75,-4.07,835,835,False,"ESF-TKR @REF Sdrolias_++_2003 @DOI""10.1130/0-8137-2372-8.343""",2398
2398,839,839,29.4,75.04,32.87,-5.11,835,835,False,"ESF-TKR @REF Sdrolias_++_2003 @DOI""10.1130/0-8137-2372-8.343""",2399
2399,839,839,33.1,74.85,42.29,-6.16,835,835,False,"ESF-TKR @REF Sdrolias_++_2003 @DOI""10.1130/0-8137-2372-8.343""",2400
2400,839,839,250.0,74.85,42.29,-6.16,835,835,False,"ESF-TKR @REF Sdrolias_++_2003 @DOI""10.1130/0-8137-2372-8.343"" @absage",2401
2401,840,840,0.0,90.0,0.0,0.0,801,801,False,EPNG-AUS Rotations for E of PNG arc that was hypothesised to have been active from 62-50 Ma,2402
2402,840,840,50.0,90.0,0.0,0.0,801,801,False,"EPNG-AUS @REF Matthews_++_2015 @DOI""10.1016/j.earscirev.2014.10.008"" From 0-50 Ma it is fixed to Australia @Au KM @T 2015",2403
2403,840,840,62.0,12.01,-27.26,12.89,801,801,False,"EPNG-AUS @REF Matthews_++_2015 @DOI""10.1016/j.earscirev.2014.10.008"" Hypothesised arc E of PNG moves S during consumption of a BAB from 62-50 Ma - @Au KM @T 2015",2404
2404,840,840,250.0,12.01,-27.26,12.89,801,801,False,"EPNG-AUS @REF Matthews_++_2015 @DOI""10.1016/j.earscirev.2014.10.008""",2405
2405,841,841,0.0,25.4399,-11.7193,14.8449,801,801,False,Hypothesised arc associated with opening of the South Loyalty BAB,2406
2406,841,841,55.0,36.9724,-8.888300000000001,10.9443,801,801,False,Hypothesised arc associated with opening of the South Loyalty BAB,2407
2407,841,841,56.0,44.4601,-8.1836,9.4099,801,801,False,SEPNG-AUS Young et al. (this study),2408
2408,841,841,86.0,9.3867,-36.2,26.7414,801,801,False,SEPNG-AUS Young et al. (this study)    Hypothesised arc associated with opening of the South Loyalty BAB,2409
2409,841,841,250.0,12.8199,-30.574,44.8862,801,801,False,SEPNG-AUS Young et al. (this study),2410
2410,842,842,0.0,90.0,0.0,0.0,844,844,False,MNF-LYR Mid Norfolk Ridge-Loyalty Ridge,2411
2411,842,842,250.0,90.0,0.0,0.0,844,844,False,MNF-LYR Mid Norfolk Ridge-Loyalty Ridge,2412
2412,844,844,0.0,90.0,0.0,0.0,834,834,False,LYR-NFR Loyalty Ridge-Norfolk Ridge,2413
2413,844,844,45.0,90.0,0.0,0.0,834,834,False,LYR-NFR @xo_ys @absage,2414
2414,844,844,45.0,49.71,0.18,-44.45,901,901,False,"LYR-PAC @REF Matthews_++_2015 @DOI""10.1016/j.earscirev.2014.10.008"" Loyalty Ridge-Pacific cross-over @absage",2415
2415,844,844,55.0,56.37,9.52,-34.03,901,901,False,"LYR-PAC @REF Matthews_++_2015 @DOI""10.1016/j.earscirev.2014.10.008"" @T 20140905 @absage",2416
2416,844,844,86.0,-46.48,174.21,42.34,901,901,False,LYR-PAC @absage @xo_ys  Seton et al. 2012,2417
2417,844,844,86.0,39.1153,-41.0612,9.2546,834,834,False,LYR-NFR Loyalty Ridge-Norfolk Ridge crossover   @absage,2418
2418,844,844,120.6,39.1153,-41.0612,9.2546,834,834,False,"LYR-NFR @REF Seton_++_2012 @DOI""10.1016/j.earscirev.2012.03.002""",2419
2419,844,844,145.0,-45.303,-34.93,11.8247,834,834,False,"LYR-NFR @REF Seton_++_2012 @DOI""10.1016/j.earscirev.2012.03.002"" @absage",2420
2420,845,845,0.0,90.0,0.0,0.0,834,834,False,SLYB-NFR South Loyalty Basin-Norfolk Ridge,2421
2421,845,845,86.0,90.0,0.0,0.0,834,834,False,"SLYB-NFR @REF Seton_++_2012 @DOI""10.1016/j.earscirev.2012.03.002"" @absage @xo_ys",2422
2422,845,845,86.0,39.1153,-41.0612,-9.2546,844,844,False,SLYB-LYR South Loyalty Basin-Loyalty Ridge Seton et al. 2012 @absage,2423
2423,845,845,145.0,39.1153,-41.0612,-9.2546,844,844,False,"SLYB-LYR @REF Seton_++_2012 @DOI""10.1016/j.earscirev.2012.03.002"" @absage",2424
2424,847,847,0.0,90.0,0.0,0.0,901,901,False,MELA-PAC Melanesian Arc-Pacific,2425
2425,847,847,12.0,90.0,0.0,0.0,901,901,False,MELA-PAC @REF Seton_++_(in prep) @xo_yf,2426
2426,847,847,12.0,-57.92,-174.76,-13.15,801,801,False,MELA-PAC @REF Seton_++_(in prep),2427
2427,847,847,25.0,-42.32,-161.63,-20.82,801,801,False,MELA-PAC @REF Seton_++_(in prep),2428
2428,847,847,55.0,-14.88,179.96,-13.29,801,801,False,MELA-PAC @REF Seton_++_(in prep),2429
2429,847,847,62.0,-12.17,167.64,-11.63,801,801,False,MELA-PAC @REF Seton_++_(in prep),2430
2430,847,847,90.0,-8.84,-38.71,21.13,801,801,False,MELA-PAC @REF Seton_++_(in prep),2431
2431,847,847,250.0,-8.84,-38.71,21.13,801,801,False,MELA-PAC,2432
2432,849,849,0.0,90.0,0.0,0.0,801,801,False,SOL-AUS,2433
2433,849,849,25.0,90.0,0.0,0.0,801,801,False,"SOL-AUS @REF Zahirovic_++_2014 @DOI""10.5194/se-5-227-2014"" North-dipping subduction beneath Toricelli Arc  @xo_ys @absage",2434
2434,849,849,25.0,-42.32,-161.63,20.82,847,847,False,"SOL-AUS @REF Gaina_Muller_2007 @DOI""10.1016/j.earscirev.2007.04.004""     @absage",2435
2435,849,849,250.0,-42.32,-161.63,20.82,847,847,False,SOL-AUS,2436
2436,850,850,0.0,90.0,0.0,0.0,801,801,False,TAS-AUS Tasmania-Australia,2437
2437,850,850,100.0,90.0,0.0,0.0,801,801,False,TAS-AUS @absage,2438
2438,850,850,136.0,-1.04,55.95,0.32,801,801,False,"TAS-AUS @REF Whittaker_++_2013 @DOI""10.1002/ggge.20181"" ~50km of N-S Extension in Bass/Gippsland Basins  @absage",2439
2439,850,850,410.0,-1.04,55.95,0.32,801,801,False,TAS-AUS,2440
2440,851,851,0.0,90.0,0.0,0.0,801,801,False,WSTR-AUS Western South Tasman Rise-Australia @Au JW&SW @T 2011,2441
2441,851,851,50.0,90.0,0.0,0.0,801,801,False,WSTR-AUS @absage @xo_ys,2442
2442,851,851,50.0,11.85,34.55,-24.94,802,802,False,"WSTR-ANT @REF Whittaker_++_2013 @DOI""10.1002/ggge.20181"" based on @REF Royer_Rollet_1997 @DOI""10.1080/08120099708728336"" @Au JW & SW @T 2011 Western South Tasman Rise-Antarctica Cross-over @absage",2443
2443,851,851,490.0,11.85,34.55,-24.94,802,802,False,WSTR-ANT,2444
2444,851,851,490.0,42.4881,-115.962,-9.7124,8013,8013,False,WSTR-TAS Western South Tasman Rise-Tasmania Mulder et al. (2020),2445
2445,851,851,540.0,21.552599999999998,2.8626,5.7807,8013,8013,False,WSTR-TAS Mulder et al. (2020),2446
2446,851,851,830.0,21.552599999999998,2.8626,5.7807,8013,8013,False,WSTR-TAS Mulder et al. (2020),2447
2447,851,851,830.0,35.9218,147.132,118.825,101,101,False,WSTR-LAU Western South Tasman Rise-Laurentia Mulder et al. (2020),2448
2448,851,851,900.0,35.9218,147.132,118.825,101,101,False,WSTR-LAU Mulder et al. (2020),2449
2449,851,851,900.0,-69.6883,90.2766,-124.8363,8026,8026,False,WSTR-CLB Western South Tasman Rise-Coats Land Block Mulder et al. (2020),2450
2450,851,851,1140.0,-69.6883,90.2766,-124.8363,8026,8026,False,WSTR-CLB Mulder et al. (2019),2451
2451,852,852,0.0,90.0,0.0,0.0,801,801,False,ESTR-AUS Eastern South Tasman Rise-Australia,2452
2452,852,852,80.0,90.0,0.0,0.0,801,801,False,ESTR-AUS @absage @xo_ys,2453
2453,852,852,80.0,2.58,36.97,-26.36,802,802,False,"ESTR-ANT @REF Whittaker_++_2013 @DOI""10.1002/ggge.20181"" based on @REF Royer_Rollet_1997 @DOI""10.1080/08120099708728336"" @Au JW & SW @T 2011, Eastern South Tasman Rise-Antarctica  @absage",2454
2454,852,852,83.0,-2.67,-142.6,26.53,802,802,False,"ESTR-ANT @REF Whittaker_++_2013 @DOI""10.1002/ggge.20181"" based on @REF Royer_Rollet_1997 @DOI""10.1080/08120099708728336"" @Au JW & SW @T 2011 @absage",2455
2455,852,852,490.0,-2.67,-142.6,26.53,802,802,False,ESTR-ANT,2456
2456,852,852,490.0,35.4643,-128.701,-5.4198,8013,8013,False,ESTR-TAS Eastern South Tasman Rise-Tasmania Mulder et al. (2020),2457
2457,852,852,540.0,45.1708,-35.6066,23.187,8013,8013,False,ESTR-TAS Mulder et al. (2020),2458
2458,852,852,830.0,45.1708,-35.6066,23.187,8013,8013,False,ESTR-TAS Mulder et al. (2020),2459
2459,852,852,830.0,-42.7178,-44.1868,-119.1064,101,101,False,ESTR-LAU Eastern South Tasman Rise-Laurentia Mulder et al. (2020),2460
2460,852,852,1000.0,-42.7178,-44.1868,-119.1064,101,101,False,ESTR-LAU Mulder et al. (2019),2461
2461,852,852,1140.0,-42.7178,-44.1868,-119.1064,101,101,False,ESTR-LAU Mulder et al. (2019),2462
2462,853,853,0.0,90.0,0.0,0.0,781,781,False,WSOL-SPMOL West Solomon Sea continuation (isochrons),2463
2463,853,853,250.0,90.0,0.0,0.0,781,781,False,"WSOL-SPMOL @REF Zahirovic_++_2014 @DOI""10.5194/se-5-227-2014"" West Solomon Sea continuation (isochrons)",2464
2464,854,854,0.0,90.0,0.0,0.0,801,801,False,"SEPNG-AUS @REF Matthews_++_2015 @DOI""10.1016/j.earscirev.2014.10.008"" Rotations for SE of PNG arc that was hypothesised to have been active from 80-50 Ma",2465
2465,854,854,50.0,90.0,0.0,0.0,801,801,False,"SEPNG-AUS @REF Matthews_++_2015 @DOI""10.1016/j.earscirev.2014.10.008"" From 0-50 Ma it is fixed to Australia however these motions are made up - KM @xo_of @absage",2466
2466,854,854,62.0,-12.0266,152.816,-12.8697,801,801,False,"SEPNG-AUS @REF Matthews_++_2015 @DOI""10.1016/j.earscirev.2014.10.008"" Late K arc fixed to hypothesised arc E of PNG that was active from 62-50 Ma - @Au KM @absage",2467
2467,854,854,73.0,-14.3835,138.7811,-13.5038,801,801,False,SEPNG-AUS Young et al. (this study),2468
2468,854,854,80.0,7.7216000000000005,-49.9382,14.2162,801,801,False,"SEPNG-AUS Young et al. (this study) Louisiade Pl., hypothesised Late K arc SE of PNG moves N associated with BAB opening from 80-62 Ma - @Au KM",2469
2469,854,854,90.0,-4.1589,-56.9967,15.5279,801,801,False,SEPNG-AUS Young et al. (this study),2470
2470,854,854,250.0,-4.1589,-56.9967,15.5279,801,801,False,SEPNG-AUS Young et al. (this study),2471
2471,855,855,0.0,90.0,0.0,0.0,857,857,False,NLB-NLBN North Loyalty Basin South-North Loyalty Basin North,2472
2472,855,855,35.0,90.0,0.0,0.0,857,857,False,NLB-NLBN Spreading Stopped @absage,2473
2473,855,855,35.3,6.0,-155.0,-1.65,857,857,False,"SLB-NLBN @REF Sdrolias_++_2003 @DOI""10.1130/0-8137-2372-8.343"" An 16y",2474
2474,855,855,38.1,-0.61,-149.64,-3.41,857,857,False,"SLB-NLBN @REF Sdrolias_++_2003 @DOI""10.1130/0-8137-2372-8.343"" An 17o",2475
2475,855,855,39.6,6.0,-155.0,-5.05,857,857,False,"SLB-NLBN @REF Sdrolias_++_2003 @DOI""10.1130/0-8137-2372-8.343"" An 18o",2476
2476,855,855,43.8,5.7,-153.1,-7.99,857,857,False,"NLB-NLBN @REF Sdrolias_++_2003 @DOI""10.1130/0-8137-2372-8.343"" An 20o",2477
2477,855,855,140.0,5.7,-153.1,-7.99,857,857,False,"NLB-NLBN @REF Sdrolias_++_2003 @DOI""10.1130/0-8137-2372-8.343"" @absage",2478
2478,856,856,0.0,90.0,0.0,0.0,835,835,False,SSF-TKR South South Fiji Basin-Three Kings Ridge,2479
2479,856,856,25.0,90.0,0.0,0.0,835,835,False,"SSF-TKR @REF Sdrolias_++_2003 @DOI""10.1130/0-8137-2372-8.343"" @absage",2480
2480,856,856,26.6,14.18,-168.21,-1.2,835,835,False,"SSF-TKR @REF Sdrolias_++_2003 @DOI""10.1130/0-8137-2372-8.343""",2481
2481,856,856,28.0,21.84,-156.2,-2.0,835,835,False,"SSF-TKR @REF Sdrolias_++_2003 @DOI""10.1130/0-8137-2372-8.343""",2482
2482,856,856,30.1,21.84,-156.2,-3.2,835,835,False,"SSF-TKR @REF Sdrolias_++_2003 @DOI""10.1130/0-8137-2372-8.343""",2483
2483,856,856,250.0,21.84,-156.2,-3.2,835,835,False,"SSF-TKR @REF Sdrolias_++_2003 @DOI""10.1130/0-8137-2372-8.343"" @absage",2484
2484,857,857,0.0,90.0,0.0,0.0,844,844,False,NLBN-LYR North Loyalty Basin North-Loyalty Ridge,2485
2485,857,857,88.0,90.0,0.0,0.0,844,844,False,"NLBN-LYR @REF Sdrolias_++_2003 @DOI""10.1130/0-8137-2372-8.343"" @absage",2486
2486,858,858,0.0,90.0,0.0,0.0,889,889,False,REN-MEL Rennell Island Ridge-Mellish Rise,2487
2487,858,858,85.0,90.0,0.0,0.0,889,889,False,REN-MEL @REF Seton_++_(in prep),2488
2488,859,859,0.0,90.0,0.0,0.0,861,861,False,WTP-ERR West Torres Plateau-Lord Howe Rise,2489
2489,859,859,12.0,90.0,0.0,0.0,861,861,False,WTP-ERR @REF Seton_++_(in prep),2490
2490,859,859,25.0,-66.88,-68.79,1.9,861,861,False,WTP-ERR @REF Seton_++_(in prep),2491
2491,859,859,85.0,-66.88,-68.79,1.9,861,861,False,WTP-ERR,2492
2492,860,860,0.0,90.0,0.0,0.0,889,889,False,WRR-MEL Western Rennell Ridge-Mellish Rise,2493
2493,860,860,200.0,90.0,0.0,0.0,889,889,False,WRR-MEL @REF Seton_++_(in prep),2494
2494,861,861,0.0,90.0,0.0,0.0,860,860,False,ERR-WRR East Rennell Ridge-West Rennell Ridge (Santa Cruz Basin),2495
2495,861,861,25.0,90.0,0.0,0.0,860,860,False,SERR-WRR @REF Seton_++_(in prep) @Au MS,2496
2496,861,861,33.5,32.28,-34.79,-1.06,860,860,False,"ERR-WRR @REF Seton_++_(in prep) @Au MS @CHRONID""C13o""",2497
2497,861,861,40.1,17.99,-21.46,-19.32,860,860,False,"ERR-WRR @REF Seton_++_(in prep) @Au MS @CHRONID""C18o""",2498
2498,861,861,48.0,17.99,-21.46,-23.05,860,860,False,ERR-WRR @REF Seton_++_(in prep),2499
2499,861,861,200.0,17.99,-21.46,-23.05,860,860,False,ERR-WRR,2500
2500,862,862,0.0,90.0,0.0,0.0,829,829,False,WRR-MEL Western Rennell Ridge-Mellish Rise,2501
2501,862,862,12.0,90.0,0.0,0.0,829,829,False,WRR-MEL @xo_ys,2502
2502,862,862,12.0,15.3444,-28.0601,-0.0025,922,922,False,WRR-MEL,2503
2503,862,862,25.0,15.3444,-28.0601,-0.0025,922,922,False,WRR-MEL @REF Seton_++_(in prep) @xo_ys,2504
2504,862,862,25.0,12.19,-10.06,22.63,889,889,False,WRR-MEL @REF Seton_++_(in prep),2505
2505,862,862,200.0,12.19,-10.06,22.63,889,889,False,WRR-MEL,2506
2506,863,863,0.0,90.0,0.0,0.0,9862,9862,False,NSC-SSC North Santa Cruz Basin-South Santa Cruz Basin,2507
2507,863,863,200.0,90.0,0.0,0.0,9862,9862,False,SSC-WTP @REF Seton_++_(in prep),2508
2508,864,864,0.0,90.0,0.0,0.0,823,823,False,NIU-LAU Niuafoou-Lau Ridge,2509
2509,864,864,1.0,-8.2,-170.2,-3.8,823,823,False,"NIU-LAU @REF Zellmer_++_2001 @DOI""10.1029/2000GC000106"" @absage",2510
2510,864,864,2.0,-8.2,-170.2,-4.8,823,823,False,"NIU-LAU @REF Zellmer_++_2001 @DOI""10.1029/2000GC000106"" @Au MS @T 10/03 @absage",2511
2511,864,864,250.0,-8.2,-170.2,-4.8,823,823,False,NIU-LAU  @absage,2512
2512,865,865,0.0,90.0,0.0,0.0,833,833,False,SLBA2-LHR Rotations for an E of LHR arc that was hypothesised to have been active from 85-55 Ma associated with opening of the southern South Loyalty BAB,2513
2513,865,865,45.0,90.0,0.0,0.0,833,833,False,"SLBA2-LHR @REF Matthews_++_2015 @DOI""10.1016/j.earscirev.2014.10.008"", From 0-45 Ma it is fixed to 833 however these motions are made up - @Au KM",2514
2514,865,865,55.0,16.38,-45.7,-0.06,833,833,False,"SLBA2-LHR @REF Matthews_++_2015 @DOI""10.1016/j.earscirev.2014.10.008"", Hypothesised arc associated with opening of the southern South Loyalty BAB - @Au KJM @xo_of @absage",2515
2515,865,865,55.0,10.11,-56.66,-0.07,8680,8680,False,"SLBA2-LHR @REF Matthews_++_2015 @DOI""10.1016/j.earscirev.2014.10.008"", Hypothesised arc associated with opening of the southern South Loyalty BAB - @Au KM @absage",2516
2516,865,865,85.0,36.35,4.71,-18.85,8680,8680,False,"SLBA2-LHR @REF Matthews_++_2015 @DOI""10.1016/j.earscirev.2014.10.008"", Hypothesised arc associated with opening of the southern South Loyalty BAB - @Au KM",2517
2517,865,865,250.0,36.35,4.71,-18.85,8680,8680,False,"SLBA2-LHR @REF Matthews_++_2015 @DOI""10.1016/j.earscirev.2014.10.008"", Hypothesised arc associated with opening of the southern South Loyalty BAB - @Au KM",2518
2518,866,866,0.0,90.0,0.0,0.0,869,869,False,CS-NLHR Chesterfield Plateau-Northern Lord Howe Rise,2519
2519,866,866,64.0,90.0,0.0,0.0,869,869,False,"CS-NLHR @REF Gaina_++_1998 @DOI""10.1029/98JB00386""  @absage",2520
2520,866,866,71.6,22.48,-24.74,-8.83,869,869,False,"CS-NLHR @REF Gaina_++_1998 @DOI""10.1029/98JB00386""  @xo_ys",2521
2521,866,866,71.6,27.2,92.2,-4.14,801,801,False,"CS-AUS Chesterfield Plateau-Australia @REF Gaina_++_1998 @DOI""10.1029/98JB00386"", cross-over",2522
2522,866,866,610.0,27.2,92.2,-4.14,801,801,False,CS-AUS Gaina et al. 1998,2523
2523,867,867,0.0,90.0,0.0,0.0,868,868,False,GSM-CLP Gilbert Seamount Complex-Challenger Plateau,2524
2524,867,867,79.1,90.0,0.0,0.0,868,868,False,"GSM-CP @REF Gaina_++_1998 @DOI""10.1029/98JB00386""  @xo_ys",2525
2525,867,867,79.1,-2.66,64.32,-27.89,802,802,False,"GSM-ANT Gilbert Seamount Complex-Antarctica cross-over @REF Gaina_++_1998 @DOI""10.1029/98JB00386""",2526
2526,867,867,610.0,-2.66,64.32,-27.89,802,802,False,GSM-ANT,2527
2527,868,868,0.0,90.0,0.0,0.0,833,833,False,CLP-LHR Challenger Plateau-Lord Howe Rise,2528
2528,868,868,77.0,90.0,0.0,0.0,833,833,False,"CLP-LHR @REF Gaina_++_1998 @DOI""10.1029/98JB00386""",2529
2529,868,868,90.0,65.04,108.97,-1.3900000000000001,833,833,False,"CLP-LHR @REF Gaina_++_1998 @DOI""10.1029/98JB00386""  @absage",2530
2530,868,868,600.0,65.04,108.97,-1.3900000000000001,833,833,False,CLP-LHR CG 13/8/96,2531
2531,869,869,0.0,90.0,0.0,0.0,833,833,False,NLHR-LHR Northern Lord Howe Rise-Lord Howe Rise,2532
2532,869,869,64.0,90.0,0.0,0.0,833,833,False,"NLHR-LHR @REF Gaina_++_1998 @DOI""10.1029/98JB00386""",2533
2533,869,869,83.0,8.1,-35.62,-2.7199999999999998,833,833,False,"NLHR-LHR @REF Gaina_++_1998 @DOI""10.1029/98JB00386""  @xo_ys",2534
2534,869,869,83.0,-0.75,134.44,-11.73,801,801,False,"NLHR-AUS Northern Lord Howe Rise-Australia, @REF Gaina_++_1998 @DOI""10.1029/98JB00386"", crossover",2535
2535,869,869,600.0,-0.75,134.44,-11.73,801,801,False,NLHR-AUS Gaina et al. 1998,2536
2536,870,870,0.0,90.0,0.0,0.0,823,823,False,TOL-LAU Lau Basin Tonga Side-Lau Ridge,2537
2537,870,870,2.0,90.0,0.0,0.0,823,823,False,"TOL-LAU @REF Zellmer_++_2001 @DOI""10.1029/2000GC000106"" @absage",2538
2538,870,870,4.0,-26.87,-178.28,7.4,823,823,False,"TOL-LAU @REF Zellmer_++_2001 @DOI""10.1029/2000GC000106"" @absage",2539
2539,870,870,250.0,-26.87,-178.28,7.4,823,823,False,TOL-LAU,2540
2540,872,872,0.0,90.0,0.0,0.0,844,844,False,"SLBA3-LYR @REF Matthews_++_2015 @DOI""10.1016/j.earscirev.2014.10.008"", Hypothesised arc that was active from 85-55 Ma associated with opening of the South Loyalty BAB",2541
2541,872,872,45.0,90.0,0.0,0.0,844,844,False,"SLBA3-LYR @REF Matthews_++_2015 @DOI""10.1016/j.earscirev.2014.10.008"", From 0-45 Ma it is fixed to 844 however these motions are made up - @Au KM",2542
2542,872,872,55.0,53.74,26.96,-0.54,844,844,False,"SLBA3-LYR @REF Matthews_++_2015 @DOI""10.1016/j.earscirev.2014.10.008"", Hypothesised arc associated with opening of the South Loyalty BAB - @Au KM @xo_of @absage",2543
2543,872,872,55.0,25.51,-7.65,13.58,890,890,False,"SLBA3-KP @REF Matthews_++_2015 @DOI""10.1016/j.earscirev.2014.10.008"", Hypothesised arc associated with opening of the South Loyalty BAB - @Au KM cross-over 20140905 @absage",2544
2544,872,872,63.0,25.2941,-8.5785,16.5074,890,890,False,"SLBA3-KP @REF Matthews_++_2015 @DOI""10.1016/j.earscirev.2014.10.008"", recalc this rot to match what it was before 20140905 - @Au KM @xo_of @absage",2545
2545,872,872,63.0,14.98,-16.44,9.31,841,841,False,"SLBA3-SLBA @REF Matthews_++_2015 @DOI""10.1016/j.earscirev.2014.10.008"", Hypothesised arc associated with opening of the South Loyalty BAB - @Au KM cross-over 20140905 @absage",2546
2546,872,872,250.0,14.98,-16.44,9.31,841,841,False,"SLBA3-SLBA @REF Matthews_++_2015 @DOI""10.1016/j.earscirev.2014.10.008""",2547
2547,873,873,0.0,90.0,0.0,0.0,890,890,False,"SLB1-KP @REF Matthews_++_2015 @DOI""10.1016/j.earscirev.2014.10.008"", W isochron of SLB MOR",2548
2548,873,873,85.0,90.0,0.0,0.0,890,890,False,"SLB1-KP @REF Matthews_++_2015 @DOI""10.1016/j.earscirev.2014.10.008"", W isochron of SLB MOR - @Au KM",2549
2549,874,874,0.0,90.0,0.0,0.0,965,965,False,SLB2-SLB12 W isochron of SLB,2550
2550,874,874,30.0,38.484,-1.346,-9.7501,965,965,False,SLB2-SLB12 W isochron of SLB MOR,2551
2551,874,874,55.0,38.484,-1.346,-9.7501,965,965,False,SLB2-SLB12 W isochron of SLB MOR @xo_ys,2552
2552,874,874,55.0,90.0,0.0,0.0,8334,8334,False,"SLB2-KP @REF Matthews_++_2015 @DOI""10.1016/j.earscirev.2014.10.008"", W isochron of SLB MOR - @Au KM",2553
2553,874,874,85.0,90.0,0.0,0.0,8334,8334,False,"SLB2-KP @REF Matthews_++_2015 @DOI""10.1016/j.earscirev.2014.10.008"", W isochron of SLB MOR - @Au KM",2554
2554,875,875,0.0,90.0,0.0,0.0,8333,8333,False,"SLB3-KP @REF Matthews_++_2015 @DOI""10.1016/j.earscirev.2014.10.008"", W isochron of SLB MOR",2555
2555,875,875,85.0,90.0,0.0,0.0,8333,8333,False,"SLB3-KP @REF Matthews_++_2015 @DOI""10.1016/j.earscirev.2014.10.008"", W isochron of SLB MOR - @Au KM",2556
2556,876,876,0.0,90.0,0.0,0.0,8335,8335,False,"SLB4-KP @REF Matthews_++_2015 @DOI""10.1016/j.earscirev.2014.10.008"", W isochron of SLB MOR",2557
2557,876,876,85.0,90.0,0.0,0.0,8335,8335,False,"SLB4-KP @REF Matthews_++_2015 @DOI""10.1016/j.earscirev.2014.10.008"", W isochron of SLB MOR - @Au KM",2558
2558,877,877,0.0,90.0,0.0,0.0,8680,8680,False,"SLB5-KP @REF Matthews_++_2015 @DOI""10.1016/j.earscirev.2014.10.008"", W isochron of SLB MOR",2559
2559,877,877,85.0,90.0,0.0,0.0,8680,8680,False,"SLB5-KP @REF Matthews_++_2015 @DOI""10.1016/j.earscirev.2014.10.008"", W isochron of SLB MOR - @Au KM",2560
2560,878,878,0.0,90.0,0.0,0.0,836,836,False,PP-LP Papuan Plateau-Louisiade Plateau,2561
2561,878,878,52.0,90.0,0.0,0.0,836,836,False,"PP-LP @REF Gaina_++_1998 @DOI""10.1029/98JB00386""    @absage",2562
2562,878,878,63.0,2.89,-43.55,-1.28,836,836,False,"PP-LP @REF Gaina_++_1998 @DOI""10.1029/98JB00386""    @xo_ys",2563
2563,878,878,63.0,-2.89,136.45,-10.14,801,801,False,PP-AUS Papuan Plateau-Australia cross-over Gaina et al. 1998,2564
2564,878,878,610.0,-2.89,136.45,-10.14,801,801,False,PP-AUS Gaina et al. 1998,2565
2565,879,879,0.0,90.0,0.0,0.0,813,813,False,CHA-CBP Chatham Rise-Campbell Plateau,2566
2566,879,879,79.1,90.0,0.0,0.0,813,813,False,CHA-CBP,2567
2567,879,879,90.0,-47.5,166.0,-6.25,813,813,False,"CHA-CBP @REF Grobys_++_2008 @DOI""10.1029/2007GC001691"", based on restoration of crustal volumes @absage",2568
2568,879,879,610.0,-47.5,166.0,-6.25,813,813,False,CHA-CBP,2569
2569,880,880,0.0,90.0,0.0,0.0,801,801,False,EMO1-AUS Emo Basin SE of PNG-Australia,2570
2570,880,880,63.0,90.0,0.0,0.0,801,801,False,"EMO1-AUS S isochron in Emo Basin SE of PNG (obduction during Coral Sea opening) @REF Matthews_++_2015 @DOI""10.1016/j.earscirev.2014.10.008"", modified in @REF Seton_++_(in prep)  @xo_ys",2571
2571,880,880,63.0,2.89,-43.55,-11.42,836,836,False,"EMO1-LP @REF Matthews_++_2015 @DOI""10.1016/j.earscirev.2014.10.008"", modified in @REF Seton_++_(in prep) @AU KJM & MS",2572
2572,880,880,85.0,2.89,-43.55,-11.42,836,836,False,EMO1-LP,2573
2573,881,881,0.0,90.0,0.0,0.0,801,801,False,EMO1-AUS Emo Basin SE of PNG-Australia,2574
2574,881,881,63.0,90.0,0.0,0.0,801,801,False,"EMO1-AUS N isochron in Emo Basin SE of PNG (obduction during Coral Sea opening)@REF Matthews_++_2015 @DOI""10.1016/j.earscirev.2014.10.008"", @REF Seton_++_(in prep)  @Au KJM & MS @xo_ys",2575
2575,881,881,63.0,-10.94,166.01,11.85,847,847,False,"EMO1-MELA N isochron in Emo Basin SE of PNG @REF Matthews_++_2015 @DOI""10.1016/j.earscirev.2014.10.008"", @REF Seton_++_(in prep)  @Au KJM & MS",2576
2576,881,881,85.0,-10.94,166.01,11.85,847,847,False,EMO1-MELA,2577
2577,883,883,0.0,90.0,0.0,0.0,869,869,False,NDR-NLHR North Dampier Ridge-Northern Lord Howe Rise,2578
2578,883,883,71.4,90.0,0.0,0.0,869,869,False,"NDR-NLHR @REF Gaina_++_1998 @DOI""10.1029/98JB00386"" @xo_ys",2579
2579,883,883,71.4,-9.43,135.58,-10.36,801,801,False,"NDR-AUS North Dampier Ridge-Australia cross-over @REF Gaina_++_1998 @DOI""10.1029/98JB00386""",2580
2580,883,883,610.0,-9.43,135.58,-10.36,801,801,False,NDR-AUS Gaina et al. 1998,2581
2581,884,884,0.0,90.0,0.0,0.0,869,869,False,M1DR-NLHR Middle 1 Dampier Ridge-Northern Lord Howe Rise,2582
2582,884,884,72.4,90.0,0.0,0.0,869,869,False,"M1DR-NLHR @REF Gaina_++_1998 @DOI""10.1029/98JB00386"" @xo_ys",2583
2583,884,884,72.4,-9.51,135.94,-10.91,801,801,False,M1DR-AUS Middle 1 Dampier Ridge-Australia cross-over,2584
2584,884,884,610.0,-9.51,135.94,-10.91,801,801,False,M1DR-AUS Gaina et al. 1998,2585
2585,885,885,0.0,90.0,0.0,0.0,869,869,False,M2DR-NLHR Middle 2 Dampier Ridge-Northern Lord Howe Rise,2586
2586,885,885,74.2,90.0,0.0,0.0,869,869,False,"M2DR-NLHR @REF Gaina_++_1998 @DOI""10.1029/98JB00386"" @xo_ys",2587
2587,885,885,74.2,-8.38,135.87,-11.48,801,801,False,M2DR-AUS Middle 2 Dampier Ridge-Australia cross-over,2588
2588,885,885,610.0,-8.38,135.87,-11.48,801,801,False,M2DR-AUS Gaina et al. 1998,2589
2589,886,886,0.0,90.0,0.0,0.0,869,869,False,SDR-NLHR South Dampier Ridge-Northern Lord Howe Rise,2590
2590,886,886,79.1,90.0,0.0,0.0,869,869,False,"SDR-NLHR @REF Gaina_++_1998 @DOI""10.1029/98JB00386"" @xo_ys",2591
2591,886,886,79.1,2.27,131.96,-10.91,801,801,False,"SDR-AUS South Dampier Ridge-Australia cross-over @REF Gaina_++_1998 @DOI""10.1029/98JB00386""",2592
2592,886,886,610.0,2.27,131.96,-10.91,801,801,False,SDR-AUS Gaina et al. 1998,2593
2593,887,887,0.0,90.0,0.0,0.0,801,801,False,ETP-AUS East Tasman Plateau-Australia,2594
2594,887,887,83.0,90.0,0.0,0.0,801,801,False,"ETP-AUS @REF Gaina_++_1998 @DOI""10.1029/98JB00386""",2595
2595,887,887,90.0,81.73,-40.96,-2.59,801,801,False,"ETP-AUS @REF Gaina_++_1998 @DOI""10.1029/98JB00386"" @absage",2596
2596,887,887,610.0,81.73,-40.96,-2.59,801,801,False,ETP-AUS Gaina et al. 1998,2597
2597,888,888,0.0,90.0,0.0,0.0,878,878,False,EPP-PP Eastern Papuan Plateau-Papuan Plateau,2598
2598,888,888,52.0,90.0,0.0,0.0,878,878,False,"EPP-PP @REF Gaina_++_1998 @DOI""10.1029/98JB00386"" @absage",2599
2599,888,888,60.0,14.03,-40.97,4.87,878,878,False,EPP-PP Gaina et al. 1998 @absage @xo_ys,2600
2600,888,888,60.0,-6.85,137.27,-12.21,801,801,False,EPP-AUS Eastern Papuan Plateau-Australia cross-over @absage,2601
2601,888,888,610.0,-6.85,137.27,-12.21,801,801,False,EP-AUS Gaina et al. 1998,2602
2602,889,889,0.0,90.0,0.0,0.0,836,836,False,MR-LP Mellish Rise-Louisiade Plateau,2603
2603,889,889,56.5,90.0,0.0,0.0,836,836,False,"MR-LP @REF Gaina_++_1998 @DOI""10.1029/98JB00386"" @absage",2604
2604,889,889,57.0,17.78,-20.48,-1.55,836,836,False,"MR-LP @REF Gaina_++_1998 @DOI""10.1029/98JB00386"" @absage @xo_ys",2605
2605,889,889,57.0,50.56,8.59,-1.6600000000000001,890,890,False,MR-KP Mellish Rise-Kenn Plateau cross-over @absage,2606
2606,889,889,610.0,50.56,8.59,-1.6600000000000001,890,890,False,MR-KP Gaina et al. 1998,2607
2607,890,890,0.0,90.0,0.0,0.0,866,866,False,KP-CS Kenn Plateau-Chesterfield Plateau,2608
2608,890,890,63.0,90.0,0.0,0.0,866,866,False,"KP-CS @REF Gaina_++_1998 @DOI""10.1029/98JB00386"" @absage @xo_ys",2609
2609,890,890,63.0,-9.98,134.33,-6.15,801,801,False,"KP-AUS Kenn Plateau-Australia cross-over @absage    @REF Gaina_++_1998 @DOI""10.1029/98JB00386""",2610
2610,890,890,610.0,-9.98,134.33,-6.15,801,801,False,KP-AUS Gaina et al. 1998,2611
2611,895,895,0.0,90.0,0.0,0.0,605,605,False,"ENT-ARG Eastern NeoTethys-Argo oceanic crust  @REF Gibbons_++_2013 @DOI""10.1002/jgrb.50079""",2612
2612,895,895,136.0,90.0,0.0,0.0,605,605,False,"ENT-ARG  @REF Gibbons_++_2013 @DOI""10.1002/jgrb.50079"" @absage @xo_ys",2613
2613,895,895,136.0,-2.02,18.86,-73.11,801,801,False,"ENT-AUS Eastern NeoTethys-Australia  @REF Gibbons_++_2013 @DOI""10.1002/jgrb.50079"" @absage",2614
2614,895,895,250.0,-2.02,18.86,-73.11,801,801,False,"ENT-AUS @REF Gibbons_++_2013 @DOI""10.1002/jgrb.50079""",2615
2615,896,896,0.0,90.0,0.0,0.0,801,801,False,NAT-AUS Naturaliste-Australia,2616
2616,896,896,126.5,90.0,0.0,0.0,801,801,False,"NAT-AUS @REF Gibbons_++_2013 @DOI""10.1002/jgrb.50079"" @REF Ana_Gibbons_phd_2011 @xo_ys",2617
2617,896,896,126.5,8.93,179.13,-59.79,501,501,False,"NAT-IND Naturaliste-India Craton, @REF Gibbons_++_2013 @DOI""10.1002/jgrb.50079"" @REF Ana_Gibbons_phd_2011",2618
2618,896,896,131.0,8.93,179.13,-59.79,501,501,False,"NAT-IND @REF Gibbons_++_2013 @DOI""10.1002/jgrb.50079"" @REF Ana_Gibbons_phd_2011 @xo_ys",2619
2619,896,896,131.0,-52.54,81.42,-2.38,801,801,False,NAT-AUS Naturaliste-Australia,2620
2620,896,896,250.0,-52.54,81.42,-2.38,801,801,False,"NAT-AUS @REF Gibbons_++_2013 @DOI""10.1002/jgrb.50079"" @REF Ana_Gibbons_phd_2011",2621
2621,898,898,0.0,90.0,0.0,0.0,801,801,False,NCT2-AUS North Cato Trough 2-Australia Chron26,2622
2622,898,898,52.0,90.0,0.0,0.0,801,801,False,"NCT2-AUS @REF Gaina_++_1999 @DOI""10.1029/1999JB900038"" @absage",2623
2623,898,898,55.9,90.0,0.0,0.0,801,801,False,"NCT2-AUS @REF Gaina_++_1999 @DOI""10.1029/1999JB900038"", @CHRONID""26""",2624
2624,898,898,57.9,-18.23,139.7,-1.69,801,801,False,"NCT2-AUS @REF Gaina_++_1999 @DOI""10.1029/1999JB900038"", @CHRONID""26""",2625
2625,898,898,250.0,-18.23,139.7,-1.69,801,801,False,"NCT2-AUS @REF Gaina_++_1999 @DOI""10.1029/1999JB900038"", @CHRONID""26""",2626
2626,899,899,0.0,90.0,0.0,0.0,801,801,False,CAT-AUS Cato Trough-Australia,2627
2627,899,899,57.9,90.0,0.0,0.0,801,801,False,"CAT-AUS @REF Gaina_++_1999 @DOI""10.1029/1999JB900038""",2628
2628,899,899,61.3,40.05,109.21,-1.13,801,801,False,"CAT-AUS @REF Gaina_++_1999 @DOI""10.1029/1999JB900038""",2629
2629,899,899,250.0,40.05,109.21,-1.13,801,801,False,"CAT-AUS @REF Gaina_++_1999 @DOI""10.1029/1999JB900038""",2630
2630,901,901,0.0,90.0,0.0,0.0,804,804,False,PAC-MBL Pacific-Marie Byrd Land (West Antarctica),2631
2631,901,901,10.9,70.36,-77.81,9.48,804,804,False,"PAC-MBL @REF Croon_++_2008 @DOI""10.1029/2008GC002019"", @CHRONID""An5o""",2632
2632,901,901,20.1,74.0,-70.16,16.73,804,804,False,"PAC-MBL @REF Croon_++_2008 @DOI""10.1029/2008GC002019"", @CHRONID""An6o""",2633
2633,901,901,33.1,74.5,-64.6,26.97,804,804,False,"PAC-MBL interpolated @REF Croon_++_2008 @DOI""10.1029/2008GC002019"" @Au NW, @T 2013",2634
2634,901,901,40.1,74.87,-54.46,32.62,804,804,False,"PAC-MBL @REF Croon_++_2008 @DOI""10.1029/2008GC002019"", @CHRONID""An18o""",2635
2635,901,901,43.8,74.78,-51.61,35.29,804,804,False,"PAC-MBL @REF Croon_++_2008 @DOI""10.1029/2008GC002019"", @CHRONID""An20o""",2636
2636,901,901,47.9,74.43,-48.54,38.18,804,804,False,"PAC-MBL @REF Wright_++_2015, @CHRONID""c21o""",2637
2637,901,901,53.3,73.47,-52.08,40.1,804,804,False,"PAC-MBL @REF Wright_++_2015, @CHRONID""c24n3o""",2638
2638,901,901,56.4,72.94,-51.29,42.68,804,804,False,"PAC-MBL @REF Wright_++_2015, @CHRONID""c25o""",2639
2639,901,901,61.3,71.35,-54.16,45.5,804,804,False,"PAC-MBL @REF Wright_++_2015, @CHRONID""c27o""",2640
2640,901,901,67.6,68.94,-56.69,49.01,804,804,False,"PAC-MBL @REF Wright_++_2015, @CHRONID""c30o""",2641
2641,901,901,73.6,66.63,-57.36,52.78,804,804,False,"PAC-MBL @REF Wright_++_in review, @CHRONID""c33y""",2642
2642,901,901,79.1,64.8,-57.8,56.28,804,804,False,"PAC-MBL @REF Wright_++_in review, @CHRONID""c33o""",2643
2643,901,901,83.0,63.6,-58.1,58.8,804,804,False,PAC-MBL @REF Wright_++_in review  interpolated @xo_ys,2644
2644,901,901,83.0,44.3995,-62.956,62.5062,701,701,False,,2645
2645,901,901,85.0,43.7674,-63.217,64.4298,701,701,False,,2646
2646,901,901,90.0,42.2932,-63.8846,69.2593,701,701,False,,2647
2647,901,901,95.0,41.2184,-64.8536,72.4396,701,701,False,,2648
2648,901,901,100.0,41.7794,-65.7774,74.9865,701,701,False,,2649
2649,901,901,105.0,42.0516,-64.5055,76.3867,701,701,False,,2650
2650,901,901,110.0,42.2902,-63.2752,77.8327,701,701,False,,2651
2651,901,901,115.0,41.5131,-62.1991,80.6297,701,701,False,,2652
2652,901,901,120.0,40.7252,-61.2802,83.4509,701,701,False,,2653
2653,901,901,125.0,39.8165,-60.697,86.6285,701,701,False,,2654
2654,901,901,130.0,38.6501,-59.3588,90.041,701,701,False,,2655
2655,901,901,135.0,37.7974,-57.8198,92.9765,701,701,False,,2656
2656,901,901,140.0,38.6728,-55.74,94.0339,701,701,False,,2657
2657,901,901,145.0,40.6892,-54.2286,94.4831,701,701,False,,2658
2658,901,901,150.0,42.6663,-52.631,95.0149,701,701,False,,2659
2659,901,901,155.0,42.2446,-51.9327,95.3495,701,701,False,,2660
2660,901,901,160.0,41.8175,-51.2479,95.6834,701,701,False,,2661
2661,901,901,165.0,40.9092,-50.7769,96.6011,701,701,False,,2662
2662,901,901,170.0,40.018,-50.3212,97.5453,701,701,False,,2663
2663,901,901,175.0,40.4417,-48.1412,96.4379,701,701,False,,2664
2664,901,901,180.0,40.7806,-45.9149,95.301,701,701,False,,2665
2665,901,901,185.0,40.9609,-45.0768,94.9016,701,701,False,,2666
2666,901,901,190.0,41.1128,-44.2387,94.4648,701,701,False,,2667
2667,901,901,195.0,41.0982,-45.7249,94.9376,701,701,False,,2668
2668,901,901,200.0,41.0703,-47.1898,95.4637,701,701,False,,2669
2669,901,901,205.0,41.5188,-49.9024,95.9607,701,701,False,,2670
2670,901,901,210.0,41.849,-52.6488,96.4677,701,701,False,,2671
2671,901,901,215.0,41.9101,-55.9409,97.6067,701,701,False,,2672
2672,901,901,220.0,41.809,-59.1981,98.758,701,701,False,,2673
2673,901,901,225.0,41.569,-61.1617,99.7614,701,701,False,,2674
2674,901,901,230.0,41.2605,-63.0952,100.7388,701,701,False,,2675
2675,901,901,235.0,39.9285,-62.8146,99.7618,701,701,False,,2676
2676,901,901,240.0,38.6282,-62.4125,98.7353,701,701,False,,2677
2677,901,901,245.0,37.3628,-61.8908,97.6673,701,701,False,,2678
2678,901,901,250.0,36.1354,-61.2511,96.5662,701,701,False,,2679
2679,901,901,410.0,36.1354,-61.2511,96.5662,701,701,False,,2680
2680,902,902,0.0,90.0,0.0,0.0,901,901,False,FAR-PAC Pacific-Farallon,2681
2681,902,902,23.0,73.53,-92.61,-31.08,901,901,False,"FAR-PAC @REF Muller_++_2008 @DOI""10.1029/2007GC001743""",2682
2682,902,902,33.1,76.1,-110.7,-45.27,901,901,False,"FAR-PAC @REF Muller_++_2008 @DOI""10.1029/2007GC001743""",2683
2683,902,902,40.1,84.45,-138.06,-53.87,901,901,False,"FAR-PAC @REF Wright_++_2015, @CHRONID""18n2o""",2684
2684,902,902,43.8,85.02,-156.43,-59.14,901,901,False,"FAR-PAC @REF Wright_++_2015, @CHRONID""20o""",2685
2685,902,902,47.9,85.5,168.93,-63.57,901,901,False,"FAR-PAC @REF Wright_++_2015, @CHRONID""21o""",2686
2686,902,902,49.7,85.26,159.38,-65.28,901,901,False,"FAR-PAC @REF Wright_++_2015, @CHRONID""22o""",2687
2687,902,902,52.4,84.88,151.84,-67.42,901,901,False,"FAR-PAC @REF Wright_++_2015, @CHRONID""24n1ny""",2688
2688,902,902,55.9,84.14,138.7,-70.14,901,901,False,"FAR-PAC @REF Wright_++_2015, @CHRONID""25y""",2689
2689,902,902,57.6,83.86,135.29,-71.16,901,901,False,"FAR-PAC @REF Wright_++_2015, @CHRONID""26y""",2690
2690,902,902,61.3,83.29,129.82,-73.29,901,901,False,"FAR-PAC @REF Wright_++_2015, @CHRONID""27o""",2691
2691,902,902,62.5,83.04,127.51,-73.9,901,901,False,"FAR-PAC @REF Wright_++_2015, @CHRONID""28y""",2692
2692,902,902,67.7,82.43,124.34,-77.55,901,901,False,"FAR-PAC @REF Wright_++_2015, @CHRONID""31y""",2693
2693,902,902,79.1,80.29,111.03,-84.97,901,901,False,"FAR-PAC @REF Wright_++_2015, @CHRONID""33o""",2694
2694,902,902,83.0,79.29,106.41,-87.38,901,901,False,"FAR-PAC @REF Wright_++_2015, @CHRONID""34y""",2695
2695,902,902,110.0,77.07,102.46,-121.45,901,901,False,"FAR-PAC @REF Seton_++_2012 @DOI""10.1016/j.earscirev.2012.03.002"" (stage updated @Au NW, @T 2015)",2696
2696,902,902,120.6,71.97,94.87,-129.03,901,901,False,"FAR-PAC @REF Seton_++_2012 @DOI""10.1016/j.earscirev.2012.03.002"" (stage updated @Au NW, @T 2015)",2697
2697,902,902,125.7,68.63,92.83,-133.77,901,901,False,"FAR-PAC @REF Seton_++_2012 @DOI""10.1016/j.earscirev.2012.03.002"" (stage updated @Au NW, @T 2015)",2698
2698,902,902,130.5,65.97,91.61,-137.76,901,901,False,"FAR-PAC @REF Seton_++_2012 @DOI""10.1016/j.earscirev.2012.03.002"" (stage updated @Au NW, @T 2015)",2699
2699,902,902,137.9,63.53,93.75,-143.55,901,901,False,"FAR-PAC @REF Seton_++_2012 @DOI""10.1016/j.earscirev.2012.03.002"" (stage updated @Au NW, @T 2015)",2700
2700,902,902,146.6,60.95,95.64,-149.88,901,901,False,"FAR-PAC @REF Seton_++_2012 @DOI""10.1016/j.earscirev.2012.03.002"" (stage updated @Au NW, @T 2015)",2701
2701,902,902,154.0,59.07,96.81,-154.64,901,901,False,"FAR-PAC @REF Seton_++_2012 @DOI""10.1016/j.earscirev.2012.03.002"" (stage updated @Au NW, @T 2015)",2702
2702,902,902,168.0,56.04,98.45,-162.49,901,901,False,"FAR-PAC @REF Seton_++_2012 @DOI""10.1016/j.earscirev.2012.03.002"" (stage updated @Au NW, @T 2015)",2703
2703,902,902,180.0,53.05,99.82,-170.39,901,901,False,"FAR-PAC @REF Seton_++_2012 @DOI""10.1016/j.earscirev.2012.03.002"" (stage updated @Au NW, @T 2015)",2704
2704,902,902,190.0,50.58,100.86,-176.84,901,901,False,"FAR-PAC @REF Seton_++_2012 @DOI""10.1016/j.earscirev.2012.03.002"" @AU GS @T 2013 (stage updated @AU NW, @T 2014)",2705
2705,902,902,200.0,48.11,101.73,-183.43,901,901,False,"FAR-PAC @REF Shephard_++_2013, @DOI""10.1016/j.earscirev.2013.05.012"", @AU GS @T 2013 changed from REF Seton_++_2012 @DOI""10.1016/j.earscirev.2012.03.002"" (Cache Creek changed) (stage updated @Au NW @T 2015) @absage",2706
2706,902,902,220.0,43.12,103.28,-196.56,901,901,False,"FAR-PAC @REF Shephard_++_2013, @DOI""10.1016/j.earscirev.2013.05.012"", @AU GS @T 2013 changed from REF Seton_++_2012 @DOI""10.1016/j.earscirev.2012.03.002"" (Cache Creek changed) (stage updated @Au NW @T 2015) @absage",2707
2707,902,902,230.0,40.54,103.96,-203.09,901,901,False,"FAR-PAC @REF Shephard_++_2013, @DOI""10.1016/j.earscirev.2013.05.012"", @AU GS @T 2013 changed from REF Seton_++_2012 @DOI""10.1016/j.earscirev.2012.03.002"" (Cache Creek changed) (stage updated @Au NW @T 2015) @absage",2708
2708,902,902,250.0,35.22,105.25,-215.97,901,901,False,"FAR-PAC @REF Shephard_++_2013, @DOI""10.1016/j.earscirev.2013.05.012"", @AU GS @T 2013 changed from REF Seton_++_2012 @DOI""10.1016/j.earscirev.2012.03.002"" (Cache Creek changed) (stage updated @Au NW @T 2015) @absage @xo_ys",2709
2709,902,902,250.0,-44.407,-105.61,160.016,9000,9000,False,"FAR-PTJ Farallon Plate (Panthalassa Plate 2)-Panthalassa Triple Junction  @REF Domeier_Torsvik_2014 @DOI""10.1016/j.gsf.2014.01.002""",2710
2710,902,902,260.0,-43.8305,-106.579,162.9915,9000,9000,False,"FAR-PTJ  stages preserved from @REF Domeier_Torsvik_2014 @DOI""10.1016/j.gsf.2014.01.002""",2711
2711,902,902,270.0,-40.7754,-104.476,167.2094,9000,9000,False,"FAR-PTJ stages preserved frofm @REF Domeier_Torsvik_2014 @DOI""10.1016/j.gsf.2014.01.002""",2712
2712,902,902,290.0,-34.6302,-100.8327,175.7726,9000,9000,False,"FAR-PTJ stages preserved from @REF Domeier_Torsvik_2014 @DOI""10.1016/j.gsf.2014.01.002""",2713
2713,902,902,310.0,-28.4368,-97.7163,184.3914,9000,9000,False,"FAR-PTJ stages preserved from @REF Domeier_Torsvik_2014 @DOI""10.1016/j.gsf.2014.01.002""",2714
2714,902,902,320.0,-25.3033,-96.2893,188.684,9000,9000,False,"FAR-PTJ stages preserved from @REF Domeier_Torsvik_2014 @DOI""10.1016/j.gsf.2014.01.002""",2715
2715,902,902,330.0,-21.3426,-94.5975,194.0052,9000,9000,False,"FAR-PTJ stages preserved from @REF Domeier_Torsvik_2014 @DOI""10.1016/j.gsf.2014.01.002""",2716
2716,902,902,340.0,-18.6483,-93.5022,197.5394,9000,9000,False,FAR-PTJ  Young et al. (2019),2717
2717,902,902,350.0,-15.9222,-92.4311,201.0297,9000,9000,False,FAR-PTJ Young et al. (2019),2718
2718,902,902,360.0,-13.16,-91.3772,204.4658,9000,9000,False,FAR-PTJ Young et al. (2019),2719
2719,902,902,370.0,-10.3578,-90.3336,207.8389,9000,9000,False,FAR-PTJ Young et al. (2019),2720
2720,902,902,380.0,-7.5113,-89.2939,211.13,9000,9000,False,FAR-PTJ Young et al. (2019),2721
2721,902,902,390.0,-4.6172,-88.2511,214.3541,9000,9000,False,FAR-PTJ Young et al. (2019),2722
2722,999,999,400.0,-1.6717,-87.1992,217.4751,9000,9000,False,FAR-PTJ Young et al. (2019),2723
2723,999,999,400.0,4.8918,-90.1489,177.032,9000,9000,False,FAR-PTJ Young et al. (2019),2724
2724,999,999,430.0,-6.1831,-80.8598,218.3755,9000,9000,False,"FAR-PTJ @REF Merdith_++_2021 @DOI""10.1016/j.earscirev.2020.103477""",2725
2725,999,999,450.0,3.1659,-82.9156,222.2487,9000,9000,False,"FAR-PTJ @REF Merdith_++_2021 @DOI""10.1016/j.earscirev.2020.103477""",2726
2726,902,902,470.0,10.926,-84.4388,222.6847,9000,9000,False,"FAR-PTJ @REF Merdith_++_2021 @DOI""10.1016/j.earscirev.2020.103477""",2727
2727,902,902,501.0,19.9891,-82.9044,225.4991,9000,9000,False,"FAR-PTJ @REF Merdith_++_2021 @DOI""10.1016/j.earscirev.2020.103477""",2728
2728,902,902,520.0,-4.5216,-87.1461,213.5483,9000,9000,False,"FAR-PTJ @REF Merdith_++_2021 @DOI""10.1016/j.earscirev.2020.103477""",2729
2729,902,902,520.0,-4.5216,-87.1461,-146.4517,9000,9000,False,"FAR-PTJ @REF Merdith_++_2021 @DOI""10.1016/j.earscirev.2020.103477""",2730
2730,902,902,530.0,-4.5216,-87.1461,-146.4517,9000,9000,False,"FAR-PTJ @REF Merdith_++_2021 @DOI""10.1016/j.earscirev.2020.103477""",2731
2731,903,903,0.0,90.0,0.0,0.0,910,910,False,VAN-JFC Vancouver-Juan de Fuca,2732
2732,903,903,28.3,90.0,0.0,0.0,910,910,False,"VAN-JFC @REF @REF Matthews_et_al_2016 @DOI""10.1016/j.gloplacha.2016.10.002"", @AU SZ & KJM @T 2015 @xo_ys",2733
2733,903,903,28.3,81.35,-117.91,-30.67,901,901,False,"VAN-PAC Vancouver Plate-Pacific, Vancouver-Juan de Fuca name change c10n1y",2734
2734,903,903,33.1,79.74,-125.38,-40.87,901,901,False,"VAN-PAC @REF Wright_++_2015 @CHRONID""c13y""",2735
2735,903,903,40.1,77.74,-128.25,-55.02,901,901,False,"VAN-PAC @REF Wright_++_2015 @CHRONID""c18n2o""",2736
2736,903,903,47.9,76.45,-128.91,-67.38,901,901,False,"VAN-PAC @REF Wright_++_2015 @CHRONID""c21o""",2737
2737,903,903,49.7,76.2,-129.07,-70.0,901,901,False,"VAN-PAC @REF Wright_++_2015 @CHRONID""c22o""",2738
2738,903,903,52.4,75.96,-129.3,-72.9,901,901,False,"VAN-PAC @REF Wright_++_2015 @CHRONID""c24n1y"" @xo_ys",2739
2739,903,903,52.4,16.51,-75.93,-16.93,902,902,False,"VAN-FAR Vancouver-Farallon crossover @CHRONID""c24n1y""",2740
2740,903,903,250.0,16.51,-75.93,-16.93,902,902,False,VAN-FAR,2741
2741,904,904,0.0,90.0,0.0,0.0,804,804,False,ALU-MBL Aluk/Phoenix-Marie Byrd Land,2742
2742,904,904,3.3,90.0,0.0,0.0,804,804,False,ALU-MBL Spreading ends @AU NW @T 2014,2743
2743,904,904,5.2,-68.74,-95.44,1.58,804,804,False,"ALU-MBL @REF Eagles_Scott_2014 @DOI""10.1016/j.gloplacha.2014.08.002"" GPC @CHRONID""c3n4o"" @AU NW @T 2014",2744
2744,904,904,10.9,-69.46,-89.6,12.4,804,804,False,"ALU-MBL @REF Eagles_Scott_2014 @DOI""10.1016/j.gloplacha.2014.08.002""  GPC @CHRONID""c5n2o"" @AU NW @T 2014",2745
2745,904,904,14.6,-68.89,-89.42,21.47,804,804,False,"ALU-MBL @REF Eagles_Scott_2014 @DOI""10.1016/j.gloplacha.2014.08.002"" @CHRONID""c5ADo"" @AU NW @T 2014",2746
2746,904,904,20.1,-68.43,-89.45,32.3,804,804,False,"ALU-MBL @REF Eagles_Scott_2014 @DOI""10.1016/j.gloplacha.2014.08.002"" GPC @CHRONID""c6o"" @AU NW @T 2014",2747
2747,904,904,26.6,-69.56,-97.57,40.6,804,804,False,"ALU-MBL @REF Eagles_Scott_2014 @DOI""10.1016/j.gloplacha.2014.08.002"" GPC @CHRONID""c8n2o"" @AU NW @T 2014",2748
2748,904,904,28.7,-69.86,-101.89,40.35,804,804,False,"ALU-MBL @REF Eagles_Scott_2014 @DOI""10.1016/j.gloplacha.2014.08.002"" GPC @CHRONID""c10n2o"" @AU NW @T 2014",2749
2749,904,904,33.5,-70.31,-106.72,40.76,804,804,False,"ALU-MBL @REF Eagles_Scott_2014 @DOI""10.1016/j.gloplacha.2014.08.002"" @CHRONID""c13o"" @AU NW @T 2014",2750
2750,904,904,36.6,-70.52,-108.05,43.4,804,804,False,"ALU-MBL @REF Eagles_Scott_2014 @DOI""10.1016/j.gloplacha.2014.08.002"" GPC @CHRONID""c17n1y"" @AU NW @T 2014",2751
2751,904,904,40.1,-70.77,-110.04,45.54,804,804,False,"ALU-MBL @REF Eagles_Scott_2014 @DOI""10.1016/j.gloplacha.2014.08.002"" GPC @CHRONID""c18n2o"" @AU NW @T 2014",2752
2752,904,904,43.8,-71.23,-108.03,54.75,804,804,False,"ALU-MBL @REF Eagles_Scott_2014 @DOI""10.1016/j.gloplacha.2014.08.002"" GPC @CHRONID""c20o"" @AU NW @T 2014",2753
2753,904,904,46.3,-71.62,-110.08,61.45,804,804,False,"ALU-MBL @REF Eagles_Scott_2014 @DOI""10.1016/j.gloplacha.2014.08.002"" GPC @CHRONID""c21y"" @AU NW @T 2014",2754
2754,904,904,53.3,-71.82,-111.1,66.89,804,804,False,"ALU-MBL @REF Eagles_Scott_2014 @DOI""10.1016/j.gloplacha.2014.08.002"" GPC @CHRONID""c24n3o"" @AU NW @T 2014",2755
2755,904,904,56.4,-71.81,-116.19,71.5,804,804,False,"ALU-MBL @REF Eagles_Scott_2014 @DOI""10.1016/j.gloplacha.2014.08.002"" GPC @CHRONID""c25o"" @AU NW @T 2014",2756
2756,904,904,57.9,-71.79,-116.95,75.46,804,804,False,"ALU-MBL @REF Eagles_Scott_2014 @DOI""10.1016/j.gloplacha.2014.08.002"" GPC @CHRONID""c26o"" @AU NW @T 2014",2757
2757,904,904,61.3,-71.48,-123.18,79.06,804,804,False,"ALU-MBL @REF Eagles_Scott_2014 @DOI""10.1016/j.gloplacha.2014.08.002"" GPC @CHRONID""c27o"" @AU NW @T 2014 @xo_ys",2758
2758,904,904,61.3,70.3,16.28,-120.12,901,901,False,"ALU-PAC Aluk/Phoenix-Pacific crossover @CHRONID""c27o""",2759
2759,904,904,67.7,66.22,0.68,-120.98,901,901,False,"ALU-PAC @REF Wright_++_in review @CHRONID""c31y""",2760
2760,904,904,83.0,61.23,-4.2,-142.06,901,901,False,"ALU-PAC @REF Wright_++_in review @CHRONID""c34y""  @xo_ys",2761
2761,904,904,83.0,32.1,36.98,-79.55,984,984,False,ALU-MAN Aluk-Manihiki crossover,2762
2762,904,904,250.0,-32.1,-143.02,79.55,984,984,False,"ALU-MAN (E. of extinct ridge, N. of Hero) @REF Wright_++_in review @CHRONID""c34y""",2763
2763,907,907,0.0,90.0,0.0,0.0,301,301,False,JMNC-EUR Jan Mayen Central Plate-Norther European Craton,2764
2764,907,907,27.0,90.0,0.0,0.0,301,301,False,"JMNC-EUR @REF Gaina_++_2009 @DOI""10.1144/0016-76492008-112"" spreading stops between @CHRONID""C11"" & @CHRONID""C7""",2765
2765,907,907,33.1,65.52,-9.45,-16.21,301,301,False,"JMNC-EUR @REF Gaina_++_2009 @DOI""10.1144/0016-76492008-112"" @CHRONID""C13y""",2766
2766,907,907,40.1,63.92,-12.96,-17.02,301,301,False,"JMNC-EUR @REF Gaina_++_2009 @DOI""10.1144/0016-76492008-112"" @CHRONID""C18o""",2767
2767,907,907,43.8,64.12,-12.9,-26.52,301,301,False,"JMNC-EUR @REF Gaina_++_2009 @DOI""10.1144/0016-76492008-112"" @CHRONID""C20o""",2768
2768,907,907,49.7,64.16,-11.47,-49.09,301,301,False,"JMNC-EUR @REF Gaina_++_2009 @DOI""10.1144/0016-76492008-112"" @CHRONID""C22o""",2769
2769,907,907,51.7,55.94,-23.86,-16.35,301,301,False,"JMNC-EUR @REF Gaina_++_2009 @DOI""10.1144/0016-76492008-112"" @CHRONID""C23o""",2770
2770,907,907,53.3,52.07,-28.49,-15.31,301,301,False,"JMNC-EUR @REF Gaina_++_2009 @DOI""10.1144/0016-76492008-112"" @CHRONID""C24o""  @xo_ys",2771
2771,907,907,53.3,81.5676,2.0729,-20.5902,102,102,False,"JMNC-EUR @REF Gaina_++_2009 @DOI""10.1144/0016-76492008-112"" @CHRONID""C24o""",2772
2772,907,907,250.0,81.5676,2.0729,-20.5902,102,102,False,"JMNC-EUR @REF Gaina_++_2009 @DOI""10.1144/0016-76492008-112""",2773
2773,907,907,410.0,81.5676,2.0729,-20.5902,102,102,False,"JMNC-EUR @REF Gaina_++_2009 @DOI""10.1144/0016-76492008-112""",2774
2774,907,907,500.0,81.5676,2.0729,-20.5902,102,102,False,"JMNC-EUR @REF Gaina_++_2009 @DOI""10.1144/0016-76492008-112""",2775
2775,907,907,510.0,81.5676,2.0729,-20.5902,102,102,False,"JMNC-EUR @REF Gaina_++_2009 @DOI""10.1144/0016-76492008-112""",2776
2776,908,908,0.0,90.0,0.0,0.0,911,911,False,EMAN-NAZ East Manihiki/Chasca-Nazca @Au NW @T 2015,2777
2777,908,908,23.0,90.0,0.0,0.0,911,911,False,"EMAN-NAZ @REF Seton_++_2012 @DOI""10.1016/j.earscirev.2012.03.002"" @xo_ys",2778
2778,908,908,23.0,16.27,-82.32,-7.28,902,902,False,EMAN-FAR East Manihiki/Chasca-Farallon,2779
2779,908,908,86.0,16.27,-82.32,-7.28,902,902,False,"EMAN-FAR @REF Seton_++_2012 @DOI""10.1016/j.earscirev.2012.03.002"" @xo_ys @absage",2780
2780,908,908,86.0,81.0411,132.6874,-92.0633,982,982,False,EMAN-MPP East Manihiki/Chasca-Manihiki  @absage,2781
2781,908,908,100.0,78.3804,110.9605,-98.7635,982,982,False,"EMAN-MPP @REF Seton_++_2012 @DOI""10.1016/j.earscirev.2012.03.002"" @AU NW @T 2015 edited stage @absage",2782
2782,908,908,110.0,77.8703,105.6715,-105.9236,982,982,False,"EMAN-MAN @REF Seton_++_2012 @DOI""10.1016/j.earscirev.2012.03.002"" @AU NW @T 2015 edited stage @absage",2783
2783,908,908,120.6,76.6604,105.2428,-111.6036,982,982,False,"EMAN-MAN @REF Seton_++_2012 @DOI""10.1016/j.earscirev.2012.03.002"" @AU NW @T 2015 edited stage @xo_ys",2784
2784,908,908,120.6,7.37,36.23,104.73,919,919,False,"EMAN-MAN @REF Seton_++_2012 @DOI""10.1016/j.earscirev.2012.03.002"" @AU GS @T 2013",2785
2785,908,908,250.0,7.37,36.23,104.73,919,919,False,EMAN-MAN,2786
2786,909,909,0.0,90.0,0.0,0.0,901,901,False,COC-PAC Cocos Plate-Pacific,2787
2787,909,909,5.0,39.13,-108.6,-10.25,901,901,False,"COC-PAC @REF Wilson_1996 @DOI""10.1029/96GL02893"" @CHRONID""AN5""",2788
2788,909,909,10.0,35.3,-105.6,-25.08,901,901,False,"COC-PAC @REF Wilson_1996 @DOI""10.1029/96GL02893"" @CHRONID""AN5""",2789
2789,909,909,11.9,36.0,-107.7,-30.27,901,901,False,"COC-PAC @REF Wilson_1996 @DOI""10.1029/96GL02893"" @CHRONID""AN5y""",2790
2790,909,909,13.0,36.7,-109.1,-32.66,901,901,False,"COC-PAC @REF Wilson_1996 @DOI""10.1029/96GL02893"" @CHRONID""AN5y""",2791
2791,909,909,14.8,38.3,-111.8,-36.33,901,901,False,"COC-PAC @REF Wilson_1996 @DOI""10.1029/96GL02893"" @CHRONID""AN5y""",2792
2792,909,909,17.3,39.3,-114.9,-42.45,901,901,False,"COC-PAC @REF Wilson_1996 @DOI""10.1029/96GL02893"" @CHRONID""AN5y""",2793
2793,909,909,20.0,40.42,-117.81,-47.44,901,901,False,"COC-PAC @REF Wilson_1996 @DOI""10.1029/96GL02893"" @CHRONID""AN6""",2794
2794,909,909,23.0,39.8,-119.7,-54.29,901,901,False,"COC-PAC @REF Wilson_1996 @DOI""10.1029/96GL02893"" @xo_ys",2795
2795,909,909,23.0,7.97,-111.88,-34.1,902,902,False,"COC-FAR Cocos-Farallon, Farallon plate fragmentation @Au NW, @T 2014",2796
2796,909,909,250.0,7.97,-111.88,-34.1,902,902,False,COC-FAR Cocos-Farallon,2797
2797,910,910,0.0,90.0,0.0,0.0,901,901,False,JFC-PAC Juan de Fuca-Pacific,2798
2798,910,910,10.9,80.5,-38.8,-8.92,901,901,False,"JFC-PAC @REF Wright_++_in review @CHRONID""c5n2o""",2799
2799,910,910,20.1,82.6,12.21,-14.34,901,901,False,"JFC-PAC @REF Wright_++_in review @CHRONID""c6o""",2800
2800,910,910,28.3,81.35,-117.91,-30.67,901,901,False,"JFC-PAC @REF Wright_++_in review @CHRONID""c10n1ny""",2801
2801,910,910,250.0,81.35,-117.91,-30.67,901,901,False,JFC-PAC,2802
2802,911,911,0.0,90.0,0.0,0.0,901,901,False,NAZ-PAC Nazca Plate-Pacific,2803
2803,911,911,5.0,60.08,-91.23,-7.13,901,901,False,"NAZ-PAC @REF Tebbens_Cande_1997 & @REF Croon_++_2008 @DOI""10.1029/2008GC002019"" @Au NW @T 2013",2804
2804,911,911,10.9,63.42,-91.82,-16.54,901,901,False,"NAZ-PAC @REF Tebbens_Cande_1997 & @REF Croon_++_2008 @DOI""10.1029/2008GC002019"" @Au NW @T 2013",2805
2805,911,911,15.0,64.98,-91.73,-22.83,901,901,False,"NAZ-PAC @REF Tebbens_Cande_1997 & @REF Croon_++_2008 @DOI""10.1029/2008GC002019"" @Au NW @T 2013",2806
2806,911,911,20.1,62.38,-93.02,-31.01,901,901,False,"NAZ-PAC @REF Tebbens_Cande_1997 & @REF Croon_++_2008 @DOI""10.1029/2008GC002019"" @Au NW @T 2013 @CHRONID""AN6""",2807
2807,911,911,23.0,63.42,-94.11,-35.51,901,901,False,"NAZ-PAC @REF Tebbens_Cande_1997 & @REF Croon_++_2008 @DOI""10.1029/2008GC002019"" @Au NW @T 2013 @xo_ys",2808
2808,911,911,23.0,16.27,-82.32,-7.28,902,902,False,NAZ-FAR Nazca Plate-Farallon Plate crossover,2809
2809,911,911,250.0,16.27,-82.32,-7.28,902,902,False,NAZ-FAR @REF Wright_++_in review,2810
2810,912,912,0.0,90.0,0.0,0.0,904,904,False,CAT-ALU Catequil portion of Phoenix-Aluk (for isochrons),2811
2811,912,912,83.0,90.0,0.0,0.0,904,904,False,CAT-ALU @REF Wright_++_in review @xo_ys,2812
2812,912,912,83.0,32.1,36.98,-79.55,908,908,False,CAT-EMAN Catequil portion of Phoenix - E Manihiki,2813
2813,912,912,200.0,32.1,36.98,-79.55,908,908,False,CAT-EMAN @REF Wright_++_in review,2814
2814,913,913,0.0,90.0,0.0,0.0,903,903,False,VBP-VAN Vancouver Subplate-Vancouver,2815
2815,913,913,47.9,90.0,0.0,0.0,903,903,False,VBP-VAN @REF Wright_++_in review @xo_ys,2816
2816,913,913,47.9,76.45,-128.91,-67.38,901,901,False,VBP-PAC Vancouver Subplate-Pacific,2817
2817,913,913,52.4,-86.84,22.49,58.16,901,901,False,VBP-PAC @REF Wright_++_in review @AU NW @T 2013 @xo_ys,2818
2818,913,913,52.4,62.5636,148.1916,10.1324,902,902,False,VBP-FAR Vancouver Subplate-Farallon,2819
2819,913,913,250.0,62.5636,148.1916,10.1324,902,902,False,VBP-FAR @REF Wright_++_in review @AU NW @T 2013,2820
2820,918,918,0.0,90.0,0.0,0.0,901,901,False,KUL-PAC Kula plate-Pacific plate,2821
2821,918,918,41.0,90.0,0.0,0.0,901,901,False,KUL-PAC spreading stops,2822
2822,918,918,41.3,28.06,-56.8,0.11,901,901,False,"KUL-PAC @REF Wright_++_in review @AU NW @T 2013 @CHRONID""c19y""",2823
2823,918,918,47.9,27.14,-58.12,3.74,901,901,False,"KUL-PAC @REF Wright_++_in review @AU NW @T 2013 @CHRONID""c21o""",2824
2824,918,918,55.9,37.52,153.33,-24.19,901,901,False,"KUL-PAC @REF Wright_++_in review @AU NW @T 2013 @CHRONID""c25y""",2825
2825,918,918,61.3,37.14,151.09,-26.81,901,901,False,"KUL-PAC @REF Wright_++_in review @AU NW @T 2013 @CHRONID""c27o""",2826
2826,918,918,67.7,35.99,147.87,-30.51,901,901,False,"KUL-PAC @REF Wright_++_in review @AU NW @T 2013 @CHRONID""c31y""",2827
2827,918,918,73.6,35.13,144.87,-37.84,901,901,False,"KUL-PAC @REF Wright_++_in review @AU NW @T 2013 @CHRONID""c33y""",2828
2828,918,918,83.0,30.22,139.25,-38.5,901,901,False,"KUL-PAC @REF Wright_++_in review @AU NW @T 2013 @CHRONID""c34y""",2829
2829,918,918,250.0,30.22,139.25,-38.5,901,901,False,KUL-PAC @REF Wright_++_in review @AU NW @T 2013,2830
2830,919,919,0.0,90.0,0.0,0.0,904,904,False,PHX-ALU Phoenix plate-Aluk Plate,2831
2831,919,919,83.0,90.0,0.0,0.0,904,904,False,PHX-ALU @REF Wright_++_in review @AU NW @T 2013 @xo_ys,2832
2832,919,919,83.0,32.1,36.98,-79.55,984,984,False,PHX-MAN Phoenix Plate-Manihiki Plate,2833
2833,919,919,120.6,32.1,36.98,-79.55,984,984,False,"PHX-MAN @REF Seton_++_2012 @DOI""10.1016/j.earscirev.2012.03.002"" @xo_ys",2834
2834,919,919,120.6,45.11,-20.45,-177.94,901,901,False,"PHX-PAC Phoenix Plate-Pacific @CHRONID""M0""",2835
2835,919,919,137.9,-30.87,156.78,185.21,901,901,False,"PHX-PAC @REF Muller_++_2008 @DOI""10.1029/2007GC001743"" @Au GS @T 2011 @CHRONID""M16""",2836
2836,919,919,146.6,-27.79,156.09,187.34,901,901,False,"PHX-PAC @REF Muller_++_2008 @DOI""10.1029/2007GC001743"" @Au GS @T 2011 @CHRONID""M21""",2837
2837,919,919,154.0,-24.38,155.39,188.96,901,901,False,"PHX-PAC @REF Muller_++_2008 @DOI""10.1029/2007GC001743"" @Au GS @T 2011 @CHRONID""M25""",2838
2838,919,919,168.0,-20.04,154.81,191.15,901,901,False,"PHX-PAC @REF Muller_++_2008 @DOI""10.1029/2007GC001743"" @Au GS @T 2011 @CHRONID""M3x""",2839
2839,919,919,190.0,-13.63,153.95,194.27,901,901,False,"PHX-PAC @REF Muller_++_2008 @DOI""10.1029/2007GC001743"" @Au GS @T 2011 @CHRONID""M4x"" @absage",2840
2840,919,919,200.0,-10.71,153.56,195.64,901,901,False,"PHX-PAC @REF Seton_++_2012 @DOI""10.1016/j.earscirev.2012.03.002"" @Au GS @T 2013 @absage",2841
2841,919,919,220.0,-4.83,152.84,198.26,901,901,False,"PHX-PAC @REF Shephard_++_2013, @DOI""10.1016/j.earscirev.2013.05.012"" @Au GS @T 2013 @absage",2842
2842,919,919,230.0,-1.88,152.47,199.5,901,901,False,"PHX-PAC @REF Shephard_++_2013, @DOI""10.1016/j.earscirev.2013.05.012"" @absage",2843
2843,919,919,250.0,5.87,156.66,190.23,901,901,False,"PHX-PAC @REF Matthews_et_al_2016 @DOI""10.1016/j.gloplacha.2016.10.002"" @xo_ys",2844
2844,919,919,250.0,-43.1032,-17.5225,-197.259,9000,9000,False,"PHX-PTJ Phoenix Plate (Panthalassa Plate 1)-Panthalassa Triple Junction @REF Domeier_Torsvik_2014 @DOI""10.1016/j.gsf.2014.01.002"" modified by @REF Matthews_et_al_2016 @DOI""10.1016/j.gloplacha.2016.10.002""",2845
2845,919,919,260.0,50.9695,163.3994,193.275,9000,9000,False,"PHX-PTJ stages preserved from @REF Domeier_Torsvik_2014 @DOI""10.1016/j.gsf.2014.01.002""",2846
2846,919,919,270.0,54.9126,162.6288,194.6789,9000,9000,False,"PHX-PTJ  stages preserved from @REF Domeier_Torsvik_2014 @DOI""10.1016/j.gsf.2014.01.002""",2847
2847,919,919,310.0,62.8027,160.5072,197.28,9000,9000,False,"PHX-PTJ  stages preserved from @REF Domeier_Torsvik_2014 @DOI""10.1016/j.gsf.2014.01.002""",2848
2848,919,919,341.0,82.4431,136.3399,202.2854,9000,9000,False,PHX-PTJ Young et al. (2019),2849
2849,919,919,350.0,84.9883,115.0046,202.8564,9000,9000,False,PHX-PTJ Young et al. (2019),2850
2850,919,919,360.0,85.9509,72.2465,203.3485,9000,9000,False,PHX-PTJ Young et al. (2019),2851
2851,919,919,370.0,84.4265,34.5386,203.7597,9000,9000,False,PHX-PTJ Young et al. (2019),2852
2852,919,919,380.0,81.6798,17.1492,204.0879,9000,9000,False,PHX-PTJ Young et al. (2019),2853
2853,919,919,400.0,75.2931,3.9355,204.492,9000,9000,False,PHX-PTJ Young et al. (2019),2854
2854,919,919,410.0,71.9649,0.8653000000000001,204.5665,9000,9000,False,PHX-PTJ Young et al. (2019),2855
2855,999,999,450.0,66.1821,-6.7637,207.9484,9000,9000,False,"PHX-PTJ @REF Merdith_++_2021 @DOI""10.1016/j.earscirev.2020.103477""",2856
2856,919,919,450.0,39.3573,-13.3787,225.5045,9000,9000,False,,2857
2857,919,919,470.0,39.3637,-13.5464,244.1918,9000,9000,False,"PHX-PTJ @REF Merdith_++_2021 @DOI""10.1016/j.earscirev.2020.103477""",2858
2858,919,919,501.0,43.6459,-26.0445,238.3805,9000,9000,False,,2859
2859,919,919,520.0,68.5204,-11.3242,235.6656,9000,9000,False,"PHX-PTJ @REF Merdith_++_2021 @DOI""10.1016/j.earscirev.2020.103477""",2860
2860,919,919,530.0,68.5204,-11.3242,235.6656,9000,9000,False,"PHX-PTJ @REF Merdith_++_2021 @DOI""10.1016/j.earscirev.2020.103477""",2861
2861,919,919,540.0,68.5204,-11.3242,235.6656,9000,9000,False,"PHX-PTJ @REF Merdith_++_2021 @DOI""10.1016/j.earscirev.2020.103477""",2862
2862,920,920,0.0,90.0,0.0,0.0,804,804,False,TPAC-MBL Trapped Pacific plate (on the Antarctic plate)-Marie Byrd Land,2863
2863,920,920,47.9,90.0,0.0,0.0,804,804,False,TPAC-MBL @Au NW @T 2015 @xo_ys,2864
2864,920,920,47.9,74.43,-48.54,-38.18,901,901,False,TPAC-PAC Trapped Pacific plate-Pacific crossover,2865
2865,920,920,83.0,-74.43,131.46,38.18,901,901,False,TPAC-PAC @REF Wright_++_(in review) @AU NW @T 2015,2866
2866,922,922,0.0,90.0,0.0,0.0,829,829,False,MELN1-NWB Melanesian Sea North-North Woodlark Basin,2867
2867,922,922,12.0,90.0,0.0,0.0,829,829,False,MELN1-NWB Melanesian Sea  north @xo_ys  @absage     @REF Seton_++_(in prep),2868
2868,922,922,12.0,-31.69,-58.86,14.51,847,847,False,MELBN-MELA Melanesian Sea north-Melanesian Arc @absage MELN1-NWB,2869
2869,922,922,200.0,31.69,121.14,-14.51,847,847,False,MELBN-MELA,2870
2870,923,923,0.0,90.0,0.0,0.0,911,911,False,JFD-NAZ Juan Fernandez Plate-Nazca plate,2871
2871,923,923,9.8,90.0,0.0,0.0,911,911,False,JFD-NAZ @REF Wright_++_(in review) @AU NW @T 2015,2872
2872,924,924,0.0,90.0,0.0,0.0,909,909,False,NFAR-COC Northern Farallon/Cocos-Cocos,2873
2873,924,924,23.0,90.0,0.0,0.0,909,909,False,NFAR-COC @REF Wright_++_(in review) @AU NW @T 2015 @xo_ys,2874
2874,924,924,23.0,7.97,-111.88,-34.1,902,902,False,NFAR-FAR Northern Farallon/Cocos-Farallon,2875
2875,924,924,180.0,7.97,-111.88,-34.1,902,902,False,"NFAR-FAR part of far-> cocos,  @absage",2876
2876,926,926,0.0,-38.71,-123.0,-35.91,609,609,False,IZA1-PSP Izanagi Plate 1-Philippine Sea Plate,2877
2877,926,926,55.9,-38.71,-123.0,-35.91,609,609,False,"IZA1-PSP @REF Zahirovic_++_2014 @DOI""10.5194/se-5-227-2014"" @xo_ys",2878
2878,926,926,55.9,2.85,-114.0,1.04,901,901,False,"IZA1-PAC Izanagi Plate 1-Pacific @REF Seton_++_2012 @DOI""10.1016/j.earscirev.2012.03.002"" @CHRONID""c25y""",2879
2879,926,926,67.7,20.69,-109.82,15.36,901,901,False,"IZA1-PAC @REF Seton_++_2012 @DOI""10.1016/j.earscirev.2012.03.002"" M0  c31y",2880
2880,926,926,83.0,21.82,-109.54,35.76,901,901,False,"IZA1-PAC @REF Seton_++_2012 @DOI""10.1016/j.earscirev.2012.03.002"" M0  c34y",2881
2881,926,926,120.6,17.43,-109.37,73.73,901,901,False,"IZA1-PAC @REF Seton_++_2012 @DOI""10.1016/j.earscirev.2012.03.002"" M4  M0",2882
2882,926,926,125.7,17.56,-109.4,80.67,901,901,False,"IZA1-PAC @REF Seton_++_2012 @DOI""10.1016/j.earscirev.2012.03.002"" M10-N  M4",2883
2883,926,926,130.5,17.7,-109.42,88.67,901,901,False,"IZA1-PAC @REF Seton_++_2012 @DOI""10.1016/j.earscirev.2012.03.002"" M16  M10N",2884
2884,926,926,137.9,19.16,-109.92,97.03,901,901,False,"IZA1-PAC @REF Seton_++_2012 @DOI""10.1016/j.earscirev.2012.03.002"" M21   M16",2885
2885,926,926,146.6,21.45,-107.09,105.77,901,901,False,"IZA1-PAC @REF Seton_++_2012 @DOI""10.1016/j.earscirev.2012.03.002""",2886
2886,926,926,154.0,22.34,-104.79,113.27,901,901,False,"IZA1-PAC @REF Seton_++_2012 @DOI""10.1016/j.earscirev.2012.03.002""",2887
2887,926,926,168.0,23.34,-102.05,123.11,901,901,False,"IZA1-PAC @REF Seton_++_2012 @DOI""10.1016/j.earscirev.2012.03.002""",2888
2888,926,926,180.0,24.3,-99.25,134.27,901,901,False,"IZA1-PAC @REF Seton_++_2012 @DOI""10.1016/j.earscirev.2012.03.002""",2889
2889,926,926,190.0,24.67,-97.43,139.95,901,901,False,"IZA1-PAC @REF Seton_++_2012 @DOI""10.1016/j.earscirev.2012.03.002"" @xo_ys",2890
2890,926,926,190.0,27.17,10.07,154.44,902,902,False,"IZA1-PAC @REF Seton_++_2012 @DOI""10.1016/j.earscirev.2012.03.002"" @Au GS @T 2011",2891
2891,926,926,220.0,15.83,20.24,141.85,902,902,False,"IZA1-PAC @REF Seton_++_2012 @DOI""10.1016/j.earscirev.2012.03.002"" @Au SZ @T 2013",2892
2892,926,926,240.0,8.33,25.93,130.34,902,902,False,"IZA1-PAC @REF Seton_++_2012 @DOI""10.1016/j.earscirev.2012.03.002"" @Au SZ @T 2013",2893
2893,926,926,250.0,4.75,28.55,123.54,902,902,False,"IZA1-PAC @REF Seton_++_2012 @DOI""10.1016/j.earscirev.2012.03.002"" @Au SZ @T 2013 @xo_ys",2894
2894,926,926,250.0,9.0376,-69.6413,111.513,9000,9000,False,"IZA-PTJ Izanagi Plate (Panthalassa Plate 3)-Panthalassa Triple Junction stages preserved from @REF Domeier_Torsvik_2014 @DOI""10.1016/j.gsf.2014.01.002""",2895
2895,926,926,270.0,-1.3536000000000001,-65.064,124.063,9000,9000,False,"IZA-PTJ stages preserved from @REF Domeier_Torsvik_2014 @DOI""10.1016/j.gsf.2014.01.002""",2896
2896,926,926,290.0,-5.623,-62.6016,137.3256,9000,9000,False,"IZA-PTJ stages preserved from @REF Domeier_Torsvik_2014 @DOI""10.1016/j.gsf.2014.01.002""",2897
2897,926,926,310.0,-9.5104,-60.3208,150.8523,9000,9000,False,"IZA-PTJ stages preserved from @REF Domeier_Torsvik_2014 @DOI""10.1016/j.gsf.2014.01.002""",2898
2898,926,926,320.0,-11.3541,-59.2174,157.6835,9000,9000,False,"IZA-PTJ stages preserved from @REF Domeier_Torsvik_2014 @DOI""10.1016/j.gsf.2014.01.002""",2899
2899,926,926,370.0,-21.0794,-50.1404,207.4382,9000,9000,False,Young et al. (2019),2900
2900,926,926,380.0,-22.7421,-49.5964,212.1561,9000,9000,False,Young et al. (2019),2901
2901,926,926,410.0,-28.2066,-47.7111,226.6141,9000,9000,False,IZA-PTJ Young et al. (2019),2902
2902,999,999,450.0,-32.031,-48.5557,234.8496,9000,9000,False,"IZA-PTJ @REF Merdith_++_2021 @DOI""10.1016/j.earscirev.2020.103477""",2903
2903,926,926,470.0,-35.7481,-41.2836,249.2661,9000,9000,False,"IZA-PTJ @REF Merdith_++_2021 @DOI""10.1016/j.earscirev.2020.103477""",2904
2904,926,926,501.0,-40.1327,-37.7331,258.4685,9000,9000,False,"IZA-PTJ @REF Merdith_++_2021 @DOI""10.1016/j.earscirev.2020.103477""",2905
2905,926,926,520.0,-26.1872,-47.5223,220.4069,9000,9000,False,"IZA-PTJ @REF Merdith_++_2021 @DOI""10.1016/j.earscirev.2020.103477""",2906
2906,926,926,530.0,-26.1872,-47.5223,220.4069,9000,9000,False,"IZA-PTJ @REF Merdith_++_2021 @DOI""10.1016/j.earscirev.2020.103477""",2907
2907,929,929,0.0,90.0,0.0,0.0,919,919,False,ALK-PHX Aluk Plate 2-Phoenix,2908
2908,929,929,100.0,90.0,0.0,0.0,919,919,False,ALK-PHX @absage,2909
2909,930,930,0.0,90.0,0.0,0.0,904,904,False,PXN-ALU Phoenix/Aluk,2910
2910,930,930,83.0,90.0,0.0,0.0,904,904,False,PXN-ALU Seton et al. 2012 @xo_ys,2911
2911,930,930,83.0,32.1,36.98,-79.55,984,984,False,PXN-CAQ Phoenix-Southeast Manihiki/Catequil Seton et al. 2012,2912
2912,930,930,250.0,-32.1,-143.02,79.55,984,984,False,PXN-CAQ,2913
2913,932,932,0.0,90.0,0.0,0.0,918,918,False,KUL2-KUL Kula/Farallon-Kula,2914
2914,932,932,83.0,90.0,0.0,0.0,918,918,False,KUL2-KUL Far iso that become Kula @xo_ys,2915
2915,932,932,83.0,62.72,28.24,68.62,902,902,False,KUL2-FAR Kula/Farallon-Farallon crossover,2916
2916,932,932,240.0,62.72,28.24,68.62,902,902,False,KUL2-FAR @REF Wright_++_(in review),2917
2917,938,938,0.0,90.0,0.0,0.0,918,918,False,KUL3-KUL Kula Plate 3-Kula Plate,2918
2918,938,938,83.0,90.0,0.0,0.0,918,918,False,KUL3-KUL @REF Wright_++_(in review) @xo_ys,2919
2919,938,938,83.0,54.96,-163.55,-49.28,926,926,False,KUL3-IZA Kula Plate 3-Izanagi Plate crossover,2920
2920,938,938,250.0,54.96,-163.55,-49.28,926,926,False,KUL3-IZA @REF Wright_++_(in review),2921
2921,939,939,0.0,90.0,0.0,0.0,918,918,False,KUL4-KUL Kula Plate 4-Kula Plate,2922
2922,939,939,83.0,90.0,0.0,0.0,918,918,False,KUL4-KUL @REF Wright_++_(in review) @xo_ys,2923
2923,939,939,83.0,30.22,139.25,-38.5,901,901,False,KUL4-PAC Kula Plate 4-Pacific Plate crossover,2924
2924,939,939,250.0,30.22,139.25,-38.5,901,901,False,KUL4-PAC @REF Wright_++_(in review),2925
2925,941,941,0.0,90.0,0.0,0.0,101,101,False,ALT-NAM Aleutian Basin-North America,2926
2926,941,941,50.0,90.0,0.0,0.0,101,101,False,"ALT-NAM @REF Seton_++_2012 @DOI""10.1016/j.earscirev.2012.03.002"" @absage @xo_ys",2927
2927,941,941,50.0,-82.2504,75.4142,22.1891,926,926,False,ALT-IZA Aleutian Basin-Izanagi crossover @absage,2928
2928,941,941,200.0,-82.2504,75.4142,22.1891,926,926,False,"ALT-IZA @REF Seton_++_2012 @DOI""10.1016/j.earscirev.2012.03.002"" @absage",2929
2929,943,943,0.0,90.0,0.0,0.0,801,801,False,SLBA4-AUS Rotations for an hypothesised arc that was active from 85-55 Ma associated with opening of the South Loyalty BAB,2930
2930,943,943,55.0,-16.92,135.17,0.03,801,801,False,"SLBA4-AUS @REF Matthews_++_2015 @DOI""10.1016/j.earscirev.2014.10.008"" From 0-45 Ma it is fixed to 801 - @Au KJM @xo_of @absage",2931
2931,943,943,55.0,15.69,-46.96,-1.6600000000000001,8333,8333,False,"SLBA4-AUS @REF Matthews_++_2015 @DOI""10.1016/j.earscirev.2014.10.008"" Hypothesised arc associated with opening of the South Loyalty BAB - @Au KM @absage",2932
2932,943,943,85.0,-34.06,-65.51,3.75,8333,8333,False,"SLBA4-AUS @REF Matthews_++_2015 @DOI""10.1016/j.earscirev.2014.10.008"" Hypothesised arc associated with opening of the South Loyalty BAB - @Au KM",2933
2933,943,943,250.0,-34.06,-65.51,3.75,8333,8333,False,SLBA4-AUS,2934
2934,945,945,0.0,90.0,0.0,0.0,855,855,False,SLB6-NLB E isochron of SLB MOR,2935
2935,945,945,43.8,-9.374,163.1788,3.9621,855,855,False,"SLB6-NLB @REF Matthews_++_2015 @DOI""10.1016/j.earscirev.2014.10.008"", E isochron of SLB MOR - @Au KJM @xo_of @absage",2936
2936,945,945,43.8,-5.7,26.9,7.99,965,965,False,"SLB6-NLB @REF Matthews_++_2015 @DOI""10.1016/j.earscirev.2014.10.008"", E isochron of SLB MOR - @Au KM @absage",2937
2937,945,945,85.0,-5.7,26.9,7.99,965,965,False,SLB6-NLB,2938
2938,949,949,0.0,90.0,0.0,0.0,890,890,False,SLB7-KP E isochron of SLB MOR,2939
2939,949,949,55.0,60.2876,16.393,-0.004200000000000001,890,890,False,"SLB7-KP @REF Matthews_++_2015 @DOI""10.1016/j.earscirev.2014.10.008"", E isochron of SLB MOR - @Au KM @xo_of @absage",2940
2940,949,949,55.0,25.51,-7.65,-13.58,960,960,False,SLB7-SLB8 E isochron of SLB MOR - @Au KM @T 20140908 @absage,2941
2941,949,949,85.0,25.51,-7.65,-13.58,960,960,False,SLB7-SLB8,2942
2942,950,950,0.0,90.0,0.0,0.0,813,813,False,WCPB-CPB Western Campbell Plateau-Campbell Plateau,2943
2943,950,950,460.0,90.0,0.0,0.0,813,813,False,WCPB-CPB	@absage,2944
2944,951,951,0.0,90.0,0.0,0.0,201,201,False,SAMT1-SAM South America Terrane 1-South America,2945
2945,951,951,460.0,90.0,0.0,0.0,201,201,False,SAMT1-SAM	@absage,2946
2946,952,952,0.0,90.0,0.0,0.0,201,201,False,SAMT2-SAM South America Terrane 2-South America,2947
2947,952,952,460.0,90.0,0.0,0.0,201,201,False,SAMT2-SAM	@absage,2948
2948,953,953,0.0,90.0,0.0,0.0,201,201,False,SAMT3-SAM South America Terrane 3-South America,2949
2949,953,953,460.0,90.0,0.0,0.0,201,201,False,SAMT3-SAM	@absage,2950
2950,954,954,0.0,90.0,0.0,0.0,201,201,False,SAMT4-SAM South America Terrane 4-South America,2951
2951,954,954,460.0,90.0,0.0,0.0,201,201,False,SAMT4-SAM	@absage,2952
2952,955,955,0.0,90.0,0.0,0.0,201,201,False,SAMT5-SAM South America Terrane 5-South America,2953
2953,955,955,460.0,90.0,0.0,0.0,201,201,False,SAMT5-SAM	@absage,2954
2954,957,957,0.0,90.0,0.0,0.0,212,212,False,CAMT1-GYP Central America Terrane 1-Guayape-Honduras,2955
2955,957,957,250.0,90.0,0.0,0.0,212,212,False,CAMT1-GYP @absage (450 Ma),2956
2956,960,960,0.0,90.0,0.0,0.0,844,844,False,"SLB8-LYR @REF Matthews_++_2015 @DOI""10.1016/j.earscirev.2014.10.008"", E isochron of SLB MOR",2957
2957,960,960,55.0,53.74,26.96,-0.54,844,844,False,"SLB8-LYR @REF Matthews_++_2015 @DOI""10.1016/j.earscirev.2014.10.008"", E isochron of SLB MOR - @Au KM @xo_of @absage",2958
2958,960,960,55.0,90.0,0.0,0.0,872,872,False,"SLB8-SLBA3 @REF Matthews_++_2015 @DOI""10.1016/j.earscirev.2014.10.008"", E isochron of SLB MOR - @Au KM @absage",2959
2959,960,960,85.0,90.0,0.0,0.0,872,872,False,SLB8-SLBA3,2960
2960,961,961,0.0,90.0,0.0,0.0,865,865,False,SLB9-SLBA2 E isochron of SLB MOR,2961
2961,961,961,55.0,-3.707,-13.9936,-4.6969,865,865,False,"SLB9-SLBA2 @REF Matthews_++_2015 @DOI""10.1016/j.earscirev.2014.10.008"", E isochron of SLB MOR - @Au KJM @xo_of @absage",2962
2962,961,961,55.0,25.51,-7.65,-13.58,841,841,False,"SLB9-SLBA @REF Matthews_++_2015 @DOI""10.1016/j.earscirev.2014.10.008"", E isochron of SLB MOR - @Au KM @absage",2963
2963,961,961,85.0,25.51,-7.65,-13.58,841,841,False,"SLB9-SLBA @REF Matthews_++_2015 @DOI""10.1016/j.earscirev.2014.10.008""",2964
2964,962,962,0.0,90.0,0.0,0.0,865,865,False,SLB10-SLBA2 E isochron of SLB MOR,2965
2965,962,962,55.0,15.9068,-46.4555,0.0102,865,865,False,"SLB10-SLBA2 @REF Matthews_++_2015 @DOI""10.1016/j.earscirev.2014.10.008"", E isochron of SLB MOR - @Au KJM @xo_of @absage",2966
2966,962,962,55.0,15.93,-46.53,1.6,943,943,False,"SLB10-SLBA4 @REF Matthews_++_2015 @DOI""10.1016/j.earscirev.2014.10.008"", E isochron of SLB MOR - @Au KM @absage",2967
2967,962,962,85.0,15.93,-46.53,1.6,943,943,False,"SLB10-SLBA4 @REF Matthews_++_2015 @DOI""10.1016/j.earscirev.2014.10.008"", E isochron of SLB MOR - @Au KM",2968
2968,963,963,0.0,90.0,0.0,0.0,865,865,False,"SLB10-SLBA2 @REF Matthews_++_2015 @DOI""10.1016/j.earscirev.2014.10.008"", E isochron of SLB MOR",2969
2969,963,963,55.0,20.7796,-20.7692,-0.006900000000000001,865,865,False,"SLB10-SLBA2 @REF Matthews_++_2015 @DOI""10.1016/j.earscirev.2014.10.008"", E isochron of SLB MOR - @Au KJM @xo_of @absage",2970
2970,963,963,55.0,38.4152,-1.7946,-9.7949,841,841,False,"SLB10-SLBA @REF Matthews_++_2015 @DOI""10.1016/j.earscirev.2014.10.008"", E isochron of SLB MOR - @Au KM 20140908 @absage",2971
2971,963,963,85.0,38.4152,-1.7946,-9.7949,841,841,False,SLB10-SLBA,2972
2972,964,964,0.0,90.0,0.0,0.0,865,865,False,SLB11-SLBA2 E isochron of SLB MOR,2973
2973,964,964,55.0,90.0,0.0,0.0,865,865,False,"SLB11-SLBA2 @REF Matthews_++_2015 @DOI""10.1016/j.earscirev.2014.10.008"", E isochron of SLB MOR - @Au KM @absage",2974
2974,964,964,85.0,90.0,0.0,0.0,865,865,False,"SLB11-SLBA2 @REF Matthews_++_2015 @DOI""10.1016/j.earscirev.2014.10.008"" @absage",2975
2975,965,965,0.0,90.0,0.0,0.0,844,844,False,SLB12-LYR E isochron of SLB MOR,2976
2976,965,965,55.0,3.802,-18.2726,-4.9752,844,844,False,"SLB12-LYR @REF Matthews_++_2015 @DOI""10.1016/j.earscirev.2014.10.008"", E isochron of SLB MOR - KJM @xo_of @absage",2977
2977,965,965,55.0,90.0,0.0,0.0,841,841,False,"SLB12-SLBA @REF Matthews_++_2015 @DOI""10.1016/j.earscirev.2014.10.008"", E isochron of SLB MOR - @Au KM @absage",2978
2978,965,965,85.0,90.0,0.0,0.0,841,841,False,SLB12-SLBA,2979
2979,966,966,0.0,90.0,0.0,0.0,801,801,False,SLB13-AUS E isochron of SLB MOR,2980
2980,966,966,50.0,61.6,3.38,-0.59,801,801,False,"SLB13-AUS @REF Matthews_++_2015 @DOI""10.1016/j.earscirev.2014.10.008"", E isochron of SLB MOR - @Au KJM @xo_of @absage",2981
2981,966,966,50.0,28.26,-9.1,-7.87,960,960,False,"SLB13-SLB8 @REF Matthews_++_2015 @DOI""10.1016/j.earscirev.2014.10.008"", E isochron of SLB MOR - @Au KM 20140908 @absage",2982
2982,966,966,85.0,28.26,-9.1,-7.87,960,960,False,"SLB13-SLB8 @REF Matthews_++_2015 @DOI""10.1016/j.earscirev.2014.10.008""",2983
2983,969,969,0.0,90.0,0.0,0.0,901,901,False,MAT-PAC Mathematician-Pacific,2984
2984,969,969,3.2800000000000002,90.0,0.0,0.0,901,901,False,"MAT-PAC @REF DeMets_Traylen_2000 @DOI""10.1016/S0040-1951(99)00309-1"", midpoint between 2An3 and 2An2",2985
2985,969,969,5.1,27.7,-109.7,-6.29,901,901,False,"MAT-PAC @REF DeMets_Traylen_2000 @DOI""10.1016/S0040-1951(99)00309-1"" @CHRONID""c3n4c""",2986
2986,969,969,5.9,11.1,-111.9,10.74,901,901,False,"MAT-PAC @REF DeMets_Traylen_2000 @DOI""10.1016/S0040-1951(99)00309-1"" @CHRONID""c3An1y""",2987
2987,969,969,6.6,12.2,-111.7,16.08,901,901,False,"MAT-PAC @REF DeMets_Traylen_2000 @DOI""10.1016/S0040-1951(99)00309-1"" @CHRONID""c3An2o""",2988
2988,969,969,7.0,6.4,-112.4,9.98,901,901,False,"MAT-PAC @REF DeMets_Traylen_2000 @DOI""10.1016/S0040-1951(99)00309-1"" @CHRONID""c3Bc""",2989
2989,969,969,7.9,8.2,-112.1,14.29,901,901,False,"MAT-PAC @REF DeMets_Traylen_2000 @DOI""10.1016/S0040-1951(99)00309-1"" @CHRONID""c4n2c""",2990
2990,969,969,8.7,5.3,-112.6,14.02,901,901,False,"MAT-PAC @REF DeMets_Traylen_2000 @DOI""10.1016/S0040-1951(99)00309-1"" @CHRONID""c4Ay""",2991
2991,969,969,9.9,-5.0,-114.0,10.69,901,901,False,"MAT-PAC @REF DeMets_Traylen_2000 @DOI""10.1016/S0040-1951(99)00309-1"" @CHRONID""c5n2y""",2992
2992,969,969,10.9,-16.7,-115.6,9.39,901,901,False,"MAT-PAC @REF DeMets_Traylen_2000 @DOI""10.1016/S0040-1951(99)00309-1"" @CHRONID""c5n2o"" @xo_ys",2993
2993,969,969,10.9,-22.76,74.06,-34.0,924,924,False,MAT-FAR Mathematician-Farallon crossover,2994
2994,969,969,100.0,22.76,-105.94,34.0,924,924,False,"MAT-FAR @REF DeMets_Traylen_2000 @DOI""10.1016/S0040-1951(99)00309-1""",2995
2995,970,970,0.0,90.0,0.0,0.0,901,901,False,RIV-PAC Rivera Microplate-Pacific,2996
2996,970,970,0.8,26.7,-105.2,-3.66,901,901,False,"RIV-PAC @REF DeMets_Traylen_2000 @DOI""10.1016/S0040-1951(99)00309-1"" @CHRONID""c1o""",2997
2997,970,970,1.0,28.0,-104.4,-3.98,901,901,False,"RIV-PAC @REF DeMets_Traylen_2000 @DOI""10.1016/S0040-1951(99)00309-1"" @CHRONID""c1r1c""",2998
2998,970,970,1.9,30.3,-102.8,-4.93,901,901,False,"RIV-PAC @REF DeMets_Traylen_2000 @DOI""10.1016/S0040-1951(99)00309-1"" @CHRONID""c2c""",2999
2999,970,970,2.6,34.7,-100.1,-4.6,901,901,False,"RIV-PAC @REF DeMets_Traylen_2000 @DOI""10.1016/S0040-1951(99)00309-1"" @CHRONID""c2An1y""",3000
3000,970,970,3.6,31.3,-103.2,-8.63,901,901,False,"RIV-PAC @REF DeMets_Traylen_2000 @DOI""10.1016/S0040-1951(99)00309-1"" @CHRONID""c2An3o""",3001
3001,970,970,4.2,28.4,-105.3,-14.74,901,901,False,"RIV-PAC @REF DeMets_Traylen_2000 @DOI""10.1016/S0040-1951(99)00309-1"" @CHRONID""c3n1c""",3002
3002,970,970,4.6,27.5,-105.9,-18.7,901,901,False,"RIV-PAC @REF DeMets_Traylen_2000 @DOI""10.1016/S0040-1951(99)00309-1"" @CHRONID""c3n2o""",3003
3003,970,970,5.1,28.0,-105.7,-19.5,901,901,False,"RIV-PAC @REF DeMets_Traylen_2000 @DOI""10.1016/S0040-1951(99)00309-1"" @CHRONID""c3n4c""",3004
3004,970,970,5.9,28.7,-105.6,-21.21,901,901,False,"RIV-PAC @REF DeMets_Traylen_2000 @DOI""10.1016/S0040-1951(99)00309-1"" @CHRONID""c3An1y""",3005
3005,970,970,6.6,33.4,-103.5,-14.89,901,901,False,"RIV-PAC @REF DeMets_Traylen_2000 @DOI""10.1016/S0040-1951(99)00309-1"" @CHRONID""c3An2o""",3006
3006,970,970,7.0,34.0,-103.2,-15.23,901,901,False,"RIV-PAC @REF DeMets_Traylen_2000 @DOI""10.1016/S0040-1951(99)00309-1"" @CHRONID""c3Bc""",3007
3007,970,970,7.9,35.8,-102.7,-15.17,901,901,False,"RIV-PAC @REF DeMets_Traylen_2000 @DOI""10.1016/S0040-1951(99)00309-1"" @CHRONID""c4n2c""",3008
3008,970,970,8.7,34.7,-103.9,-18.45,901,901,False,"RIV-PAC @REF DeMets_Traylen_2000 @DOI""10.1016/S0040-1951(99)00309-1"" @CHRONID""c4Ay""",3009
3009,970,970,9.9,31.9,-106.0,-27.2,901,901,False,"RIV-PAC @REF DeMets_Traylen_2000 @DOI""10.1016/S0040-1951(99)00309-1"" @CHRONID""c5n2y"" @xo_ys",3010
3010,970,970,9.9,-1.17,78.36,2.87,924,924,False,RIV-FAR Rivera-Farallon crossover,3011
3011,970,970,100.0,-1.17,78.36,2.87,924,924,False,"RIV-FAR @REF DeMets_Traylen_2000 @DOI""10.1016/S0040-1951(99)00309-1""",3012
3012,971,971,0.0,90.0,0.0,0.0,911,911,False,BAU-NAZ Bauer Microplate-Nazca,3013
3013,971,971,5.9,90.0,0.0,0.0,911,911,False,"BAU-NAZ @REF Seton_++_2012 @DOI""10.1016/j.earscirev.2012.03.002"" based on @REF Eakins_Lonsdale_2003 @DOI""10.1007/s11001-004-5882-4"" @CHRONID""c3An1o""",3014
3014,971,971,7.4,-28.0,-103.0,-3.9,911,911,False,"BAU-NAZ @REF Seton_++_2012 @DOI""10.1016/j.earscirev.2012.03.002"" based on @REF Eakins_Lonsdale_2003 @DOI""10.1007/s11001-004-5882-4"" @CHRONID""4n1y""",3015
3015,971,971,10.9,-27.25,-101.3,-19.3,911,911,False,"BAU-NAZ @REF Seton_++_2012 @DOI""10.1016/j.earscirev.2012.03.002"" based on @REF Eakins_Lonsdale_2003 @DOI""10.1007/s11001-004-5882-4"" @CHRONID""c5n2o""",3016
3016,971,971,15.2,-24.86,-98.5,-40.63,911,911,False,"BAU-NAZ @REF Seton_++_2012 @DOI""10.1016/j.earscirev.2012.03.002"" based on @REF Eakins_Lonsdale_2003 @DOI""10.1007/s11001-004-5882-4"" @CHRONID""c5Bn.2o""",3017
3017,971,971,18.0,-24.86,-98.5,-40.63,911,911,False,"BAU-NAZ @REF Seton_++_2012 @DOI""10.1016/j.earscirev.2012.03.002"" based on @REF Eakins_Lonsdale_2003 @DOI""10.1007/s11001-004-5882-4"" @absage",3018
3018,972,972,0.0,90.0,0.0,0.0,971,971,False,BAUC-BAU Bauer Microplate core-Bauer,3019
3019,972,972,15.2,90.0,0.0,0.0,971,971,False,"BAUC-BAU @REF Seton_++_2012 @DOI""10.1016/j.earscirev.2012.03.002"" based on @REF Eakins_Lonsdale_2003 @DOI""10.1007/s11001-004-5882-4""",3020
3020,973,973,0.0,-19.3167,-21.8498,15.4735,2007,2007,False,TCAR-CARPI Trapped Caribbean-Caribbean plate interior,3021
3021,973,973,135.0,-19.3167,-21.8498,15.4735,2007,2007,False,TCAR-CARPI This model  @absage @xo_os,3022
3022,973,973,135.0,24.87,137.28,123.5,902,902,False,TCAR-FAR Trapped Caribbean-Farallon this model @absage,3023
3023,973,973,250.0,24.87,137.28,123.5,902,902,False,TCAR-FAR,3024
3024,977,977,0.0,90.0,0.0,0.0,301,301,False,JMN-EUR Jan Mayen Plate-Northern European Craton,3025
3025,977,977,27.0,90.0,0.0,0.0,301,301,False,"JMN-EUR  spreading stops between C11 and C7 CG2010 after Gaina et al., 2009",3026
3026,977,977,33.1,65.52,-9.45,-16.21,301,301,False,"JMN-EUR @REF Gaina_++_2009 @DOI""10.1144/0016-76492008-112"" @Au CG @T 2010 @CHRONID""C13y""",3027
3027,977,977,40.1,63.92,-12.96,-17.02,301,301,False,"JMN-EUR @REF Gaina_++_2009 @DOI""10.1144/0016-76492008-112"" @Au CG @T 2010 @CHRONID""C18o""",3028
3028,977,977,43.8,64.12,-12.9,-26.52,301,301,False,"JMN-EUR @REF Gaina_++_2009 @DOI""10.1144/0016-76492008-112"" @Au CG @T 2010 @CHRONID""C20o""",3029
3029,977,977,47.9,-64.52,169.08,47.19,301,301,False,"JMN-EUR @REF Gaina_++_2009 @DOI""10.1144/0016-76492008-112"" @Au CG @T 2010 @CHRONID""C21o""",3030
3030,977,977,49.7,64.16,-11.47,-49.09,301,301,False,"JMN-EUR @REF Gaina_++_2009 @DOI""10.1144/0016-76492008-112"" @Au CG @T 2010 @CHRONID""C22o""",3031
3031,977,977,53.3,52.07,-28.49,-15.31,301,301,False,"JMN-EUR @REF Gaina_++_2009 @DOI""10.1144/0016-76492008-112"" @Au CG @T 2010 @CHRONID""C24o""  @xo_ys",3032
3032,977,977,53.3,81.5676,2.0729,-20.5902,102,102,False,"JMN-EUR @REF Gaina_++_2009 @DOI""10.1144/0016-76492008-112"" @Au CG @T 2010 @CHRONID""C24o""",3033
3033,977,977,80.0,81.5676,2.0729,-20.5902,102,102,False,"JMN-EUR @REF Gaina_++_2009 @DOI""10.1144/0016-76492008-112"" @Au CG @T 2010 @CHRONID""C24o""  @absage",3034
3034,977,977,250.0,81.5676,2.0729,-20.5902,102,102,False,"JMMC-EUR @REF Gaina_++_2009 @DOI""10.1144/0016-76492008-112"" @Au CG @T 2010 @CHRONID""C24o""",3035
3035,979,979,0.0,90.0,0.0,0.0,114,114,False,MAR-LMN Makarov Basin-Lomonosov Ridge,3036
3036,979,979,57.0,90.0,0.0,0.0,114,114,False,"MAR-LMN @REF Alvey_++_2008 @DOI""10.1016/j.epsl.2008.07.036"" @absage",3037
3037,979,979,68.0,40.27,-24.81,-1.96,114,114,False,"MAR-LMN @REF Alvey_++_2008 @DOI""10.1016/j.epsl.2008.07.036"" @absage",3038
3038,979,979,70.0,40.27,-24.81,-1.96,114,114,False,"MAR-LMN @REF Alvey_++_2008 @DOI""10.1016/j.epsl.2008.07.036"" @absage",3039
3039,981,981,0.0,90.0,0.0,0.0,901,901,False,OJP-PAC Ontong Java-Pacific,3040
3040,981,981,250.0,90.0,0.0,0.0,901,901,False,"OJP-PAC @REF Alvey_++_2008 @DOI""10.1016/j.epsl.2008.07.036""",3041
3041,982,982,0.0,90.0,0.0,0.0,981,981,False,MPP-OJP Manihiki-Ontong Java,3042
3042,982,982,86.0,90.0,0.0,0.0,981,981,False,MPP-OJP @absage,3043
3043,982,982,100.0,76.03,159.59,-12.42,981,981,False,MPP-OJP @REF Wright_++_(in review) @Au NW @T 2015 edited stage @absage,3044
3044,982,982,110.0,81.54,4.98,-17.86,981,981,False,MPP-OJP @REF Wright_++_(in review) @Au NW @T 2015,3045
3045,982,982,120.6,74.0,-21.45,-25.11,981,981,False,MPP-OJP @REF Wright_++_(in review) @Au NW @T 2015,3046
3046,982,982,250.0,74.0,-21.45,-25.11,981,981,False,MPP-OJP @REF Wright_++_(in review) @Au NW @T 2015,3047
3047,983,983,0.0,90.0,0.0,0.0,982,982,False,HIK-MPP Hikurangi-Manihiki,3048
3048,983,983,86.0,90.0,0.0,0.0,982,982,False,"HIK-MPP @REF Seton_++_2012 @DOI""10.1016/j.earscirev.2012.03.002"" @absage",3049
3049,983,983,100.0,1.03,99.54,9.63,982,982,False,"HIK-MPP @REF Seton_++_2012 @DOI""10.1016/j.earscirev.2012.03.002"" @absage",3050
3050,983,983,120.6,-0.23,132.63,31.23,982,982,False,"HIK-MPP @REF Seton_++_2012 @DOI""10.1016/j.earscirev.2012.03.002"" @xo_ys",3051
3051,983,983,120.6,55.57,-24.57,138.66,919,919,False,"HIK-MPP @REF Seton_++_2012 @DOI""10.1016/j.earscirev.2012.03.002"" @Au GS @T 2011",3052
3052,983,983,250.0,-55.57,155.43,-138.66,919,919,False,HIK-MPP @Au GS @T 2011,3053
3053,984,984,0.0,90.0,0.0,0.0,911,911,False,CAQ-NAZ Southeast Manihiki/Catequil-Nazca @Au NW @T 2015,3054
3054,984,984,23.0,90.0,0.0,0.0,911,911,False,CAQ-NAZ @xo_ys,3055
3055,984,984,23.0,16.27,-82.32,-7.28,902,902,False,CAQ-FAR Southeast Manihiki/Catequil-Farallon,3056
3056,984,984,86.0,16.27,-82.32,-7.28,902,902,False,"CAQ-FAR @REF Seton_++_2012 @DOI""10.1016/j.earscirev.2012.03.002"" @absage @xo_ys",3057
3057,984,984,86.0,81.0411,132.6874,-92.0633,982,982,False,"CAQ-MPP Southeast Manihiki/Catequil-Manihiki @REF Seton_++_2012 @DOI""10.1016/j.earscirev.2012.03.002"" crossover @Au GS @T 2011 @absage",3058
3058,984,984,100.0,-86.8891,-97.9157,97.5232,982,982,False,"CAQ-MPP @REF Seton_++_2012 @DOI""10.1016/j.earscirev.2012.03.002"" @Au GS @T 2011  @absage",3059
3059,984,984,110.0,-81.2686,154.8615,99.603,982,982,False,"CAQ-MPP @REF Seton_++_2012 @DOI""10.1016/j.earscirev.2012.03.002"" @Au GS @T 2011  @absage",3060
3060,984,984,120.6,75.3189,-34.4216,-100.0928,982,982,False,"CAQ-MPP @REF Seton_++_2012 @DOI""10.1016/j.earscirev.2012.03.002"" @Au GS @T 2011 & @Au NW @T 2015",3061
3061,985,985,0.0,90.0,0.0,0.0,901,901,False,CAQ-PAC Southeast Manihiki/Catequil-Pacific,3062
3062,985,985,83.0,90.0,0.0,0.0,901,901,False,"CAQ-PAC @REF Seton_++_2012 @DOI""10.1016/j.earscirev.2012.03.002"" @Au GS @T 2011  @xo_ys",3063
3063,985,985,83.0,61.23,-4.2,142.06,904,904,False,CAQ-ALU Southeast Manihiki/Catequil-Aluk crossover,3064
3064,985,985,86.0,61.23,-4.2,142.06,904,904,False,CAQ-ALU @absage @xo_ys,3065
3065,985,985,86.0,81.45,135.19,88.34,984,984,False,CAQ-CAQ Southeast Manihiki/Catequil-Catequil Seton et al. 2012 crossover * GS11 @absage,3066
3066,985,985,250.0,-81.45,-44.81,-88.34,984,984,False,"CAQ-CAQ @REF Seton_++_2012 @DOI""10.1016/j.earscirev.2012.03.002"" @Au GS @T 2011",3067
3067,986,986,0.0,90.0,0.0,0.0,904,904,False,CAQ-ALU Southeast Manihiki/Catequil-Aluk @Au NW @T 2015,3068
3068,986,986,86.0,90.0,0.0,0.0,904,904,False,"CAQ-ALU @REF Seton_++_2012 @DOI""10.1016/j.earscirev.2012.03.002"" @Au GS @T 2011 @absage @xo_ys",3069
3069,986,986,86.0,32.1,36.98,-79.55,984,984,False,"CAQ-CAQ Southeast Manihiki/Catequil-Catequil @REF Seton_++_2012 @DOI""10.1016/j.earscirev.2012.03.002"" @Au GS @T 2011 @absage",3070
3070,986,986,250.0,32.1,36.98,-79.55,984,984,False,CAQ-CAQ @Au GS @T 2011,3071
3071,987,987,0.0,90.0,0.0,0.0,804,804,False,CAQ-MBL Southeast Manihiki/Catequil-Marie Byrd Land,3072
3072,987,987,86.0,90.0,0.0,0.0,804,804,False,"CAQ-MBL @REF Seton_++_2012 @DOI""10.1016/j.earscirev.2012.03.002"" @Au GS @T 2011 @absage @xo_ys",3073
3073,987,987,86.0,63.5232,-59.1767,-60.9691,983,983,False,"CAQ-HIK Southeast Manihiki/Catequil-Hikurangi @REF Seton_++_2012 @DOI""10.1016/j.earscirev.2012.03.002"" @Au GS @T 2011 @absage",3074
3074,987,987,250.0,63.5232,-59.1767,-60.9691,983,983,False,"CAQ-HIK @REF Seton_++_2012 @DOI""10.1016/j.earscirev.2012.03.002"" @Au GS @T 2011",3075
3075,988,988,0.0,90.0,0.0,0.0,680,680,False,PHIL-EHA Philippine Sea plate-East Halmahera,3076
3076,988,988,250.0,90.0,0.0,0.0,680,680,False,PHIL-EHA @absage,3077
3077,990,990,0.0,90.0,0.0,0.0,901,901,False,PPHX-PAC Trapped Phoenix-Pacific,3078
3078,990,990,120.6,90.0,0.0,0.0,901,901,False,"PPHX-PAC @REF Seton_++_2012 @DOI""10.1016/j.earscirev.2012.03.002"" @Au GS @T 2011 @xo_ys",3079
3079,990,990,120.6,45.11,-20.45,177.94,919,919,False,"PPHX-PHX Trapped Phoenix-Phoneix @REF Seton_++_2012 @DOI""10.1016/j.earscirev.2012.03.002"" @Au GS @T 2011c",3080
3080,990,990,250.0,45.11,-20.45,177.94,919,919,False,"PPHX-PHX @REF Seton_++_2012 @DOI""10.1016/j.earscirev.2012.03.002"" @Au GS @T 2011",3081
3081,1001,1001,0.0,90.0,0.0,0.0,1002,1002,False,"PKT1-PKT2 Proto-Kazakhstania terrane 1-Proto Kazakhstania terrane 2  @REF Domeier_Torsvik_2014 @DOI""10.1016/j.gsf.2014.01.002""",3082
3082,1001,1001,250.0,90.0,0.0,0.0,1002,1002,False,"PKT1-PKT2  @REF Domeier_Torsvik_2014 @DOI""10.1016/j.gsf.2014.01.002""",3083
3083,1001,1001,310.0,17.09,4.16,-25.7,1002,1002,False,"PKT1-PKT2   @REF Domeier_Torsvik_2014 @DOI""10.1016/j.gsf.2014.01.002"" POLE_RECALCULATED-@REF Matthews_et_al_2016 @DOI""10.1016/j.gloplacha.2016.10.002""",3084
3084,1001,1001,320.0,19.66,0.97,-60.14,1002,1002,False,"PKT1-PKT2  @REF Domeier_Torsvik_2014 @DOI""10.1016/j.gsf.2014.01.002"" POLE_RECALCULATED-@REF Matthews_et_al_2016 @DOI""10.1016/j.gloplacha.2016.10.002""",3085
3085,1001,1001,330.0,20.4,-1.06,-93.69,1002,1002,False,"PKT1-PKT2   @REF Domeier_Torsvik_2014 @DOI""10.1016/j.gsf.2014.01.002"" POLE_RECALCULATED-@REF Matthews_et_al_2016 @DOI""10.1016/j.gloplacha.2016.10.002""",3086
3086,1001,1001,340.0,21.01,-0.87,-131.25,1002,1002,False,"PKT1-PKT2  @REF Domeier_Torsvik_2014 @DOI""10.1016/j.gsf.2014.01.002"" POLE_RECALCULATED-@REF Matthews_et_al_2016 @DOI""10.1016/j.gloplacha.2016.10.002""",3087
3087,1001,1001,350.0,20.61,-1.45,-147.39,1002,1002,False,"PKT1-PKT2  @REF Domeier_Torsvik_2014 @DOI""10.1016/j.gsf.2014.01.002"" POLE_RECALCULATED-@REF Matthews_et_al_2016 @DOI""10.1016/j.gloplacha.2016.10.002""",3088
3088,1001,1001,360.0,20.92,-1.65,-177.35,1002,1002,False,"PKT1-PKT2  @REF Domeier_Torsvik_2014 @DOI""10.1016/j.gsf.2014.01.002"" POLE_RECALCULATED-@REF Matthews_et_al_2016 @DOI""10.1016/j.gloplacha.2016.10.002""",3089
3089,1001,1001,370.0,20.89,-1.67,-178.14,1002,1002,False,"PKT1-PKT2  @REF Domeier_Torsvik_2014 @DOI""10.1016/j.gsf.2014.01.002"" POLE_RECALCULATED-@REF Matthews_et_al_2016 @DOI""10.1016/j.gloplacha.2016.10.002""",3090
3090,1001,1001,380.0,20.48,-1.67,-166.12,1002,1002,False,"PKT1-PKT2 @REF Domeier_Torsvik_2014 @DOI""10.1016/j.gsf.2014.01.002""  POLE_RECALCULATED-@REF Matthews_et_al_2016 @DOI""10.1016/j.gloplacha.2016.10.002"" @xo_ys",3091
3091,1001,1001,380.0,35.33,30.86,-171.75,401,401,False,"PKT1-SIB Proto-Kazakhstania terrane 1-Siberia cross-over @REF Domeier_Torsvik_2014 @DOI""10.1016/j.gsf.2014.01.002"" POLE_RECALCULATED-@REF Matthews_et_al_2016 @DOI""10.1016/j.gloplacha.2016.10.002""",3092
3092,1001,1001,390.0,36.32,29.09,-173.93,401,401,False,"PKT1-SIB @REF Domeier_Torsvik_2014 @DOI""10.1016/j.gsf.2014.01.002"" POLE_RECALCULATED-@REF Matthews_et_al_2016 @DOI""10.1016/j.gloplacha.2016.10.002""",3093
3093,1001,1001,400.0,37.1,28.04,-174.5,401,401,False,"PKT1-SIB   @REF Domeier_Torsvik_2014 @DOI""10.1016/j.gsf.2014.01.002"" POLE_RECALCULATED-@REF Matthews_et_al_2016 @DOI""10.1016/j.gloplacha.2016.10.002""",3094
3094,1001,1001,410.0,38.21,26.44,-175.51,401,401,False,"PKT1-SIB @REF Domeier_Torsvik_2014 @DOI""10.1016/j.gsf.2014.01.002"" POLE_RECALCULATED-@REF Matthews_et_al_2016 @DOI""10.1016/j.gloplacha.2016.10.002""",3095
3095,1001,1001,1000.0,38.21,26.44,-175.51,401,401,False,PKT1-SIB Y18-- ajy implement,3096
3096,1002,1002,0.0,90.0,0.0,0.0,401,401,False,"PKT2-SIB Proto-Kazakhstania terrane 2-Siberia  @REF Domeier_Torsvik_2014 @DOI""10.1016/j.gsf.2014.01.002""",3097
3097,1002,1002,250.0,90.0,0.0,0.0,401,401,False,"PKT2-SIB  @REF Domeier_Torsvik_2014 @DOI""10.1016/j.gsf.2014.01.002""",3098
3098,1002,1002,310.0,27.92,-117.61,57.05,401,401,False,"PKT2-SIB @REF Domeier_Torsvik_2014 @DOI""10.1016/j.gsf.2014.01.002"" POLE_RECALCULATED-@REF Matthews_et_al_2016 @DOI""10.1016/j.gloplacha.2016.10.002""",3099
3099,1002,1002,320.0,40.47,-114.27,59.77,401,401,False,"PKT2-SIB @REF Domeier_Torsvik_2014 @DOI""10.1016/j.gsf.2014.01.002"" POLE_RECALCULATED-@REF Matthews_et_al_2016 @DOI""10.1016/j.gloplacha.2016.10.002""",3100
3100,1002,1002,330.0,48.53,-116.77,66.27,401,401,False,"PKT2-SIB @REF Domeier_Torsvik_2014 @DOI""10.1016/j.gsf.2014.01.002"" POLE_RECALCULATED-@REF Matthews_et_al_2016 @DOI""10.1016/j.gloplacha.2016.10.002""",3101
3101,1002,1002,340.0,67.48,-101.96,83.2,401,401,False,"PKT2-SIB  @REF Domeier_Torsvik_2014 @DOI""10.1016/j.gsf.2014.01.002"" POLE_RECALCULATED-@REF Matthews_et_al_2016 @DOI""10.1016/j.gloplacha.2016.10.002""",3102
3102,1002,1002,350.0,60.48,-108.17,77.01,401,401,False,"PKT2-SIB @REF Domeier_Torsvik_2014 @DOI""10.1016/j.gsf.2014.01.002"" POLE_RECALCULATED-@REF Matthews_et_al_2016 @DOI""10.1016/j.gloplacha.2016.10.002""",3103
3103,1002,1002,360.0,63.76,-103.12,72.73,401,401,False,"PKT2-SIB @REF Domeier_Torsvik_2014 @DOI""10.1016/j.gsf.2014.01.002"" POLE_RECALCULATED-@REF Matthews_et_al_2016 @DOI""10.1016/j.gloplacha.2016.10.002""",3104
3104,1002,1002,370.0,-53.5,66.84,-66.75,401,401,False,"PKT2-SIB  @REF Domeier_Torsvik_2014 @DOI""10.1016/j.gsf.2014.01.002"" POLE_RECALCULATED-@REF Matthews_et_al_2016 @DOI""10.1016/j.gloplacha.2016.10.002""",3105
3105,1002,1002,380.0,-42.95,62.74,-64.23,401,401,False,"PKT2-SIB @REF Domeier_Torsvik_2014 @DOI""10.1016/j.gsf.2014.01.002"" POLE_RECALCULATED-@REF Matthews_et_al_2016 @DOI""10.1016/j.gloplacha.2016.10.002""",3106
3106,1002,1002,410.0,-32.0552,61.4662,-59.3027,401,401,False,"PKT2-SIB @REF Domeier_Torsvik_2014 @DOI""10.1016/j.gsf.2014.01.002"" POLE_RECALCULATED-@REF Matthews_et_al_2016 @DOI""10.1016/j.gloplacha.2016.10.002""",3107
3107,1003,1003,250.0,44.27,121.05,7.62,601,601,False,"SQT-NCH South Qinling terrane-North China Platform  @REF Domeier_Torsvik_2014 @DOI""10.1016/j.gsf.2014.01.002""",3108
3108,1003,1003,310.0,44.27,121.05,7.62,601,601,False,"SQT-NCH  @REF Domeier_Torsvik_2014 @DOI""10.1016/j.gsf.2014.01.002""",3109
3109,1003,1003,320.0,36.48,114.97,37.89,601,601,False,"SQT-NCH  @REF Domeier_Torsvik_2014 @DOI""10.1016/j.gsf.2014.01.002""",3110
3110,1003,1003,330.0,40.49,116.66,62.93,601,601,False,"SQT-NCH  @REF Domeier_Torsvik_2014 @DOI""10.1016/j.gsf.2014.01.002""",3111
3111,1003,1003,340.0,36.5,120.25,126.31,601,601,False,"SQT-NCH  @REF Domeier_Torsvik_2014 @DOI""10.1016/j.gsf.2014.01.002"" @xo_ys",3112
3112,1003,1003,340.0,45.4344,134.5145,104.9345,602,602,False,"SQT-SCH South Qinling terrane-South China Platform  @REF Domeier_Torsvik_2014 @DOI""10.1016/j.gsf.2014.01.002""",3113
3113,1003,1003,410.0,-45.4344,-45.4855,-104.9345,602,602,False,"SQT-SCH @REF Domeier_Torsvik_2014 @DOI""10.1016/j.gsf.2014.01.002""",3114
3114,1005,1005,410.0,90.0,0.0,0.0,101,101,False,?unknown potential artefact to delete,3115
3115,1005,1005,700.0,-13.65,-17.12,-9.66,101,101,False,?unknown potential artefact to delete,3116
3116,1005,1005,900.0,90.0,0.0,0.0,101,101,False,?unknown potential artefact to delete,3117
3117,1005,1005,1010.0,90.0,0.0,0.0,101,101,False,?unknown potential artefact to delete,3118
3118,1007,1007,410.0,90.0,0.0,0.0,184,184,False,PVA-GAN Popelogan-Victoria arc-Ganderia Domeier 2016,3119
3119,1007,1007,435.0,-34.4482,14.0264,-128.287,184,184,False,PVA-GAN Domeier 2016,3120
3120,1007,1007,440.0,-36.5084,8.6408,-125.9,184,184,False,PVA-GAN Domeier 2016,3121
3121,1007,1007,450.0,-35.9933,9.7638,-125.395,184,184,False,PVA-GAN Domeier 2016,3122
3122,1007,1007,455.0,-35.9912,9.4299,-125.759,184,184,False,PVA-GAN Domeier 2016,3123
3123,1007,1007,460.0,-36.1653,9.5302,-125.633,184,184,False,PVA-GAN Domeier 2016,3124
3124,1007,1007,470.0,-38.3905,10.8509,-123.057,184,184,False,PVA-GAN Domeier 2016,3125
3125,1007,1007,480.0,-39.962,12.511800000000001,-120.982,184,184,False,PVA-GAN Domeier 2016,3126
3126,1007,1007,490.0,-41.5118,14.5654,-119.232,184,184,False,PVA-GAN Domeier 2016,3127
3127,1007,1007,500.0,90.0,0.0,0.0,184,184,False,PVA-GAN Domeier 2016,3128
3128,1007,1007,510.0,90.0,0.0,0.0,184,184,False,PVA-GAN Domeier 2016,3129
3129,1011,1011,0.0,-26.22,60.64,51.9,16104,16104,False,"SMI-YTT Slide Mountain isochrons-Yukon Tanana Terrane, @REF Matthews_et_al_2016 @DOI""10.1016/j.gloplacha.2016.10.002"" @Au SJNYY & KJM, @T 2015",3130
3130,1011,1011,250.0,-26.22,60.64,51.9,16104,16104,False,"Slide Mountain isochrons @REF Matthews_et_al_2016 @DOI""10.1016/j.gloplacha.2016.10.002""",3131
3131,1011,1011,270.0,-26.22,60.64,51.9,16104,16104,False,"Slide Mountain isochrons @REF Matthews_et_al_2016 @DOI""10.1016/j.gloplacha.2016.10.002""",3132
3132,1011,1011,270.0,-19.8353,12.6636,12.2315,101,101,False,"Slide @REF Matthews_et_al_2016 @DOI""10.1016/j.gloplacha.2016.10.002""",3133
3133,1011,1011,340.0,19.8353,-167.3364,-12.2315,101,101,False,"Slide @REF Matthews_et_al_2016 @DOI""10.1016/j.gloplacha.2016.10.002""",3134
3134,1018,1018,410.0,90.0,0.0,0.0,184,184,False,PBA-GAN Penobscot arc-Ganderia Domeier 2016,3135
3135,1018,1018,460.0,-27.7886,-3.418,-161.868,184,184,False,PBA-GAN	Domeier 2016,3136
3136,1018,1018,470.0,-27.7516,-3.13,-162.133,184,184,False,PBA-GAN	Domeier 2016,3137
3137,1018,1018,475.0,-28.0,-3.38,-161.91,184,184,False,PBA-GAN	Domeier 2016,3138
3138,1018,1018,480.0,-27.6788,-3.578,-162.75,184,184,False,PBA-GAN	Domeier 2016,3139
3139,1018,1018,485.0,-26.3569,-4.16,-163.94,184,184,False,PBA-GAN	Domeier 2016,3140
3140,1018,1018,490.0,-27.07,-3.94,-163.27,184,184,False,PBA-GAN	Domeier 2016,3141
3141,1018,1018,500.0,-28.22,-4.02,-162.18,184,184,False,PBA-GAN	Domeier 2016,3142
3142,1018,1018,510.0,-28.22,-4.02,-162.18,184,184,False,PBA-GAN	Domeier 2016,3143
3143,1019,1019,500.0,86.9184,-104.3988,-8.8053,101,101,False,ULR-LAU Uknown Laurentian Rift-Laurentia Mulder et al. (2020),3144
3144,1019,1019,590.0,90.0,0.0,0.0,101,101,False,ULR-LAU Mulder et al. (2020),3145
3145,1019,1019,600.0,90.0,0.0,0.0,101,101,False,ULR-LAU Mulder et al. (2020),3146
3146,1041,1041,0.0,90.0,0.0,0.0,101,101,False,ORPK-NAM OrphanBasin (Cret)-North America,3147
3147,1041,1041,120.0,90.0,0.0,0.0,101,101,False,"ORPK-NAM @REF Skogseid_2011, @Au NBM, @T 2015",3148
3148,1041,1041,144.0,46.12,-48.54,18.0,101,101,False,"ORPK-NAM @REF Skogseid_2011, @Au NBM, @T 2015",3149
3149,1041,1041,250.0,46.12,-48.54,18.0,101,101,False,"ORPK-NAM @REF Skogseid_2011, @Au NBM, @T 2015",3150
3150,1042,1042,0.0,90.0,0.0,0.0,1041,1041,False,ORPJ-NAM OrphanBasin (Jur)-North America,3151
3151,1042,1042,120.0,90.0,0.0,0.0,1041,1041,False,"ORPJ-NAM @REF Skogseid_2009, @Au NBM, @T 2015",3152
3152,1042,1042,144.0,90.0,0.0,0.0,1041,1041,False,"ORPJ-NAM @REF Skogseid_2009, @Au NBM, @T 2015",3153
3153,1042,1042,200.0,44.85,-50.55,10.0,1041,1041,False,"ORPJ-NAM @REF Skogseid_2009, @Au NBM, @T 2015",3154
3154,1042,1042,250.0,44.85,-50.55,10.0,1041,1041,False,"ORPJ-NAM @REF Skogseid_2009, @Au NBM, @T 2015",3155
3155,1043,1043,0.0,90.0,0.0,0.0,1042,1042,False,FLM-ORPJ Flemish Cap-Orphan Basin (Jur),3156
3156,1043,1043,120.0,90.0,0.0,0.0,1042,1042,False,"FLM-ORPJ @REF Skogseid_2009, @Au NBM, @T 2015",3157
3157,1043,1043,144.0,44.85,-50.55,2.0,1042,1042,False,"FLM-ORPJ @REF Skogseid_2009, @Au NBM, @T 2015",3158
3158,1043,1043,200.0,44.85,-50.55,10.0,1042,1042,False,"FLM-ORPJ @REF Skogseid_2009, @Au NBM, @T 2015",3159
3159,1043,1043,250.0,44.85,-50.55,10.0,1042,1042,False,"FLM-ORPJ @REF Skogseid_2009, @Au NBM, @T 2015",3160
3160,1044,1044,0.0,90.0,0.0,0.0,101,101,False,GBN-NAM GrandBanksNorth-North America,3161
3161,1044,1044,144.0,90.0,0.0,0.0,101,101,False,"GBN-NAM @REF Skogseid_2009, @Au NBM, @T 2015",3162
3162,1044,1044,200.0,44.85,-50.55,8.0,101,101,False,"GBN-NAM @REF Skogseid_2009, @Au NBM, @T 2015",3163
3163,1044,1044,250.0,44.85,-50.55,8.0,101,101,False,"GBN-NAM @REF Skogseid_2009, @Au NBM, @T 2015",3164
3164,1361,1361,0.0,90.0,0.0,0.0,101,101,False,JAB-NAM Jeanne d'Arc Basin-North America,3165
3165,1361,1361,144.0,90.0,0.0,0.0,101,101,False,JAB-NAM after Peron-Pinvidic et al. 2007,3166
3166,1361,1361,195.0,57.33,32.79,-0.55,101,101,False,"JAB-NAM @REF Skogseid_2009, @Au NBM, @T 2015",3167
3167,1361,1361,245.0,57.33,32.79,-0.6900000000000001,101,101,False,"JAB-NAM @REF Skogseid_2009, @Au NBM, @T 2015 @xo_ys",3168
3168,1361,1361,245.0,57.33,32.79,-0.6900000000000001,108,108,False,"JAB-AVA @REF Skogseid_2009, @Au NBM, @T 2015",3169
3169,1361,1361,250.0,57.33,32.79,-0.6900000000000001,108,108,False,"JAB-AVA @REF Skogseid_2009, @Au NBM, @T 2015",3170
3170,1614,1614,0.0,11.6466,72.6216,26.6751,16150,16150,False,"SBB-AXB Stikinia BAB isochrons-Alexander BAB isochron rotations, @REF Matthews_et_al_2016 @DOI""10.1016/j.gloplacha.2016.10.002"" @Au KJM, @T 2015",3171
3171,1614,1614,230.0,11.6466,72.6216,26.6751,16150,16150,False,"SBB-AXB @REF @REF Matthews_et_al_2016 @DOI""10.1016/j.gloplacha.2016.10.002"" @Au KJM, @T 2015 @xo_os",3172
3172,1614,1614,230.0,90.0,0.0,0.0,16104,16104,False,"SBB-YTT Stikinia BAB isochrons-Yukon-Tanana Terrane, @REF @REF Matthews_et_al_2016 @DOI""10.1016/j.gloplacha.2016.10.002"" @Au KJM, @T 2015",3173
3173,1614,1614,270.0,90.0,0.0,0.0,16104,16104,False,"SBB-YTT Stikinia BAB isochrons-Yukon-Tanana Terrane, @REF Matthews_et_al_2016 @DOI""10.1016/j.gloplacha.2016.10.002""",3174
3174,1731,1731,0.0,90.0,0.0,0.0,154,154,False,PUM-LPA Purcell Mountains-Laurentia Parautochthon,3175
3175,1731,1731,610.0,90.0,0.0,0.0,154,154,False,"PUM-LPA	@absage										   @REF Domeier_Torsvik_2014 @DOI""10.1016/j.gsf.2014.01.002""",3176
3176,1841,1841,0.0,90.0,0.0,0.0,184,184,False,GANC-GAN Ganderia North America-Ganderia,3177
3177,1841,1841,760.0,90.0,0.0,0.0,184,184,False,GANC-GAN,3178
3178,2000,2000,0.0,90.0,0.0,0.0,101,101,False,CAFS-NAM Fore arc sliver Central America - NAM,3179
3179,2000,2000,15.0,-15.04,84.51,8.76,101,101,False,"CAFS-NAM @REF Phipps Morgan_++_2008, @DOI""10.1016/j.epsl.2008.05.004"", @REF Boschman_++_2014, @DOI""10.1016/j.earscirev.2014.08.007""  @xo_ys",3180
3180,2000,2000,15.0,-4.15,-92.44,-6.5600000000000005,2035,2035,False,"CAFS-NAM @REF Boschman_++_2014, @DOI""10.1016/j.earscirev.2014.08.007""",3181
3181,2000,2000,250.0,-4.15,-92.44,-6.5600000000000005,2035,2035,False,"CAFS-NAM @REF Boschman_++_2014, @DOI""10.1016/j.earscirev.2014.08.007""",3182
3182,2001,2001,0.0,90.0,0.0,0.0,2024,2024,False,ECT-SC3 Eastern Cayman Trough - Southern Cuba III,3183
3183,2001,2001,6.3,-68.84,-50.09,0.8200000000000001,2024,2024,False,"ECT-SC3 @REF Leroy_++_2000, @DOI""10.1046/j.1365-246x.2000.00059.x"", @REF Boschman_++_2014, @DOI""10.1016/j.earscirev.2014.08.007""",3184
3184,2001,2001,11.0,-69.75,-55.09,1.53,2024,2024,False,"ECT-SC3 @REF Boschman_++_2014, @DOI""10.1016/j.earscirev.2014.08.007""",3185
3185,2001,2001,19.7,-69.2,-51.93,2.99,2024,2024,False,"ECT-SC3 @REF Boschman_++_2014, @DOI""10.1016/j.earscirev.2014.08.007""",3186
3186,2001,2001,26.2,-52.11,-62.14,4.12,2024,2024,False,"ECT-SC3 @REF Boschman_++_2014, @DOI""10.1016/j.earscirev.2014.08.007""",3187
3187,2001,2001,33.7,-36.02,-68.74,6.45,2024,2024,False,"ECT-SC3 @REF Boschman_++_2014, @DOI""10.1016/j.earscirev.2014.08.007""",3188
3188,2001,2001,42.8,-39.71,-67.37,8.05,2024,2024,False,"ECT-SC3 @REF Boschman_++_2014, @DOI""10.1016/j.earscirev.2014.08.007""",3189
3189,2001,2001,49.4,-42.54,-66.71,8.81,2024,2024,False,"ECT-SC3 @REF Boschman_++_2014, @DOI""10.1016/j.earscirev.2014.08.007""",3190
3190,2001,2001,250.0,-42.54,-66.71,8.81,2024,2024,False,"ECT-SC3 @REF Boschman_++_2014, @DOI""10.1016/j.earscirev.2014.08.007""",3191
3191,2004,2004,0.0,90.0,0.0,0.0,101,101,False,YCT-NAM Yucatan - NAM,3192
3192,2004,2004,130.0,90.0,0.0,0.0,101,101,False,"YCT-NAM @REF Pindell_Kennan_2009, @DOI""10.1144/SP328.1"", @REF Boschman_++_2014, @DOI""10.1016/j.earscirev.2014.08.007""",3193
3193,2004,2004,148.0,21.82,-83.42,-13.65,101,101,False,"YCT-NAM @REF Boschman_++_2014, @DOI""10.1016/j.earscirev.2014.08.007""",3194
3194,2004,2004,158.0,23.06,-84.62,-35.53,101,101,False,"YCT-NAM @REF Boschman_++_2014, @DOI""10.1016/j.earscirev.2014.08.007""",3195
3195,2004,2004,190.0,26.58,-84.36,-51.99,101,101,False,"YCT-NAM @REF Boschman_++_2014, @DOI""10.1016/j.earscirev.2014.08.007""",3196
3196,2004,2004,250.0,26.58,-84.36,-51.99,101,101,False,"YCT-NAM @REF Boschman_++_2014, @DOI""10.1016/j.earscirev.2014.08.007""",3197
3197,2005,2005,0.0,90.0,0.0,0.0,2047,2047,False,JAM-NNR Jamaica - North Nicaraguan Rise,3198
3198,2005,2005,250.0,90.0,0.0,0.0,2047,2047,False,"JAM-NNR @REF Boschman_++_2014, @DOI""10.1016/j.earscirev.2014.08.007""",3199
3199,2006,2006,0.0,90.0,0.0,0.0,2007,2007,False,SNH-CPI Southern Hispaniola (CLIP)- Caribbean plate interior,3200
3200,2006,2006,250.0,90.0,0.0,0.0,2007,2007,False,"SNH-CPI @REF Boschman_++_2014, @DOI""10.1016/j.earscirev.2014.08.007""",3201
3201,2007,2007,0.0,90.0,0.0,0.0,2001,2001,False,CPI-ECT Caribbean plate interior - Eastern Cayman Trough,3202
3202,2007,2007,49.4,90.0,0.0,0.0,2001,2001,False,"CPI-ECT @REF Boschman_++_2014, @DOI""10.1016/j.earscirev.2014.08.007""",3203
3203,2007,2007,70.0,30.11,-62.04,-16.52,2001,2001,False,"CPI-ECT @REF Boschman_++_2014, @DOI""10.1016/j.earscirev.2014.08.007"" @xo_ys",3204
3204,2007,2007,70.0,-39.6044,62.6877,8.2739,2047,2047,False,CPI-NNR Caribbean plate interior - North Nicaraguan Rise,3205
3205,2007,2007,136.0,-39.6044,62.6877,8.2739,2047,2047,False,"CPI-NNR @REF Boschman_++_2014, @DOI""10.1016/j.earscirev.2014.08.007""",3206
3206,2008,2008,0.0,90.0,0.0,0.0,2007,2007,False,AVR-CPI Aves ridge - Caribbean plate interior,3207
3207,2008,2008,250.0,90.0,0.0,0.0,2007,2007,False,"AVR-CPI @REF Boschman_++_2014, @DOI""10.1016/j.earscirev.2014.08.007""",3208
3208,2009,2009,0.0,90.0,0.0,0.0,2008,2008,False,GRB-AVR Grenada basin - Aves ridge,3209
3209,2009,2009,250.0,90.0,0.0,0.0,2008,2008,False,"GRB-AVR @REF Boschman_++_2014, @DOI""10.1016/j.earscirev.2014.08.007""",3210
3210,2010,2010,0.0,90.0,0.0,0.0,2009,2009,False,LAC-AVR Lesser Antilles Arc - Aves ridge,3211
3211,2010,2010,250.0,90.0,0.0,0.0,2009,2009,False,"LAC-AVR @REF Boschman_++_2014, @DOI""10.1016/j.earscirev.2014.08.007""",3212
3212,2011,2011,0.0,90.0,0.0,0.0,2010,2010,False,BAP-LAC Barbados accretionary prism - Lesser Antilles Arc,3213
3213,2011,2011,40.0,90.0,0.0,0.0,2010,2010,False,"BAP-LAC @REF Boschman_++_2014, @DOI""10.1016/j.earscirev.2014.08.007""",3214
3214,2011,2011,65.0,60.86,49.77,-2.05,2010,2010,False,"BAP-LAC @REF Boschman_++_2014, @DOI""10.1016/j.earscirev.2014.08.007""",3215
3215,2011,2011,250.0,60.86,49.77,-2.05,2010,2010,False,"BAP-LAC @REF Boschman_++_2014, @DOI""10.1016/j.earscirev.2014.08.007""",3216
3216,2013,2013,0.0,90.0,0.0,0.0,2007,2007,False,WPA-CPI Western Panama - Caribbean plate interior,3217
3217,2013,2013,71.0,90.0,0.0,0.0,2007,2007,False,"WPA-CPI @REF Boschman_++_2014, @DOI""10.1016/j.earscirev.2014.08.007""",3218
3218,2013,2013,250.0,90.0,0.0,0.0,2007,2007,False,"WPA-CPI @REF Boschman_++_2014, @DOI""10.1016/j.earscirev.2014.08.007""",3219
3219,2014,2014,0.0,90.0,0.0,0.0,2013,2013,False,CPA-WPA Central Panama - Western Panama,3220
3220,2014,2014,11.0,8.27,-81.87,-40.63,2013,2013,False,"CPA-WPA @REF Montes_++_2012 @DOI""10.1130/B30528.1"", @REF Boschman_++_2014, @DOI""10.1016/j.earscirev.2014.08.007""",3221
3221,2014,2014,33.7,-7.29,97.84,40.63,2013,2013,False,"CPA-WPA @REF Boschman_++_2014, @DOI""10.1016/j.earscirev.2014.08.007""",3222
3222,2014,2014,38.0,-7.85,98.06,49.26,2013,2013,False,"CPA-WPA @REF Boschman_++_2014, @DOI""10.1016/j.earscirev.2014.08.007""",3223
3223,2014,2014,135.0,-7.85,98.06,49.26,2013,2013,False,"CPA-WPA @REF Boschman_++_2014, @DOI""10.1016/j.earscirev.2014.08.007""",3224
3224,2015,2015,0.0,90.0,0.0,0.0,2014,2014,False,EPA-CPA Eastern Panama - Central Panama,3225
3225,2015,2015,28.0,9.53,-79.57,38.07,2014,2014,False,"EPA-CPA @REF Montes_++_2012 @DOI""10.1130/B30528.1"", @REF Boschman_++_2014, @DOI""10.1016/j.earscirev.2014.08.007""",3226
3226,2015,2015,38.0,9.43,-78.4,38.04,2014,2014,False,"EPA-CPA @REF Boschman_++_2014, @DOI""10.1016/j.earscirev.2014.08.007""",3227
3227,2015,2015,250.0,9.43,-78.4,38.04,2014,2014,False,"EPA-CPA @REF Boschman_++_2014, @DOI""10.1016/j.earscirev.2014.08.007""",3228
3228,2016,2016,0.0,90.0,0.0,0.0,2010,2010,False,TOBB-LAC Tobago basin - Lesser Antilles Arc,3229
3229,2016,2016,250.0,90.0,0.0,0.0,2010,2010,False,"TOBB-LAC @REF Boschman_++_2014, @DOI""10.1016/j.earscirev.2014.08.007""",3230
3230,2017,2017,0.0,90.0,0.0,0.0,2022,2022,False,NHIS-SC3 Northern Hispaniola - Southern Cuba III,3231
3231,2017,2017,8.0,-29.26,-69.98,1.3,2022,2022,False,"NHIS-SC3 @REF Rojas Agramonte_++_2005, Rojas Agramonte_++_2008, Calais_Mercier de Lepinay_1993, @REF Boschman_++_2014, @DOI""10.1016/j.earscirev.2014.08.007""",3232
3232,2017,2017,25.0,-44.08,-67.02,3.88,2022,2022,False,"NHIS-SC3 @REF Boschman_++_2014, @DOI""10.1016/j.earscirev.2014.08.007""",3233
3233,2017,2017,50.0,-55.9,-71.06,5.26,2022,2022,False,"NHIS-SC3 @REF Boschman_++_2014, @DOI""10.1016/j.earscirev.2014.08.007""",3234
3234,2017,2017,70.0,-55.9,-71.06,5.26,2022,2022,False,"NHIS-SC3 @REF Boschman_++_2014, @DOI""10.1016/j.earscirev.2014.08.007"" @xo_ys",3235
3235,2017,2017,70.0,43.66,-65.38,14.72,2007,2007,False,"NHIS-SC3 @REF Boschman_++_2014, @DOI""10.1016/j.earscirev.2014.08.007""",3236
3236,2017,2017,250.0,43.66,-65.38,14.72,2007,2007,False,"NHIS-SC3 @REF Boschman_++_2014, @DOI""10.1016/j.earscirev.2014.08.007""",3237
3237,2018,2018,0.0,90.0,0.0,0.0,2017,2017,False,CHS-NHS Central Hispaniola - Northern Hispaniola,3238
3238,2018,2018,250.0,90.0,0.0,0.0,2017,2017,False,"CHS-NHS @REF Boschman_++_2014, @DOI""10.1016/j.earscirev.2014.08.007""",3239
3239,2019,2019,0.0,90.0,0.0,0.0,2007,2007,False,ABC-CPI  ABC islands - Caribbean plate interior,3240
3240,2019,2019,50.0,75.86,78.05,4.87,2007,2007,False,"ABC-CPI @REF Boschman_++_2014, @DOI""10.1016/j.earscirev.2014.08.007""",3241
3241,2019,2019,65.0,14.01,-65.45,90.29,2007,2007,False,"ABC-CPI @REF Boschman_++_2014, @DOI""10.1016/j.earscirev.2014.08.007""",3242
3242,2019,2019,250.0,14.01,-65.45,90.29,2007,2007,False,"ABC-CPI @REF Boschman_++_2014, @DOI""10.1016/j.earscirev.2014.08.007""",3243
3243,2022,2022,0.0,90.0,0.0,0.0,101,101,False,SC1-NAM Southern Cuba I - North America,3244
3244,2022,2022,45.0,90.0,0.0,0.0,101,101,False,"SC1-NAM @REF Pindell_Kennan_2009, @REF Garcia-Casco_++_2008, @REF Boschman_++_2014, @DOI""10.1016/j.earscirev.2014.08.007""",3245
3245,2022,2022,49.4,-24.66,76.46,5.07,101,101,False,"SC1-NAM @REF Boschman_++_2014, @DOI""10.1016/j.earscirev.2014.08.007""",3246
3246,2022,2022,70.0,-1.79,-36.31,10.58,101,101,False,"SC1-NAM @REF Boschman_++_2014, @DOI""10.1016/j.earscirev.2014.08.007""",3247
3247,2022,2022,75.0,8.93,-59.55,23.9,101,101,False,"SC1-NAM @REF Boschman_++_2014, @DOI""10.1016/j.earscirev.2014.08.007""",3248
3248,2022,2022,80.0,-7.98,-21.7,12.65,101,101,False,"SC1-NAM @REF Boschman_++_2014, @DOI""10.1016/j.earscirev.2014.08.007""",3249
3249,2022,2022,84.0,-9.79,-17.16,13.68,101,101,False,"SC1-NAM @REF Boschman_++_2014, @DOI""10.1016/j.earscirev.2014.08.007""",3250
3250,2022,2022,100.0,25.34,-151.67,-19.34,101,101,False,"SC1-NAM @REF Boschman_++_2014, @DOI""10.1016/j.earscirev.2014.08.007""",3251
3251,2022,2022,120.0,32.01,-140.31,-25.31,101,101,False,"SC1-NAM @REF Boschman_++_2014, @DOI""10.1016/j.earscirev.2014.08.007""",3252
3252,2022,2022,135.0,-40.62,38.24,26.7,101,101,False,"SC1-NAM @REF Boschman_++_2014, @DOI""10.1016/j.earscirev.2014.08.007""",3253
3253,2022,2022,250.0,-40.62,38.24,26.7,101,101,False,"SC1-NAM @REF Boschman_++_2014, @DOI""10.1016/j.earscirev.2014.08.007""",3254
3254,2023,2023,0.0,90.0,0.0,0.0,2022,2022,False,SC2-SC1 Southern Cuba II- Southern Cuba I,3255
3255,2023,2023,40.0,90.0,0.0,0.0,2022,2022,False,"SC2-SC1 @REF Leroy_++_2000, @DOI""10.1046/j.1365-246x.2000.00059.x"", @REF Boschman_++_2014, @DOI""10.1016/j.earscirev.2014.08.007""",3256
3256,2023,2023,44.0,-53.24,-19.52,0.19,2022,2022,False,"SC2-SC1 @REF Boschman_++_2014, @DOI""10.1016/j.earscirev.2014.08.007""",3257
3257,2023,2023,250.0,-53.24,-19.52,0.19,2022,2022,False,"SC2-SC1 @REF Boschman_++_2014, @DOI""10.1016/j.earscirev.2014.08.007""",3258
3258,2024,2024,0.0,90.0,0.0,0.0,2023,2023,False,SC3-SC2 Southern Cuba III - Southern Cuba II,3259
3259,2024,2024,38.0,90.0,0.0,0.0,2023,2023,False,"SC3-SC2 @REF Leroy_++_2000, @DOI""10.1046/j.1365-246x.2000.00059.x"", @REF Boschman_++_2014, @DOI""10.1016/j.earscirev.2014.08.007""",3260
3260,2024,2024,40.0,-65.79,-39.99,0.15,2023,2023,False,"SC3-SC2 @REF Boschman_++_2014, @DOI""10.1016/j.earscirev.2014.08.007""",3261
3261,2024,2024,250.0,-65.79,-39.99,0.15,2023,2023,False,"SC3-SC2 @REF Boschman_++_2014, @DOI""10.1016/j.earscirev.2014.08.007""",3262
3262,2025,2025,0.0,90.0,0.0,0.0,101,101,False,NCU-NAM Northern Cuba - North America,3263
3263,2025,2025,250.0,90.0,0.0,0.0,101,101,False,"NCU-NAM @REF Boschman_++_2014, @DOI""10.1016/j.earscirev.2014.08.007""",3264
3264,2030,2030,0.0,90.0,0.0,0.0,201,201,False,NAB-SAM North Andes block (Greater Maracaibo) - South America,3265
3265,2030,2030,11.0,-1.52,-62.24,9.5,201,201,False,"NAB-SAM Ross and Scotese (1988), updated to Gradstein (2004),  Boschman et al. (2014)",3266
3266,2030,2030,250.0,-1.52,-62.24,9.5,201,201,False,"NAB-SAM @REF Boschman_++_2014, @DOI""10.1016/j.earscirev.2014.08.007""",3267
3267,2031,2031,0.0,90.0,0.0,0.0,2015,2015,False,GPA-EPA Greater Panama - Eastern Panama,3268
3268,2031,2031,28.0,7.78,-76.85,33.59,2015,2015,False,"GPA-EPA @REF Montes_++_2012 @DOI""10.1130/B30528.1"", @REF Boschman_++_2014, @DOI""10.1016/j.earscirev.2014.08.007""",3269
3269,2031,2031,38.0,7.52,-76.83,30.21,2015,2015,False,"GPA-EPA @REF Boschman_++_2014, @DOI""10.1016/j.earscirev.2014.08.007""",3270
3270,2031,2031,250.0,9.84,-77.19,40.48,2015,2015,False,"GPA-EPA @REF Boschman_++_2014, @DOI""10.1016/j.earscirev.2014.08.007""",3271
3271,2033,2033,0.0,90.0,0.0,0.0,201,201,False,NWAG-SAM Great Arc of NW Andes - South America,3272
3272,2033,2033,65.0,90.0,0.0,0.0,201,201,False,"NWAG-SAM @REF Boschman_++_2014, @DOI""10.1016/j.earscirev.2014.08.007""   @xo_ys",3273
3273,2033,2033,65.0,64.04,-87.06,16.89,2007,2007,False,"NWAG-CPI @REF Boschman_++_2014, @DOI""10.1016/j.earscirev.2014.08.007""",3274
3274,2033,2033,70.0,64.64,-85.45,17.1,2007,2007,False,"NWAG-CPI @REF Boschman_++_2014, @DOI""10.1016/j.earscirev.2014.08.007""",3275
3275,2033,2033,75.0,64.55,-85.35,17.06,2007,2007,False,"NWAG-CPI @REF Boschman_++_2014, @DOI""10.1016/j.earscirev.2014.08.007""",3276
3276,2033,2033,84.0,63.21,-85.45,16.43,2007,2007,False,"NWAG-CPI @REF Boschman_++_2014, @DOI""10.1016/j.earscirev.2014.08.007""",3277
3277,2033,2033,135.0,57.54,-89.94,14.66,2007,2007,False,"NWAG-CPI @REF Boschman_++_2014, @DOI""10.1016/j.earscirev.2014.08.007""",3278
3278,2033,2033,250.0,63.21,-85.45,16.43,2007,2007,False,"NWAG-CPI @REF Boschman_++_2014, @DOI""10.1016/j.earscirev.2014.08.007""",3279
3279,2034,2034,0.0,90.0,0.0,0.0,2033,2033,False,SAC-NWAG SAM CLIP material - Great Arc of NW Andes,3280
3280,2034,2034,250.0,90.0,0.0,0.0,2033,2033,False,"SAC-NWAG @REF Boschman_++_2014, @DOI""10.1016/j.earscirev.2014.08.007""",3281
3281,2035,2035,0.0,90.0,0.0,0.0,2007,2007,False,CHO-CPI Chortis - Caribbean plate interior,3282
3282,2035,2035,6.1,15.18,-85.45,-0.89,2007,2007,False,"CHO-CPI @REF Boschman_++_2014, @DOI""10.1016/j.earscirev.2014.08.007""",3283
3283,2035,2035,11.0,15.46,-84.22,-1.12,2007,2007,False,"CHO-CPI @REF Boschman_++_2014, @DOI""10.1016/j.earscirev.2014.08.007""",3284
3284,2035,2035,19.7,16.07,-87.34,-4.36,2007,2007,False,"CHO-CPI @REF Boschman_++_2014, @DOI""10.1016/j.earscirev.2014.08.007""",3285
3285,2035,2035,26.2,16.66,-85.52,-10.35,2007,2007,False,"CHO-CPI @REF Boschman_++_2014, @DOI""10.1016/j.earscirev.2014.08.007""",3286
3286,2035,2035,33.7,17.06,-84.29,-17.17,2007,2007,False,"CHO-CPI @REF Boschman_++_2014, @DOI""10.1016/j.earscirev.2014.08.007""",3287
3287,2035,2035,38.0,18.35,-85.32,-25.6,2007,2007,False,"CHO-CPI @REF Boschman_++_2014, @DOI""10.1016/j.earscirev.2014.08.007"" @xo_ys",3288
3288,2035,2035,38.0,-31.99,85.79,22.68,101,101,False,CHO-NAM Chortis - North America,3289
3289,2035,2035,49.4,-30.32,85.97,32.45,101,101,False,"CHO-NAM @REF Boschman_++_2014, @DOI""10.1016/j.earscirev.2014.08.007""",3290
3290,2035,2035,120.0,-30.32,85.97,32.45,101,101,False,"CHO-NAM @REF Boschman_++_2014, @DOI""10.1016/j.earscirev.2014.08.007"" @xo_ys",3291
3291,2035,2035,120.0,14.73,-88.77,-41.72,201,201,False,CHO-SAM Chortis - South America,3292
3292,2035,2035,156.0,-12.98,91.65,53.93,201,201,False,"CHO-SAM @REF Boschman_++_2014, @DOI""10.1016/j.earscirev.2014.08.007"" @xo_ys",3293
3293,2035,2035,156.0,-36.49,87.86,47.12,215,215,False,CHO-GUE Chortis - Guerrero,3294
3294,2035,2035,250.0,-36.49,87.86,47.12,215,215,False,"CHO-GUE @REF Boschman_++_2014, @DOI""10.1016/j.earscirev.2014.08.007""",3295
3295,2037,2037,0.0,90.0,0.0,0.0,2035,2035,False,ECHO-CHO Eastern Chortis terrane - Chortis,3296
3296,2037,2037,250.0,90.0,0.0,0.0,2035,2035,False,"ECHO-CHO @REF Boschman_++_2014, @DOI""10.1016/j.earscirev.2014.08.007""",3297
3297,2038,2038,0.0,90.0,0.0,0.0,2035,2035,False,OEC-CHO offshore Eastern Chortis - Chortis,3298
3298,2038,2038,11.0,13.04,-83.62,1.27,2035,2035,False,"OEC-CHO @REF Boschman_++_2014, @DOI""10.1016/j.earscirev.2014.08.007""",3299
3299,2038,2038,19.7,12.86,-89.48,2.29,2035,2035,False,"OEC-CHO @REF Boschman_++_2014, @DOI""10.1016/j.earscirev.2014.08.007""",3300
3300,2038,2038,26.2,14.94,-84.48,3.2,2035,2035,False,"OEC-CHO @REF Boschman_++_2014, @DOI""10.1016/j.earscirev.2014.08.007""",3301
3301,2038,2038,33.7,14.81,-86.09,4.96,2035,2035,False,"OEC-CHO @REF Boschman_++_2014, @DOI""10.1016/j.earscirev.2014.08.007""",3302
3302,2038,2038,42.8,16.77,-88.88,6.14,2035,2035,False,"OEC-CHO @REF Boschman_++_2014, @DOI""10.1016/j.earscirev.2014.08.007""",3303
3303,2038,2038,49.4,16.99,-88.26,7.59,2035,2035,False,"OEC-CHO @REF Boschman_++_2014, @DOI""10.1016/j.earscirev.2014.08.007""",3304
3304,2038,2038,70.0,16.99,-88.26,7.59,2035,2035,False,"OEC-CHO @REF Boschman_++_2014, @DOI""10.1016/j.earscirev.2014.08.007""",3305
3305,2038,2038,250.0,16.99,-88.26,7.59,2035,2035,False,"OEC-CHO @REF Boschman_++_2014, @DOI""10.1016/j.earscirev.2014.08.007""",3306
3306,2039,2039,0.0,90.0,0.0,0.0,2038,2038,False,SIE-OEC Siuna east - offshore Eastern Chortis,3307
3307,2039,2039,85.0,90.0,0.0,0.0,2038,2038,False,"SIE-OEC @REF Boschman_++_2014, @DOI""10.1016/j.earscirev.2014.08.007"" @xo_ys",3308
3308,2039,2039,85.0,29.01,-61.42,-28.81,2022,2022,False,"SIE-SC1 Siuna east - Southern Cuba I  @REF Boschman_++_2014, @DOI""10.1016/j.earscirev.2014.08.007""",3309
3309,2039,2039,250.0,29.01,-61.42,-28.81,2022,2022,False,"SIE-SC1 @REF Boschman_++_2014, @DOI""10.1016/j.earscirev.2014.08.007""",3310
3310,2040,2040,0.0,90.0,0.0,0.0,2035,2035,False,SIW-CHO Siuna west - Chortis,3311
3311,2040,2040,85.0,90.0,0.0,0.0,2035,2035,False,"SIW-CHO @REF Boschman_++_2014 @DOI""10.1016/j.earscirev.2014.08.007"" @xo_ys",3312
3312,2040,2040,85.0,28.28,-67.86,-35.72,2022,2022,False,"SIW-SC1 Siuna west - Southern Cuba I  @REF Boschman_++_2014 @DOI""10.1016/j.earscirev.2014.08.007""",3313
3313,2040,2040,250.0,28.28,-67.86,-35.72,2022,2022,False,"SIW-SC1 @REF Boschman_++_2014 @DOI""10.1016/j.earscirev.2014.08.007""",3314
3314,2041,2041,0.0,90.0,0.0,0.0,2030,2030,False,NNWA-NAB Northern CLIP material NW-Andes - Greater Maracaibo,3315
3315,2041,2041,20.0,90.0,0.0,0.0,2030,2030,False,"NNWA-NAB @REF Boschman_++_2014 @DOI""10.1016/j.earscirev.2014.08.007"" @xo_ys",3316
3316,2041,2041,20.0,-1.52,-62.24,9.5,2034,2034,False,"NNWA-SAC Northern CLIP material NW-Andes - Southern CLIP material NW Andes  @REF Boschman_++_2014 @DOI""10.1016/j.earscirev.2014.08.007""",3317
3317,2041,2041,250.0,-1.52,-62.24,9.5,2034,2034,False,"NNWA-SAC @REF Boschman_++_2014 @DOI""10.1016/j.earscirev.2014.08.007""",3318
3318,2045,2045,0.0,90.0,0.0,0.0,2017,2017,False,PUR-NHS Puerto Rico - Northern Hispaniola,3319
3319,2045,2045,11.0,16.6,-66.37,24.61,2017,2017,False,"PUR-NHS @REF Boschman_++_2014 @DOI""10.1016/j.earscirev.2014.08.007""",3320
3320,2045,2045,40.0,12.48,-66.98,24.1,2017,2017,False,"PUR-NHS @REF Boschman_++_2014 @DOI""10.1016/j.earscirev.2014.08.007""",3321
3321,2045,2045,250.0,12.48,-66.98,24.1,2017,2017,False,"PUR-NHS @REF Boschman_++_2014 @DOI""10.1016/j.earscirev.2014.08.007""",3322
3322,2046,2046,0.0,90.0,0.0,0.0,2010,2010,False,TOA-LAC Tobago - Lesser Antilles Arc,3323
3323,2046,2046,40.0,90.0,0.0,0.0,2010,2010,False,"TOA-LAC @REF Boschman_++_2014 @DOI""10.1016/j.earscirev.2014.08.007""",3324
3324,2046,2046,50.0,61.58,50.45,-0.85,2010,2010,False,"TOA-LAC @REF Boschman_++_2014 @DOI""10.1016/j.earscirev.2014.08.007""",3325
3325,2046,2046,65.0,-10.38,117.84,-75.18,2010,2010,False,"TOA-LAC @REF Boschman_++_2014 @DOI""10.1016/j.earscirev.2014.08.007""",3326
3326,2046,2046,250.0,-10.38,117.84,-75.18,2010,2010,False,"TOA-LAC @REF Boschman_++_2014 @DOI""10.1016/j.earscirev.2014.08.007""",3327
3327,2047,2047,0.0,90.0,0.0,0.0,2035,2035,False,NNR-CHO North Nicaraguan rise - Chortis,3328
3328,2047,2047,6.1,15.89,-80.88,1.6800000000000002,2035,2035,False,"NNR-CHO @REF Boschman_++_2014 @DOI""10.1016/j.earscirev.2014.08.007""",3329
3329,2047,2047,11.0,15.25,-80.7,1.92,2035,2035,False,"NNR-CHO @REF Boschman_++_2014 @DOI""10.1016/j.earscirev.2014.08.007""",3330
3330,2047,2047,19.7,15.57,-84.24,6.08,2035,2035,False,"NNR-CHO @REF Boschman_++_2014 @DOI""10.1016/j.earscirev.2014.08.007""",3331
3331,2047,2047,26.2,16.98,-82.59,13.97,2035,2035,False,"NNR-CHO @REF Boschman_++_2014 @DOI""10.1016/j.earscirev.2014.08.007""",3332
3332,2047,2047,33.7,16.63,-83.03,18.04,2035,2035,False,"NNR-CHO @REF Boschman_++_2014 @DOI""10.1016/j.earscirev.2014.08.007""",3333
3333,2047,2047,42.8,14.51,-83.42,27.55,2035,2035,False,"NNR-CHO @REF Boschman_++_2014 @DOI""10.1016/j.earscirev.2014.08.007""",3334
3334,2047,2047,49.4,14.29,-83.36,32.23,2035,2035,False,"NNR-CHO @REF Boschman_++_2014 @DOI""10.1016/j.earscirev.2014.08.007"" @xo_ys",3335
3335,2047,2047,49.4,-64.0705,-51.1214,10.4297,101,101,False,NNR-NAM North Nicaraguan Rise - North America,3336
3336,2047,2047,70.0,-64.0705,-51.1214,10.4297,101,101,False,"NNR-NAM @REF Boschman_++_2014 @DOI""10.1016/j.earscirev.2014.08.007""",3337
3337,2047,2047,80.0,-60.248,-15.3642,12.2594,101,101,False,"NNR-NAM @REF Boschman_++_2014 @DOI""10.1016/j.earscirev.2014.08.007"" @xo_ys",3338
3338,2047,2047,80.0,54.0136,-18.1411,-11.0024,2022,2022,False,"NNR-SC1 North Nicaraguan Rise - Southern Cuba I  @REF Boschman_++_2014 @DOI""10.1016/j.earscirev.2014.08.007""",3339
3339,2047,2047,250.0,54.0136,-18.1411,-11.0024,2022,2022,False,"NNR-SC1 @REF Boschman_++_2014 @DOI""10.1016/j.earscirev.2014.08.007""",3340
3340,2048,2048,0.0,90.0,0.0,0.0,2007,2007,False,SNR-CPI South Nicaraguan rise - Caribbean plate interior,3341
3341,2048,2048,30.0,90.0,0.0,0.0,2007,2007,False,"SNR-CPI @REF Boschman_++_2014 @DOI""10.1016/j.earscirev.2014.08.007""",3342
3342,2048,2048,49.4,-62.8,52.03,1.77,2007,2007,False,"SNR-CPI @REF Boschman_++_2014 @DOI""10.1016/j.earscirev.2014.08.007""",3343
3343,2048,2048,135.0,-62.8,52.03,1.77,2007,2007,False,"SNR-CPI @REF Boschman_++_2014 @DOI""10.1016/j.earscirev.2014.08.007"" @xo_ys",3344
3344,2048,2048,135.0,-50.7,60.4,41.38,101,101,False,"SNR-NAM South Nicaraguan rise - North America  @REF Boschman_++_2014 @DOI""10.1016/j.earscirev.2014.08.007""",3345
3345,2048,2048,250.0,50.7,-119.6,-41.38,101,101,False,"SNR-NAM @REF Boschman_++_2014 @DOI""10.1016/j.earscirev.2014.08.007""",3346
3346,2049,2049,0.0,90.0,0.0,0.0,2004,2004,False,CBA-YCT Caribeana - Yucatan,3347
3347,2049,2049,115.0,90.0,0.0,0.0,2004,2004,False,"CBA-YCT @REF Boschman_++_2014 @DOI""10.1016/j.earscirev.2014.08.007""",3348
3348,2049,2049,158.0,17.16,-87.6,54.57,2004,2004,False,"CBA-YCT @REF Boschman_++_2014 @DOI""10.1016/j.earscirev.2014.08.007""",3349
3349,2049,2049,180.0,17.12,-87.97,71.63,2004,2004,False,"CBA-YCT @REF Boschman_++_2014 @DOI""10.1016/j.earscirev.2014.08.007""",3350
3350,2049,2049,250.0,16.82,-87.99,78.73,2004,2004,False,"CBA-YCT @REF Boschman_++_2014 @DOI""10.1016/j.earscirev.2014.08.007""",3351
3351,2050,2050,0.0,90.0,0.0,0.0,2022,2022,False,YCB-SC1 Yucatan basin - Southern Cuba I,3352
3352,2050,2050,70.0,90.0,0.0,0.0,2022,2022,False,"YCB-SC1 @REF Boschman_++_2014 @DOI""10.1016/j.earscirev.2014.08.007""",3353
3353,2051,2051,0.0,90.0,0.0,0.0,2010,2010,False,IMG-LAC Isla Margarita - Lesser Antilles Arc,3354
3354,2051,2051,50.0,-71.08,-7.66,-1.32,2010,2010,False,"IMG-LAC @REF Boschman_++_2014 @DOI""10.1016/j.earscirev.2014.08.007""",3355
3355,2051,2051,65.0,11.81,-63.7,90.38,2010,2010,False,"IMG-LAC @REF Boschman_++_2014 @DOI""10.1016/j.earscirev.2014.08.007""",3356
3356,2051,2051,250.0,11.81,-63.7,90.38,2010,2010,False,"IMG-LAC @REF Boschman_++_2014 @DOI""10.1016/j.earscirev.2014.08.007""",3357
3357,2052,2052,0.0,90.0,0.0,0.0,2024,2024,False,MAY-BOC Mayari-Baracoa ophiolite complex,3358
3358,2052,2052,70.0,90.0,0.0,0.0,2024,2024,False,"MAY-BOC @REF Boschman_++_2014 @DOI""10.1016/j.earscirev.2014.08.007"" @xo_ys",3359
3359,2052,2052,70.0,55.0827,106.5385,4.9534,2017,2017,False,"MAY-NHS Mayari-Northern Hispaniola @REF Boschman_++_2014 @DOI""10.1016/j.earscirev.2014.08.007""",3360
3360,2052,2052,77.0,-55.0827,-73.4615,-4.9534,2017,2017,False,"MAY-NHS @REF Boschman_++_2014 @DOI""10.1016/j.earscirev.2014.08.007""",3361
3361,2053,2053,0.0,90.0,0.0,0.0,2048,2048,False,EJC-SNR East Jamaica CLIP - South Nicaraguan Rise,3362
3362,2053,2053,72.0,90.0,0.0,0.0,2048,2048,False,"EJC-SNR @REF Boschman_++_2014 @DOI""10.1016/j.earscirev.2014.08.007"" @xo_ys",3363
3363,2053,2053,72.0,-1.33,-63.63,18.55,2039,2039,False,"EJC-SIE East Jamaica CLIP - Siuna East @REF Boschman_++_2014 @DOI""10.1016/j.earscirev.2014.08.007""",3364
3364,2053,2053,76.0,-1.33,-63.63,18.55,2039,2039,False,"EJC-SIE @REF Boschman_++_2014 @DOI""10.1016/j.earscirev.2014.08.007"" @xo_ys",3365
3365,2053,2053,76.0,-19.1853,41.9289,-1.5173999999999999,2048,2048,False,"EJC-SNR East Jamaica CLIP - South Nicaraguan Rise @REF Boschman_++_2014 @DOI""10.1016/j.earscirev.2014.08.007""",3366
3366,2053,2053,250.0,-19.1853,41.9289,-1.5173999999999999,2048,2048,False,"EJC-SNR @REF Boschman_++_2014 @DOI""10.1016/j.earscirev.2014.08.007""",3367
3367,2881,2881,0.0,90.0,0.0,0.0,28800,28800,False,SJUB-DMB San Julian Block-Deseado Massif Block,3368
3368,2881,2881,125.0,90.0,0.0,0.0,28800,28800,False,"SJUB-DMB @REF Heine_++_2013 @DOI""10.5194/se-4-215-2013"" @AU""CHHEI;ALY""  @T""2012-01-04"" @absage",3369
3369,2881,2881,145.0,90.0,0.0,0.0,28800,28800,False,"SJUB-DMB @REF Heine_++_2013 @DOI""10.5194/se-4-215-2013"" @AU""CHHEI;ALY""  @T""2012-01-04"" @absage",3370
3370,2881,2881,250.0,90.0,0.0,0.0,28800,28800,False,SJUB-DMB San Julian Block-Deseado Massif Block  Heine et al. 2013,3371
3371,2881,2881,410.0,90.0,0.0,0.0,28800,28800,False,SJUB-DMB San Julian Block-Deseado Massif Block  Heine et al. 2013,3372
3372,2881,2881,600.0,90.0,0.0,0.0,28800,28800,False,SJUB-DMB,3373
3373,2881,2881,610.0,90.0,0.0,0.0,28800,28800,False,SJUB-DMB,3374
3374,2891,2891,0.0,90.0,0.0,0.0,28900,28900,False,NFB-FIM North Falkland Block-Falkland Islands/Malvinas Microplate,3375
3375,2891,2891,140.0,90.0,0.0,0.0,28900,28900,False,"NFB-FIM @REF Heine_++_2013 @DOI""10.5194/se-4-215-2013"" @AU""CHHEI;ALY"" @T""2012-01-04"" @absage",3376
3376,2891,2891,155.0,-47.39,-62.07,-5.0,28900,28900,False,"NFB-FIM @REF Heine_++_2013 @DOI""10.5194/se-4-215-2013"" @AU""CHHEI;ALY"" @T""2012-01-04"" @absage",3377
3377,2891,2891,610.0,-47.39,-62.07,-5.0,28900,28900,False,NFB-FIM,3378
3378,2901,2901,0.0,90.0,0.0,0.0,290,290,False,PMP-SSP Pampean Terrane-Salado Subplate,3379
3379,2901,2901,410.0,90.0,0.0,0.0,290,290,False,"PMP-SSP @REF Heine_++_2013 @DOI""10.5194/se-4-215-2013"" @AU""CHHEI;ALY""  @T""2012-01-06"" @absage",3380
3380,2901,2901,410.0,-33.02,-60.52,8.5,22041,22041,False,PMP-RDLP Pampean Terrane-Rio de la Plata (NB I think combined Pampean terrane),3381
3381,2901,2901,1000.0,90.0,0.0,0.0,22041,22041,False,PMP-RDLP (NB obsolete for older times?),3382
3382,2901,2901,1010.0,90.0,0.0,0.0,22041,22041,False,PMP-RDLP (NB obsolete for older times?),3383
3383,3002,3002,410.0,90.0,0.0,0.0,302,302,False,"VHS-BAL Valhalla orogeny stepback-Baltica @REF Merdith_++_2021 @DOI""10.1016/j.earscirev.2020.103477""",3384
3384,3002,3002,560.0,-27.31,94.85,2.7199999999999998,302,302,False,"VHS-BAL @REF Merdith_++_2021 @DOI""10.1016/j.earscirev.2020.103477""",3385
3385,3002,3002,660.0,22.46,-89.51,9.57,302,302,False,"VHS-BAL @REF Merdith_++_2021 @DOI""10.1016/j.earscirev.2020.103477""",3386
3386,3002,3002,800.0,22.46,-89.51,9.57,302,302,False,"VHS-BAL @REF Merdith_++_2021 @DOI""10.1016/j.earscirev.2020.103477""",3387
3387,3002,3002,1000.0,90.0,0.0,0.0,302,302,False,"VHS-BAL @REF Merdith_++_2021 @DOI""10.1016/j.earscirev.2020.103477""",3388
3388,3002,3002,1010.0,90.0,0.0,0.0,302,302,False,"VHS-BAL @REF Merdith_++_2021 @DOI""10.1016/j.earscirev.2020.103477""",3389
3389,3003,3003,410.0,90.0,0.0,0.0,98040,98040,False,"Oceanic plate subducting under Baltica-Mirovoi Triple Junction @REF Merdith_++_2021 @DOI""10.1016/j.earscirev.2020.103477""",3390
3390,3003,3003,585.0,-66.354,121.9719,38.2998,98040,98040,False,"Oceanic plate subducting under Baltica-Mirovoi Triple Junction @REF Merdith_++_2021 @DOI""10.1016/j.earscirev.2020.103477""",3391
3391,3003,3003,720.0,34.6569,-146.917,82.0,98040,98040,False,"Oceanic plate subducting under Baltica-Mirovoi Triple Junction @REF Merdith_++_2021 @DOI""10.1016/j.earscirev.2020.103477""",3392
3392,3003,3003,1000.0,90.0,0.0,0.0,98040,98040,False,"Oceanic plate subducting under Baltica-Mirovoi Triple Junction @REF Merdith_++_2021 @DOI""10.1016/j.earscirev.2020.103477""",3393
3393,3003,3003,1010.0,90.0,0.0,0.0,98040,98040,False,"Oceanic plate subducting under Baltica-Mirovoi Triple Junction @REF Merdith_++_2021 @DOI""10.1016/j.earscirev.2020.103477""",3394
3394,3021,3021,0.0,-41.79,49.31,64.69,16150,16150,False,"AXB1-AXB Alexander BAB isochron rotations 1-Alexander BAB isochron rotations, @REF @REF Matthews_et_al_2016 @DOI""10.1016/j.gloplacha.2016.10.002"" @Au KJM & SZ, @T 2015",3395
3395,3021,3021,230.0,-41.79,49.31,64.69,16150,16150,False,"AXB1-AXB @REF @REF Matthews_et_al_2016 @DOI""10.1016/j.gloplacha.2016.10.002"" @Au KJM & SZ, @T 2015 @xo_os",3396
3396,3021,3021,230.0,-26.6,60.18,75.72,16111,16111,False,"AXB1-ALX Alexander BAB isochron rotations 1-Alexander terrane, @REF @REF Matthews_et_al_2016 @DOI""10.1016/j.gloplacha.2016.10.002"" @Au KJM & SZ, @T 2015",3397
3397,3021,3021,250.0,-26.6,60.18,75.72,16111,16111,False,"AXB1-ALX @REF @REF Matthews_et_al_2016 @DOI""10.1016/j.gloplacha.2016.10.002""",3398
3398,3021,3021,270.0,-24.8682,59.4022,76.9183,16111,16111,False,"AXB1-ALX Alexander BAB isochron rotations 1-Alexander terrane, @REF Matthews_et_al_2016 @DOI""10.1016/j.gloplacha.2016.10.002""",3399
3399,3021,3021,270.0,3.5674,-148.8262,-8.0335,302,302,False,"AXB1-BAL Alexander BAB isochron rotations 1-Baltica, @REF Matthews_et_al_2016 @DOI""10.1016/j.gloplacha.2016.10.002""",3400
3400,3021,3021,375.0,3.5674,-148.8262,-8.0335,302,302,False,"AXB1-BAL Alexander BAB isochron rotations 1-Baltica, @REF Matthews_et_al_2016 @DOI""10.1016/j.gloplacha.2016.10.002""",3401
3401,3031,3031,0.0,90.0,0.0,0.0,3115,3115,False,SCO-GBR Scotland-Great Britain,3402
3402,3031,3031,140.0,90.0,0.0,0.0,3115,3115,False,SCO-GBR Cessation of rifting in the North Sea @REF Barnett-Moore_++_(in review),3403
3403,3031,3031,200.0,57.92,-12.21,-2.99,3115,3115,False,SCO-GBR Scotland - EUR Viking Graben / Moray Firth restoration @REF Barnett-Moore_++_(in review),3404
3404,3031,3031,250.0,57.92,-12.21,-2.99,3115,3115,False,SCO-GBR @REF Barnett-Moore_++_(in review),3405
3405,3041,3041,0.0,90.0,0.0,0.0,304,304,False,OMZ-IBR Ossa-Morena Zone-Iberia,3406
3406,3041,3041,250.0,90.0,0.0,0.0,304,304,False,OMZ-IBR Ossa-Morena Zone-Iberia,3407
3407,3041,3041,410.0,90.0,0.0,0.0,304,304,False,OMZ-IBR Ossa-Morena Zone-Iberia,3408
3408,3041,3041,410.0,38.6924,-3.6678,-22.2115,714,714,False,IOMZ-NWA	Ossa-Morena Zone-North West Africa --Young et al. (submitted),3409
3409,3041,3041,750.0,38.6924,-3.6678,-22.2115,714,714,False,IOMZ-NWA	Ossa-Morena Zone-North West Africa --Young et al. (submitted),3410
3410,3041,3041,760.0,38.6924,-3.6678,-22.2115,714,714,False,IOMZ-NWA	Ossa-Morena Zone-North West Africa --Young et al. (submitted),3411
3411,3051,3051,0.0,90.0,0.0,0.0,305,305,False,SCEU-NWA Central Europe (South Armorica and Moldanubia)-North West Africa --Young et al. (submitted),3412
3412,3051,3051,250.0,90.0,0.0,0.0,305,305,False,SCEU-NWA Central Europe (South Armorica and Moldanubia)-North West Africa --Young et al. (submitted),3413
3413,3051,3051,410.0,90.0,0.0,0.0,305,305,False,SCEU-NWA Central Europe (South Armorica and Moldanubia)-North West Africa --Young et al. (submitted),3414
3414,3051,3051,410.0,49.6861,-2.7803,62.9448,714,714,False,SCEU-NWA Central Europe (South Armorica and Moldanubia)-North West Africa --Young et al. (submitted),3415
3415,3051,3051,810.0,49.6861,-2.7803,62.9448,714,714,False,SCEU-NWA Central Europe (South Armorica and Moldanubia)-North West Africa --Young et al. (submitted),3416
3416,3061,3061,0.0,90.0,0.0,0.0,306,306,False,SCOR-COR South Corsica-Corsica,3417
3417,3061,3061,19.0,90.0,0.0,0.0,306,306,False,"SCOR-COR @REF Schettino_Turco_2006 @DOI""10.1111/j.1365-246X.2006.02997.x""",3418
3418,3061,3061,33.1,52.18,-14.62,2.45,306,306,False,"SCOR-COR @REF Schettino_Turco_2006 @DOI""10.1111/j.1365-246X.2006.02997.x""",3419
3419,3061,3061,610.0,52.18,-14.62,2.45,306,306,False,SCOR-COR,3420
3420,3062,3062,0.0,90.0,0.0,0.0,3063,3063,False,SSAR-NSAR South Sardinia-North Sardinia,3421
3421,3062,3062,23.4,90.0,0.0,0.0,3063,3063,False,"SSAR-NSAR @REF Schettino_Turco_2006 @DOI""10.1111/j.1365-246X.2006.02997.x""",3422
3422,3062,3062,33.1,62.3,-50.82,1.29,3063,3063,False,"SSAR-NSAR @REF Schettino_Turco_2006 @DOI""10.1111/j.1365-246X.2006.02997.x""",3423
3423,3062,3062,610.0,62.3,-50.82,1.29,3063,3063,False,SSAR-NSAR,3424
3424,3063,3063,0.0,90.0,0.0,0.0,304,304,False,NSAR-IBR North Sardinia-Iberia,3425
3425,3063,3063,19.0,90.0,0.0,0.0,304,304,False,"NSAR-IBR @REF Schettino_Turco_2006 @DOI""10.1111/j.1365-246X.2006.02997.x""",3426
3426,3063,3063,33.1,47.38,12.58,-25.96,304,304,False,"NSAR-IBR @REF Schettino_Turco_2006 @DOI""10.1111/j.1365-246X.2006.02997.x""",3427
3427,3063,3063,610.0,47.38,12.58,-25.96,304,304,False,NSAR-IBR,3428
3428,3115,3115,0.0,90.0,0.0,0.0,301,301,False,GBR-EUR Great Britain - Eurasia,3429
3429,3115,3115,140.0,90.0,0.0,0.0,301,301,False,GBR-EUR @REF Barnett-Moore_++_(in review),3430
3430,3115,3115,200.0,43.5,-0.6000000000000001,-1.5,301,301,False,GBR-EUR @REF Barnett-Moore_++_(in review),3431
3431,3115,3115,250.0,43.5,-0.6000000000000001,-1.5,301,301,False,GBR-EUR,3432
3432,3151,3151,500.0,90.0,0.0,0.0,315,315,False,"Oceanic plate subducting under Avalonia @REF Merdith_++_2021 @DOI""10.1016/j.earscirev.2020.103477""",3433
3433,3151,3151,610.0,90.0,0.0,0.0,315,315,False,"Oceanic plate subducting under Avalonia @REF Merdith_++_2021 @DOI""10.1016/j.earscirev.2020.103477""",3434
3434,3171,3171,0.0,90.0,0.0,0.0,301,301,False,PORB-EUR Porcupine-Eurasia,3435
3435,3171,3171,140.0,90.0,0.0,0.0,301,301,False,PORB-EUR @REF Barnett-Moore_++_(in review),3436
3436,3171,3171,200.0,54.9,-13.18,13.61,301,301,False,PORB-EUR @REF Barnett-Moore_++_(in review),3437
3437,3171,3171,250.0,53.87,-12.73,20.47,301,301,False,PORB-EUR,3438
3438,3181,3181,0.0,90.0,0.0,0.0,301,301,False,RKLB-EUR Rockall Basin-Eurasia,3439
3439,3181,3181,120.0,90.0,0.0,0.0,301,301,False,RKLB-EUR Barnett-Moore_++_(in review) @xo_ys,3440
3440,3181,3181,120.0,48.16,121.62,-12.71,102,102,False,RKLB-GRN Barnett-Moore_++_(in review),3441
3441,3181,3181,250.0,48.16,121.62,-12.71,102,102,False,RKLB-GRN,3442
3442,3201,3201,0.0,90.0,0.0,0.0,304,304,False,MEN-IBR Menorca-Iberia,3443
3443,3201,3201,28.0,90.0,0.0,0.0,304,304,False,"MEN-IBR @REF Schettino_Turco_2006 @DOI""10.1111/j.1365-246X.2006.02997.x""",3444
3444,3201,3201,33.1,34.04,-3.39,6.8,304,304,False,"MEN-IBR @REF Schettino_Turco_2006 @DOI""10.1111/j.1365-246X.2006.02997.x""",3445
3445,3201,3201,610.0,34.04,-3.39,6.8,304,304,False,MEN-IBR,3446
3446,3202,3202,0.0,90.0,0.0,0.0,304,304,False,MAL-IBR Mallorca-Iberia,3447
3447,3202,3202,28.0,90.0,0.0,0.0,304,304,False,"MAL-IBR @REF Schettino_Turco_2006 @DOI""10.1111/j.1365-246X.2006.02997.x""",3448
3448,3202,3202,33.1,34.04,-3.39,6.1,304,304,False,"MAL-IBR @REF Schettino_Turco_2006 @DOI""10.1111/j.1365-246X.2006.02997.x""",3449
3449,3202,3202,600.0,34.04,-3.39,6.1,304,304,False,MAL-IBR,3450
3450,3202,3202,610.0,34.04,-3.39,6.1,304,304,False,MAL-IBR,3451
3451,3203,3203,0.0,90.0,0.0,0.0,304,304,False,IBZ-IBR Ibiza-Iberia,3452
3452,3203,3203,28.0,90.0,0.0,0.0,304,304,False,"IBZ-IBR @REF Schettino_Turco_2006 @DOI""10.1111/j.1365-246X.2006.02997.x""",3453
3453,3203,3203,33.1,24.29,-18.04,0.93,304,304,False,"IBZ-IBR @REF Schettino_Turco_2006 @DOI""10.1111/j.1365-246X.2006.02997.x""",3454
3454,3203,3203,610.0,24.29,-18.04,0.93,304,304,False,IBZ-IBR,3455
3455,3222,3222,0.0,90.0,0.0,0.0,3062,3062,False,STP-SSR South Tyrrhenian Block-Southern Sardinia,3456
3456,3222,3222,610.0,90.0,0.0,0.0,3062,3062,False,STP-SSR,3457
3457,3223,3223,0.0,90.0,0.0,0.0,3062,3062,False,SCH-SSR Sardinian Channel-Southern Sardinia,3458
3458,3223,3223,610.0,90.0,0.0,0.0,3062,3062,False,SCH-SSR,3459
3459,3307,3307,0.0,90.0,0.0,0.0,715,715,False,APU-EUR Apulia-Eurasia,3460
3460,3307,3307,200.0,90.0,0.0,0.0,715,715,False,"APU-AFR @REF Schettino_Turco_2011 @DOI""10.1130/B30064.1"" @xo_ys",3461
3461,3307,3307,200.0,49.67,-0.9500000000000001,-64.71,301,301,False,"APU-EUR @REF Hosseinpour_++_(in review); based on @REF Schettino_Turco_2011 @DOI""10.1130/B30064.1"" @Au MH @T 26012014",3462
3462,3307,3307,320.0,49.67,-0.9500000000000001,-64.71,301,301,False,"APU-EUR Schettino and Turco, 2011 @xo_ys",3463
3463,3307,3307,320.0,0.38730000000000003,-5.7324,1.1669,715,715,False,APU-NEA Apulia-Northeast Africa,3464
3464,3307,3307,410.0,0.38730000000000003,-5.7324,1.1669,715,715,False,APU-NEA Apulia-Northeast Africa,3465
3465,3307,3307,410.0,49.2387,-2.4536,-64.7779,3051,3051,False,APU-SCEU Apulia Central Europe (South Armorica and Moldanubia),3466
3466,3307,3307,810.0,49.2387,-2.4536,-64.7779,3051,3051,False,APU-SCEU,3467
3467,3323,3323,0.0,90.0,0.0,0.0,3307,3307,False,PNO-APU Pnormide Platform-Apulia,3468
3468,3323,3323,610.0,90.0,0.0,0.0,3307,3307,False,PNO-APU,3469
3469,3446,3446,0.0,90.0,0.0,0.0,346,346,False,GRC-PEL Greece-Peloponnese  @Au KTM & KJM @T 2014,3470
3470,3446,3446,610.0,90.0,0.0,0.0,346,346,False,GRC-PEL,3471
3471,4011,4011,0.0,14.5971,63.0592,168.417,430,430,False,MOKI-AMU Mongol-Okhotsk isochron,3472
3472,4011,4011,250.0,36.3748,88.0903,134.98,9009,9009,False,Mongol-Okhotsk isochron SIB side,3473
3473,4011,4011,250.0,90.0,0.0,0.0,430,430,False,MOKI-AMU Mongol-Okhotsk isochron KJM @xo_of,3474
3474,4011,4011,360.0,36.3748,88.0903,134.98,9009,9009,False,Mongol-Okhotsk isochron SIB side @xo_ys,3475
3475,4011,4011,360.0,90.0,0.0,0.0,401,401,False,Mongol-Okhotsk isochron SIB side,3476
3476,4011,4011,410.0,90.0,0.0,0.0,401,401,False,Mongol-Okhotsk isochron SIB side,3477
3477,4012,4012,0.0,90.0,0.0,0.0,401,401,False,TMY-SIB	Taimyr-Siberia,3478
3478,4012,4012,600.0,90.0,0.0,0.0,401,401,False,TMY-SIB,3479
3479,4012,4012,700.0,5.409,-156.2298,-6.1355,401,401,False,"TMY-SIB @REF Merdith_++_2021 @DOI""10.1016/j.earscirev.2020.103477""",3480
3480,4012,4012,800.0,5.409,-156.2298,-6.1355,401,401,False,"TMY-SIB @REF Merdith_++_2021 @DOI""10.1016/j.earscirev.2020.103477""",3481
3481,4012,4012,900.0,90.0,0.0,0.0,401,401,False,"TMY-SIB @REF Merdith_++_2021 @DOI""10.1016/j.earscirev.2020.103477""",3482
3482,4012,4012,1010.0,90.0,0.0,0.0,401,401,False,"TMY-SIB @REF Merdith_++_2021 @DOI""10.1016/j.earscirev.2020.103477""",3483
3483,4013,4013,0.0,90.0,0.0,0.0,4014,4014,False,ISK-YNR Isakov Island Arc - Yenesei Ridge,3484
3484,4013,4013,600.0,90.0,0.0,0.0,4014,4014,False,ISK-YNR,3485
3485,4013,4013,650.0,15.4262,105.4771,6.4847,4014,4014,False,ISK-YNR,3486
3486,4013,4013,700.0,15.4262,105.4771,6.4847,4014,4014,False,ISK-YNR,3487
3487,4013,4013,1000.0,90.0,0.0,0.0,4014,4014,False,ISK-YNR,3488
3488,4013,4013,1010.0,90.0,0.0,0.0,4014,4014,False,ISK-YNR,3489
3489,4014,4014,0.0,90.0,0.0,0.0,401,401,False,YNR-SIB Yenesei Ridge-Siberia,3490
3490,4014,4014,720.0,90.0,0.0,0.0,401,401,False,YNR-SIB,3491
3491,4014,4014,780.0,81.1209,91.6737,-32.4309,401,401,False,YNR-SIB,3492
3492,4014,4014,1010.0,81.1209,91.6737,-32.4309,401,401,False,YNR-SIB,3493
3493,4100,4100,0.0,90.0,0.0,0.0,430,430,False,AMR-SIB Amuria-Siberia,3494
3494,4100,4100,410.0,90.0,0.0,0.0,430,430,False,AMR-SIB,3495
3495,4100,4100,410.0,20.3393,-170.216,15.6546,401,401,False,"AMR-SIB @REF Young et al. (2019) @DOI ""10.1016/j.gsf.2018.05.011""",3496
3496,4100,4100,450.0,-22.66,-61.01,11.81,401,401,False,"AMR-SIB @REF Domeier 2018 @DOI""10.1016/j.gsf.2017.11.012""",3497
3497,4100,4100,480.0,-22.66,-61.01,11.81,401,401,False,"AMR-SIB @REF Domeier 2018 @DOI""10.1016/j.gsf.2017.11.012""",3498
3498,4100,4100,480.0,-22.659,-61.014,11.806000000000001,4101,4101,False,"AMR-CMT Amuria-Central Mongolian Terranes @REF Domeier 2018 @DOI""10.1016/j.gsf.2017.11.012""",3499
3499,4100,4100,610.0,-22.659,-61.014,11.806000000000001,4101,4101,False,"AMR-CMT@REF Domeier 2018 @DOI""10.1016/j.gsf.2017.11.012""",3500
3500,4101,4101,0.0,90.0,0.0,0.0,401,401,False,"CMT-SIB Central Mongolian Terranes-Siberia @REF Domeier 2018 @DOI""10.1016/j.gsf.2017.11.012""",3501
3501,4101,4101,480.0,90.0,0.0,0.0,401,401,False,"CMT-SIB @REF Domeier 2018 @DOI""10.1016/j.gsf.2017.11.012""",3502
3502,4101,4101,490.0,-57.96,-37.5,-1.5,401,401,False,"CMT-SIB @REF Domeier 2018 @DOI""10.1016/j.gsf.2017.11.012""",3503
3503,4101,4101,500.0,-61.69,-31.93,-2.81,401,401,False,"CMT-SIB @REF Domeier 2018 @DOI""10.1016/j.gsf.2017.11.012""",3504
3504,4101,4101,570.0,-37.3459,31.2104,-10.4889,401,401,False,CMT-SIB extended rotations from Domeier (2018),3505
3505,4101,4101,610.0,-37.3459,31.2104,-10.4889,401,401,False,CMT-SIB extended rotations from Domeier (2018),3506
3506,4301,4301,0.0,-4.1906,63.3495,-80.1234,430,430,False,Mongol-Okhotsk isochron AMU side,3507
3507,4301,4301,250.0,24.602,19.7554,9.7192,9010,9010,False,Mongol-Okhotsk isochron AMU side,3508
3508,4301,4301,250.0,90.0,0.0,0.0,430,430,False,Mongol-Okhotsk isochron AMU side @xo_of,3509
3509,4301,4301,330.0,24.602,19.7554,9.7192,9010,9010,False,Mongol-Okhotsk isochron AMU side @xo_ys,3510
3510,4301,4301,330.0,90.0,0.0,0.0,430,430,False,Mongol-Okhotsk isochron AMU side,3511
3511,4301,4301,410.0,90.0,0.0,0.0,430,430,False,Mongol-Okhotsk isochron AMU side,3512
3512,4511,4511,410.0,90.0,0.0,0.0,451,451,False,ALBA-ALX Alxa back arc-Alxa,3513
3513,4511,4511,450.0,90.0,0.0,0.0,451,451,False,ALBA-ALX,3514
3514,4511,4511,480.0,22.2575,-10.2043,-3.0685000000000002,451,451,False,ALBA-ALX,3515
3515,4511,4511,520.0,90.0,0.0,0.0,451,451,False,ALBA-ALX,3516
3516,4511,4511,1010.0,90.0,0.0,0.0,451,451,False,ALBA-ALX,3517
3517,4561,4561,0.0,90.0,0.0,0.0,456,456,False,QAD-QIL Qadaim-Qilian,3518
3518,4561,4561,1010.0,90.0,0.0,0.0,456,456,False,QAD-QIL,3519
3519,4571,4571,410.0,90.0,0.0,0.0,457,457,False,oceanic plate subducting under Kunlun,3520
3520,4571,4571,510.0,90.0,0.0,0.0,457,457,False,oceanic plate subducting under Kunlun,3521
3521,4591,4591,0.0,90.0,0.0,0.0,459,459,False,NTI unfolding,3522
3522,4591,4591,320.0,90.0,0.0,0.0,459,459,False,NTI unfolding,3523
3523,4591,4591,410.0,41.7679,75.2063,40.2569,459,459,False,NTI unfolding,3524
3524,4591,4591,470.0,41.7679,75.2063,40.2569,459,459,False,,3525
3525,4591,4591,550.0,-41.8965,-107.9,-65.9532,459,459,False,NTI unfolding,3526
3526,4591,4591,550.0,-5.869,56.8886,28.1573,505,505,False,,3527
3527,4591,4591,750.0,-5.869,56.8886,28.1573,505,505,False,NTI unfolding,3528
3528,4591,4591,750.0,42.355,72.7977,-183.3056,4661,4661,False,,3529
3529,4591,4591,800.0,42.355,72.7977,-183.3056,4661,4661,False,,3530
3530,4591,4591,1010.0,42.355,72.7977,-183.3056,4661,4661,False,,3531
3531,4592,4592,0.0,90.0,0.0,0.0,459,459,False,NTI unfolding,3532
3532,4592,4592,320.0,90.0,0.0,0.0,459,459,False,NTI unfolding,3533
3533,4592,4592,410.0,44.6705,70.4914,79.52,459,459,False,NTI unfolding,3534
3534,4592,4592,410.0,49.1473,69.0748,39.4935,4591,4591,False,NTI unfolding,3535
3535,4592,4592,1010.0,49.1473,69.0748,39.4935,4591,4591,False,NTI unfolding,3536
3536,4593,4593,0.0,90.0,0.0,0.0,459,459,False,NTI unfolding,3537
3537,4593,4593,320.0,90.0,0.0,0.0,459,459,False,NTI unfolding,3538
3538,4593,4593,410.0,44.9013,70.7091,88.0229,459,459,False,NTI unfolding,3539
3539,4593,4593,1010.0,44.9013,70.7091,88.0229,459,459,False,NTI unfolding,3540
3540,4601,4601,0.0,90.0,0.0,0.0,460,460,False,CUI unfolding,3541
3541,4601,4601,320.0,90.0,0.0,0.0,460,460,False,CUI unfolding,3542
3542,4601,4601,410.0,45.691,73.5392,45.9392,460,460,False,CUI unfolding,3543
3543,4601,4601,1010.0,45.691,73.5392,45.9392,460,460,False,CUI unfolding,3544
3544,4602,4602,0.0,90.0,0.0,0.0,460,460,False,CUI unfolding,3545
3545,4602,4602,320.0,90.0,0.0,0.0,460,460,False,CUI unfolding,3546
3546,4602,4602,410.0,47.277,71.1951,94.8252,460,460,False,CUI unfolding,3547
3547,4602,4602,1010.0,47.277,71.1951,94.8252,460,460,False,CUI unfolding,3548
3548,4603,4603,410.0,90.0,0.0,0.0,460,460,False,"Urumbai, Selety and Erementau zones",3549
3549,4603,4603,470.0,34.2595,114.6375,18.3858,460,460,False,"Urumbai, Selety and Erementau zones",3550
3550,4603,4603,510.0,90.0,0.0,0.0,460,460,False,"Urumbai, Selety and Erementau zones",3551
3551,4603,4603,1010.0,90.0,0.0,0.0,460,460,False,"Urumbai, Selety and Erementau zones",3552
3552,4661,4661,0.0,90.0,0.0,0.0,466,466,False,CTI unfolding,3553
3553,4661,4661,320.0,90.0,0.0,0.0,466,466,False,CTI unfolding,3554
3554,4661,4661,410.0,41.7679,75.2063,40.2569,466,466,False,CTI unfolding,3555
3555,4661,4661,470.0,41.7679,75.2063,40.2569,466,466,False,"CTI-NTI @REF @REF Merdith_++_2021 @DOI""10.1016/j.earscirev.2020.103477"", @xo_yf",3556
3556,4661,4661,470.0,-15.4349,-66.0401,46.4568,580,580,False,"CTI-TAR Central Tien Shan-Tarim @REF @REF Merdith_++_2021 @DOI""10.1016/j.earscirev.2020.103477""",3557
3557,4661,4661,480.0,4.9923,-53.5534,28.3592,580,580,False,,3558
3558,4661,4661,520.0,58.2407,81.8324,76.0996,580,580,False,CTI unfolding,3559
3559,4661,4661,750.0,58.2407,81.8324,76.0996,580,580,False,CTI unfolding,3560
3560,4661,4661,1010.0,58.2407,81.8324,76.0996,580,580,False,CTI unfolding,3561
3561,4662,4662,0.0,90.0,0.0,0.0,466,466,False,CTI unfolding,3562
3562,4662,4662,320.0,90.0,0.0,0.0,466,466,False,CTI unfolding,3563
3563,4662,4662,410.0,42.6177,68.0799,56.3771,466,466,False,CTI unfolding,3564
3564,4662,4662,410.0,48.8905,52.0871,16.6882,4661,4661,False,CTI,3565
3565,4662,4662,1010.0,48.8905,52.0871,16.6882,4661,4661,False,CTI,3566
3566,4671,4671,0.0,90.0,0.0,0.0,467,467,False,STI unfolding,3567
3567,4671,4671,320.0,90.0,0.0,0.0,467,467,False,STI unfolding,3568
3568,4671,4671,410.0,39.9339,70.5544,11.1499,467,467,False,STI unfolding,3569
3569,4671,4671,500.0,39.9339,70.5544,11.1499,467,467,False,STI unfolding,3570
3570,4671,4671,1000.0,90.0,0.0,0.0,467,467,False,STI unfolding,3571
3571,4671,4671,1010.0,90.0,0.0,0.0,467,467,False,STI unfolding,3572
3572,4672,4672,0.0,90.0,0.0,0.0,467,467,False,STI unfolding,3573
3573,4672,4672,320.0,90.0,0.0,0.0,467,467,False,STI unfolding,3574
3574,4672,4672,410.0,39.7981,69.4509,36.3446,467,467,False,STI unfolding,3575
3575,4672,4672,500.0,39.7981,69.4509,36.3446,467,467,False,STI unfolding,3576
3576,4672,4672,1000.0,90.0,0.0,0.0,467,467,False,STI unfolding,3577
3577,4672,4672,1010.0,90.0,0.0,0.0,467,467,False,STI unfolding,3578
3578,4673,4673,0.0,90.0,0.0,0.0,467,467,False,STI unfolding,3579
3579,4673,4673,320.0,90.0,0.0,0.0,467,467,False,STI unfolding,3580
3580,4673,4673,410.0,41.5113,64.6364,83.1176,467,467,False,STI unfolding,3581
3581,4673.0,4673.0,500.0,41.5113,64.6364,83.1176,467.0,467.0,0.0,,3582.0
3582,4673,4673,1000.0,90.0,0.0,0.0,467,467,False,STI unfolding,3583
3583,4673,4673,1010.0,90.0,0.0,0.0,467,467,False,STI unfolding,3584
3584,5011,5011,0.0,90.0,0.0,0.0,501,501,False,Phanerozoic India-India,3585
3585,5011,5011,1010.0,90.0,0.0,0.0,501,501,False,Phanerozoic India-India,3586
3586,5014,5014,0.0,90.0,0.0,0.0,501,501,False,SGT-IND Southern Granulite Terrane-India,3587
3587,5014,5014,520.0,90.0,0.0,0.0,501,501,False,SGT-IND,3588
3588,5014,5014,520.0,27.8418,43.331,-63.2251,5032,5032,False,"SGT-AZA Southern Granulite Terrane-Azania @REF Merdith_++_2021 @DOI""10.1016/j.earscirev.2020.103477""",3589
3589,5014,5014,1010.0,27.8418,43.331,-63.2251,5032,5032,False,"SGT-AZA @REF Merdith_++_2021 @DOI""10.1016/j.earscirev.2020.103477""",3590
3590,5021,5021,0.0,90.0,0.0,0.0,502,502,False,Phanerozoic Sri Lanka-Sri Lanka,3591
3591,5021,5021,510.0,90.0,0.0,0.0,502,502,False,Phanerozoic Sri Lanka-Sri Lanka,3592
3592,5022,5022,0.0,90.0,0.0,0.0,502,502,False,VJC-SLK Vijayan Complex-Sri Lanka,3593
3593,5022,5022,1010.0,90.0,0.0,0.0,502,502,False,VJC-SLK,3594
3594,5031,5031,0.0,90.0,0.0,0.0,503,503,False,AFT-OMB Afif Terrane-Omani Basement,3595
3595,5031,5031,410.0,90.0,0.0,0.0,503,503,False,AFT-OMB,3596
3596,5031,5031,410.0,90.0,0.0,0.0,5913,5913,False,AFT-ANS Afif Terrane-Arabian Nubian Shield,3597
3597,5031,5031,650.0,90.0,0.0,0.0,5913,5913,False,AFT-ANS,3598
3598,5031,5031,680.0,-46.3943,68.4206,-5.634,5913,5913,False,AFT-ANS,3599
3599,5031,5031,850.0,-46.3943,68.4206,-5.634,5913,5913,False,AFT-ANS,3600
3600,5031,5031,850.0,73.5835,27.7147,28.7703,715,715,False,AFT-SMC Afif Terrane-Sahara Metacraton,3601
3601,5031,5031,870.0,73.5835,27.7147,28.7703,715,715,False,AFT-SMC,3602
3602,5031,5031,930.0,72.3598,22.8602,31.6999,715,715,False,AFT-SMC,3603
3603,5031,5031,1010.0,72.3598,22.8602,31.6999,715,715,False,AFT-SMC,3604
3604,5032,5032,0.0,90.0,0.0,0.0,709,709,False,AZN-SOM	Azania-Somalia,3605
3605,5032,5032,600.0,90.0,0.0,0.0,709,709,False,AZN-SOM,3606
3606,5032,5032,600.0,-48.85,17.57,1.01,701,701,False,"AZN-CON Azania-Congo @REF Merdith_++_2021 @DOI""10.1016/j.earscirev.2020.103477""",3607
3607,5032,5032,700.0,20.58,-175.97,25.34,701,701,False,"AZN-CON @REF Merdith_++_2021 @DOI""10.1016/j.earscirev.2020.103477""",3608
3608,5032,5032,850.0,20.58,-175.97,25.34,701,701,False,"AZN-CON @REF Merdith_++_2021 @DOI""10.1016/j.earscirev.2020.103477""",3609
3609,5032,5032,850.0,-37.0213,62.639,13.7258,5031,5031,False,"AZN-AFT Azania-Afif Terrane @REF Merdith_++_2021 @DOI""10.1016/j.earscirev.2020.103477""",3610
3610,5032,5032,900.0,-37.0213,62.639,13.7258,5031,5031,False,"AZN-AFT @REF Merdith_++_2021 @DOI""10.1016/j.earscirev.2020.103477""",3611
3611,5032,5032,1000.0,-37.0213,62.639,13.7258,5031,5031,False,"AZN-AFT @REF Merdith_++_2021 @DOI""10.1016/j.earscirev.2020.103477""",3612
3612,5032,5032,1100.0,-37.0213,62.639,13.7258,5031,5031,False,"AZN-AFT @REF Merdith_++_2021 @DOI""10.1016/j.earscirev.2020.103477""",3613
3613,5033,5033,0.0,90.0,0.0,0.0,710,710,False,Azania (Danakil Plate)-Danakil Plate,3614
3614,5033,5033,410.0,90.0,0.0,0.0,710,710,False,Azania (Danakil Plate)-Danakil Plate,3615
3615,5033,5033,410.0,12.3619,40.4544,-8.0813,5032,5032,False,Azania (Somalia Plate,3616
3616,5033,5033,1010.0,12.3619,40.4544,-8.0813,5032,5032,False,Azania (Somalia Plate),3617
3617,5034,5034,0.0,90.0,0.0,0.0,503,503,False,Azania (Arabian Plate)-Arabia,3618
3618,5034,5034,410.0,90.0,0.0,0.0,503,503,False,Azania (Arabian Plate)-Arabia,3619
3619,5034,5034,410.0,33.8156,21.4851,-7.6381,701,701,False,AZN-CON Azania-Congo,3620
3620,5034,5034,520.0,33.8156,21.4851,-7.6381,701,701,False,AZN-CON,3621
3621,5034,5034,520.0,-26.46,-158.34,7.83,5032,5032,False,Azania (Arabia Plate),3622
3622,5034,5034,1010.0,-26.46,-158.34,7.83,5032,5032,False,Azania (Arabia Plate),3623
3623,5505,5505,950.0,-6.41,-50.36,2.9699999999999998,5032,5032,False,"unknown, potentially could delete?",3624
3624,5505,5505,1000.0,81.26,-30.61,-7.21,5032,5032,False,"unknown, potentially could delete?",3625
3625,5505,5505,1010.0,81.26,-30.61,-7.21,5032,5032,False,"unknown, potentially could delete?",3626
3626,5506,5506,900.0,73.73,158.08,19.11,701,701,False,"unknown, potentially could delete?",3627
3627,5506,5506,960.0,73.73,158.08,19.11,701,701,False,"unknown, potentially could delete?",3628
3628,5801,5801,250.0,90.0,0.0,0.0,580,580,False,MKB-TRM Mazar-Kangxiwar Basin-Tarim,3629
3629,5801,5801,310.0,22.191,66.8685,-13.743500000000001,580,580,False,"MKB-TRM  end spreading in BAB @REF Yang_et_al_1996 @DOI""10.1016/0040-1951(95)00199-9""",3630
3630,5801,5801,340.0,17.4623,58.557900000000004,-11.1148,580,580,False,MKB-TRM,3631
3631,5801,5801,350.0,15.0126,33.0665,-4.5471,580,580,False,MKB-TRM,3632
3632,5801,5801,361.0,90.0,0.0,0.0,580,580,False,"MKB-TRM start of spreading in the Mazar-Kangxiwar BAB @REF Zhihong_2004 @DOI""10.1016/j.jseaes.2003.10.007""",3633
3633,5801,5801,410.0,90.0,0.0,0.0,580,580,False,Ocean subducting under North Tarim,3634
3634,5801,5801,420.0,8.9631,162.198,9.0784,580,580,False,,3635
3635,5801,5801,440.0,90.0,0.0,0.0,580,580,False,Ocean subducting under North Tarim,3636
3636,5801,5801,520.0,90.0,0.0,0.0,580,580,False,Ocean subducting under North Tarim,3637
3637,5801,5801,530.0,90.0,0.0,0.0,580,580,False,Ocean subducting under North Tarim,3638
3638,5802,5802,0.0,27.4682,-121.7226,11.93,580,580,False,Ocean subducting under Central Tianshan-Chu Yili,3639
3639,5802,5802,430.0,27.4682,-121.7226,11.93,580,580,False,Ocean subducting under Central Tianshan-Chu Yili,3640
3640,5802,5802,440.0,18.9417,-73.586,5.7939,580,580,False,Ocean subducting under Central Tianshan-Chu Yili,3641
3641,5802,5802,450.0,18.9417,-73.586,5.7939,580,580,False,Ocean subducting under Central Tianshan-Chu Yili,3642
3642,5901,5901,0.0,90.0,0.0,0.0,715,715,False,TB-SMC Tokar Barka-Sahara Metacraton,3643
3643,5901,5901,600.0,90.0,0.0,0.0,715,715,False,TB-SMC Collins et al. (submitted),3644
3644,5901,5901,650.0,-64.4533,73.945,-7.3865,715,715,False,TB-SMC Collins et al. (submitted),3645
3645,5901,5901,740.0,55.7831,40.7597,33.6369,715,715,False,TB-SMC Collins et al. (submitted),3646
3646,5901,5901,860.0,55.7831,40.7597,33.6369,715,715,False,TB-SMC Collins et al. (submitted),3647
3647,5902,5902,0.0,90.0,0.0,0.0,715,715,False,HAYA-SMC Haya-Sahara Metacraton,3648
3648,5902,5902,410.0,90.0,0.0,0.0,715,715,False,HAYA-SMC,3649
3649,5902,5902,410.0,90.0,0.0,0.0,5901,5901,False,HAYA-TB Haya-Tokar Barka Collins et al. (submitted),3650
3650,5902,5902,860.0,90.0,0.0,0.0,5901,5901,False,HAYA-TB Collins et al. (submitted),3651
3651,5903,5903,0.0,90.0,0.0,0.0,715,715,False,AD-SMC Atmur-Delgo-Sahara Metacraton,3652
3652,5903,5903,600.0,90.0,0.0,0.0,715,715,False,AD-SMC Collins et al. (submitted),3653
3653,5903,5903,650.0,6.6736,37.4846,-6.5073,715,715,False,AD-SMC Collins et al. (submitted),3654
3654,5903,5903,760.0,6.6736,37.4846,-6.5073,715,715,False,AD-SMC Collins et al. (submitted),3655
3655,5904,5904,0.0,90.0,0.0,0.0,715,715,False,GG-SMC	Gebeit/Gabgaba-Sahara Metacraton,3656
3656,5904,5904,410.0,90.0,0.0,0.0,715,715,False,GG-SMC,3657
3657,5904,5904,410.0,90.0,0.0,0.0,5902,5902,False,GG-HAYA Gebeit/Gabgaba-Haya Collins et al. (submitted),3658
3658,5904,5904,780.0,90.0,0.0,0.0,5902,5902,False,GG-HAYA Collins et al. (submitted),3659
3659,5904,5904,850.0,41.6451,150.3064,-4.1935,5902,5902,False,GG-HAYA Collins et al. (submitted),3660
3660,5904,5904,860.0,41.6451,150.3064,-4.1935,5902,5902,False,GG-HAYA Collins et al. (submitted),3661
3661,5905,5905,0.0,90.0,0.0,0.0,715,715,False,ED-SMC Egyptian Desert-Sahara Metacraton,3662
3662,5905,5905,410.0,90.0,0.0,0.0,715,715,False,ED-SMC,3663
3663,5905,5905,410.0,90.0,0.0,0.0,5904,5904,False,ED-GG Egyptian Desert-Gebeit/Gabgaba,3664
3664,5905,5905,725.0,90.0,0.0,0.0,5904,5904,False,ED-GG Collins et al. (submitted),3665
3665,5905,5905,780.0,23.671,135.2584,-6.6821,5904,5904,False,ED-GG Collins et al. (submitted),3666
3666,5905,5905,810.0,-28.459600000000002,-41.3013,7.9106000000000005,5904,5904,False,ED-GG Collins et al. (submitted),3667
3667,5905,5905,820.0,-28.459600000000002,-41.3013,7.9106000000000005,5904,5904,False,ED-GG Collins et al. (submitted),3668
3668,5906,5906,0.0,90.0,0.0,0.0,503,503,False,MDY-OMB Midyan-Omani Basement,3669
3669,5906,5906,410.0,90.0,0.0,0.0,503,503,False,MDY-OMB,3670
3670,5906,5906,410.0,28.9903,24.3803,-9.0436,5905,5905,False,MDY-ED Midyan-Egyptian Dessert Collins et al. (submitted),3671
3671,5906,5906,820.0,28.9903,24.3803,-9.0436,5905,5905,False,MDY-ED Midyan-Egyptian Dessert Collins et al. (submitted),3672
3672,5907,5907,0.0,90.0,0.0,0.0,503,503,False,HJ-OMB	Hijaz-Omani Basement,3673
3673,5907,5907,410.0,90.0,0.0,0.0,503,503,False,HJ-OMB,3674
3674,5907,5907,410.0,90.0,0.0,0.0,5913,5913,False,HJ-JD Hijaz-Jiddah Collins et al. (submitted),3675
3675,5907,5907,780.0,90.0,0.0,0.0,5913,5913,False,HJ-JD Collins et al. (submitted),3676
3676,5907,5907,780.0,28.9903,24.3803,-9.0436,5904,5904,False,HJ-GG Hijaz-Gebeit/Gabgaba Collins et al. (submitted),3677
3677,5907,5907,850.0,28.9903,24.3803,-9.0436,5904,5904,False,HJ-GG Hijaz-Gebeit/Gabgaba Collins et al. (submitted),3678
3678,5907,5907,860.0,28.9903,24.3803,-9.0436,5904,5904,False,HJ-GG Hijaz-Gebeit/Gabgaba Collins et al. (submitted),3679
3679,5908,5908,0.0,90.0,0.0,0.0,503,503,False,HUL-OMB	Hulayfah-Omani Basement,3680
3680,5908,5908,410.0,90.0,0.0,0.0,503,503,False,HUL-OMB,3681
3681,5908,5908,410.0,90.0,0.0,0.0,5907,5907,False,HUL-HJ Hulayfah-Hijaz Collins et al. (submitted),3682
3682,5908,5908,861.0,90.0,0.0,0.0,5907,5907,False,HUL-HJ Collins et al. (submitted),3683
3683,5909,5909,0.0,90.0,0.0,0.0,503,503,False,HI-OMB	Ha'il-Omani Basement,3684
3684,5909,5909,410.0,90.0,0.0,0.0,503,503,False,HI-OMB,3685
3685,5909,5909,410.0,90.0,0.0,0.0,5908,5908,False,HI-HUL Ha'il-Hulayfah Collins et al. (submitted),3686
3686,5909,5909,680.0,90.0,0.0,0.0,5908,5908,False,HI-HUL Collins et al. (submitted),3687
3687,5909,5909,780.0,-2.5698,27.895,-1.1291,5908,5908,False,HI-HUL Collins et al. (submitted),3688
3688,5909,5909,790.0,-2.5698,27.895,-1.1291,5908,5908,False,HI-HUL Collins et al. (submitted),3689
3689,5911,5911,0.0,90.0,0.0,0.0,5031,5031,False,AD-OMB Ad Dawadimi-Omani Basement,3690
3690,5911,5911,410.0,90.0,0.0,0.0,5031,5031,False,AD-OMB,3691
3691,5911,5911,410.0,90.0,0.0,0.0,5912,5912,False,AD-AR Ad Dawadimi-Ar Rayn,3692
3692,5911,5911,600.0,90.0,0.0,0.0,5912,5912,False,AD-AR Collins et al. (submitted),3693
3693,5911,5911,630.0,-61.6709,80.4728,0.6415000000000001,5912,5912,False,AD-AR Collins et al. (submitted),3694
3694,5911,5911,640.0,-61.6709,80.4728,0.6415000000000001,5912,5912,False,AD-AR Collins et al. (submitted),3695
3695,5912,5912,0.0,90.0,0.0,0.0,5031,5031,False,AR-AFT	Ar Rayn-Afif Abas,3696
3696,5912,5912,600.0,90.0,0.0,0.0,5031,5031,False,AR-AFT Collins et al. (submitted),3697
3697,5912,5912,615.0,-60.7907,85.2005,-1.5169000000000001,5031,5031,False,AR-AFT Collins et al. (submitted),3698
3698,5912,5912,700.0,55.1639,-82.8023,2.2836,5031,5031,False,AR-AFT Collins et al. (submitted),3699
3699,5912,5912,710.0,55.1639,-82.8023,2.2836,5031,5031,False,AR-AFT Collins et al. (submitted),3700
3700,5913,5913,0.0,90.0,0.0,0.0,503,503,False,JDH-OMB Jiddah-Omani Basement,3701
3701,5913,5913,520.0,90.0,0.0,0.0,503,503,False,JDH-OMB,3702
3702,5913,5913,520.0,28.9903,24.3803,-9.0436,5901,5901,False,JDH-TB Jiddah-Tokar Barka Collins et al. (submitted),3703
3703,5913,5913,860.0,28.9903,24.3803,-9.0436,5901,5901,False,JDH-TB Collins et al. (submitted),3704
3704,5914,5914,0.0,90.0,0.0,0.0,503,503,False,AS-OMB Asir-Omani Basement,3705
3705,5914,5914,410.0,90.0,0.0,0.0,503,503,False,AS-OMB,3706
3706,5914,5914,410.0,90.0,0.0,0.0,5913,5913,False,AS-JDH Asir-Jiddah,3707
3707,5914,5914,860.0,90.0,0.0,0.0,5913,5913,False,AS-JDH,3708
3708,5915,5915,0.0,90.0,0.0,0.0,503,503,False,TAB-OMB Tabitha-Omani Basement [potentially delete?],3709
3709,5915,5915,410.0,90.0,0.0,0.0,503,503,False,TAB-OMB [potentially delete?],3710
3710,5915,5915,410.0,90.0,0.0,0.0,5914,5914,False,TAB-AS Tabitha-Asir [potentially delete?],3711
3711,5915,5915,650.0,90.0,0.0,0.0,5914,5914,False,TAB-AS [potentially delete?],3712
3712,5915,5915,700.0,-44.0004,-174.0492,-0.6467,5914,5914,False,TAB-AS [potentially delete?],3713
3713,5915,5915,710.0,-44.0004,-174.0492,-0.6467,5914,5914,False,TAB-AS [potentially delete?],3714
3714,5916,5916,0.0,90.0,0.0,0.0,503,503,False,Unknown? [potentially delete?],3715
3715,5916,5916,410.0,90.0,0.0,0.0,503,503,False,Unknown? [potentially delete?],3716
3716,5916,5916,410.0,33.0,21.0,3.0,508,508,False,Unknown? [potentially delete?],3717
3717,5916,5916,1000.0,33.0,21.0,3.0,508,508,False,Unknown? [potentially delete?],3718
3718,5916,5916,1010.0,33.0,21.0,3.0,508,508,False,Unknown? [potentially delete?],3719
3719,6002,6002,250.0,90.0,0.0,0.0,701,701,False,"LGT-AFR Laurussia-Gondwana transform-Africa (Gondwana)		  @REF Domeier_Torsvik_2014 @DOI""10.1016/j.gsf.2014.01.002""",3720
3720,6002,6002,320.0,-9.29,-63.41,79.86,701,701,False,"LGT-AFR @REF Domeier_Torsvik_2014 @DOI""10.1016/j.gsf.2014.01.002""  POLE_RECALCULATED-@REF Matthews_et_al_2016 @DOI""10.1016/j.gloplacha.2016.10.002""",3721
3721,6002,6002,330.0,-12.75,-61.59,81.45,701,701,False,"LGT-AFR @REF Domeier_Torsvik_2014 @DOI""10.1016/j.gsf.2014.01.002""  POLE_RECALCULATED-@REF Matthews_et_al_2016 @DOI""10.1016/j.gloplacha.2016.10.002""",3722
3722,6002,6002,340.0,-12.26,-62.4,80.98,701,701,False,"LGT-AFR  @REF Domeier_Torsvik_2014 @DOI""10.1016/j.gsf.2014.01.002""  POLE_RECALCULATED-@REF Matthews_et_al_2016 @DOI""10.1016/j.gloplacha.2016.10.002""",3723
3723,6002,6002,350.0,-14.34,-60.29,81.74,701,701,False,"LGT-AFR @REF Domeier_Torsvik_2014 @DOI""10.1016/j.gsf.2014.01.002""  POLE_RECALCULATED-@REF Matthews_et_al_2016 @DOI""10.1016/j.gloplacha.2016.10.002""",3724
3724,6002,6002,360.0,13.88,119.36,-79.8,701,701,False,"LGT-AFR  @REF Domeier_Torsvik_2014 @DOI""10.1016/j.gsf.2014.01.002""  POLE_RECALCULATED-@REF Matthews_et_al_2016 @DOI""10.1016/j.gloplacha.2016.10.002""",3725
3725,6002,6002,370.0,18.88,126.75,-89.49,701,701,False,"LGT-AFR @REF Domeier_Torsvik_2014 @DOI""10.1016/j.gsf.2014.01.002""  POLE_RECALCULATED-@REF Matthews_et_al_2016 @DOI""10.1016/j.gloplacha.2016.10.002""",3726
3726,6002,6002,410.0,18.88,126.75,-89.49,701,701,False,"LGT-AFR  @REF Domeier_Torsvik_2014 @DOI""10.1016/j.gsf.2014.01.002""",3727
3727,6002.0,6002.0,420.0,-14.2855,41.8606,-4.7859,601.0,601.0,0.0,,3728.0
3728,6002,6002,420.0,90.0,0.0,0.0,701,701,False,"LGT-AFR  @REF Domeier_Torsvik_2014 @DOI""10.1016/j.gsf.2014.01.002""",3729
3729,6002,6002,430.0,90.0,0.0,0.0,701,701,False,"LGT-AFR  @REF Domeier_Torsvik_2014 @DOI""10.1016/j.gsf.2014.01.002""",3730
3730,6002,6002,520.0,90.0,0.0,0.0,601,601,False,LGT-AFR,3731
3731,6002,6002,530.0,90.0,0.0,0.0,601,601,False,LGT-AFR,3732
3732,6004,6004,250.0,90.0,0.0,0.0,9012,9012,False,"TPT1-TKN Turkestan-Paleotethys transform 1-Turkestan Plate	  @REF Domeier_Torsvik_2014 @DOI""10.1016/j.gsf.2014.01.002""",3733
3733,6004,6004,375.0,8.4,31.5,-9.77,9012,9012,False,"TPT1-TKN   @REF Domeier_Torsvik_2014 @DOI""10.1016/j.gsf.2014.01.002"" POLE_RECALCULATED-@REF Matthews_et_al_2016 @DOI""10.1016/j.gloplacha.2016.10.002""",3734
3734,6004,6004,380.0,-9.42,40.34,-2.17,9012,9012,False,"TPT1-TKN @REF Domeier_Torsvik_2014 @DOI""10.1016/j.gsf.2014.01.002"" POLE_RECALCULATED-@REF Matthews_et_al_2016 @DOI""10.1016/j.gloplacha.2016.10.002""",3735
3735,6004,6004,390.0,15.88,-126.56,1.9500000000000002,9012,9012,False,"TPT1-TKN @REF Domeier_Torsvik_2014 @DOI""10.1016/j.gsf.2014.01.002"" POLE_RECALCULATED-@REF Matthews_et_al_2016 @DOI""10.1016/j.gloplacha.2016.10.002""",3736
3736,6004,6004,400.0,33.45,53.2,-1.01,9012,9012,False,"TPT1-TKN  @REF Domeier_Torsvik_2014 @DOI""10.1016/j.gsf.2014.01.002"" POLE_RECALCULATED-@REF Matthews_et_al_2016 @DOI""10.1016/j.gloplacha.2016.10.002""",3737
3737,6004,6004,410.0,1.8,67.65,0.32,9012,9012,False,"TPT1-TKN  @REF Domeier_Torsvik_2014 @DOI""10.1016/j.gsf.2014.01.002"" POLE_RECALCULATED-@REF Matthews_et_al_2016 @DOI""10.1016/j.gloplacha.2016.10.002""",3738
3738,6004,6004,420.0,1.8,67.65,0.32,9012,9012,False,"TPT1-TKN  @REF Domeier_Torsvik_2014 @DOI""10.1016/j.gsf.2014.01.002"" POLE_RECALCULATED-@REF Matthews_et_al_2016 @DOI""10.1016/j.gloplacha.2016.10.002""",3739
3739,6004,6004,430.0,1.8,67.65,0.32,9012,9012,False,"TPT1-TKN  @REF Domeier_Torsvik_2014 @DOI""10.1016/j.gsf.2014.01.002"" POLE_RECALCULATED-@REF Matthews_et_al_2016 @DOI""10.1016/j.gloplacha.2016.10.002""",3740
3740,6005,6005,250.0,90.0,0.0,0.0,601,601,False,"TPT2-NCH Turkestan-Paleotethys transform 2-North China	  @REF Domeier_Torsvik_2014 @DOI""10.1016/j.gsf.2014.01.002""",3741
3741,6005,6005,370.0,67.71,49.95,56.72,601,601,False,"TPT2-NCH  @REF Domeier_Torsvik_2014 @DOI""10.1016/j.gsf.2014.01.002"" POLE_RECALCULATED-@REF Matthews_et_al_2016 @DOI""10.1016/j.gloplacha.2016.10.002""",3742
3742,6005,6005,380.0,68.17,44.15,64.5,601,601,False,"TPT2-NCH   @REF Domeier_Torsvik_2014 @DOI""10.1016/j.gsf.2014.01.002"" POLE_RECALCULATED-@REF Matthews_et_al_2016 @DOI""10.1016/j.gloplacha.2016.10.002""",3743
3743,6005,6005,390.0,69.05,41.08,69.66,601,601,False,"TPT2-NCH  @REF Domeier_Torsvik_2014 @DOI""10.1016/j.gsf.2014.01.002"" POLE_RECALCULATED-@REF Matthews_et_al_2016 @DOI""10.1016/j.gloplacha.2016.10.002""",3744
3744,6005,6005,400.0,70.64,39.01,72.45,601,601,False,"TPT2-NCH  @REF Domeier_Torsvik_2014 @DOI""10.1016/j.gsf.2014.01.002"" POLE_RECALCULATED-@REF Matthews_et_al_2016 @DOI""10.1016/j.gloplacha.2016.10.002""",3745
3745,6005,6005,410.0,70.12,37.65,78.21,601,601,False,"TPT2-NCH  @REF Domeier_Torsvik_2014 @DOI""10.1016/j.gsf.2014.01.002"" POLE_RECALCULATED-@REF Matthews_et_al_2016 @DOI""10.1016/j.gloplacha.2016.10.002""",3746
3746,6005,6005,420.0,70.12,37.65,78.21,601,601,False,"TPT2-NCH  @REF Domeier_Torsvik_2014 @DOI""10.1016/j.gsf.2014.01.002""",3747
3747,6005,6005,430.0,70.12,37.65,78.21,601,601,False,"TPT2-NCH  @REF Domeier_Torsvik_2014 @DOI""10.1016/j.gsf.2014.01.002""",3748
3748,6006,6006,250.0,90.0,0.0,0.0,401,401,False,"AKT-SIB Altai Sayan-Kazakhstania transform_Siberia  @REF Domeier_Torsvik_2014 @DOI""10.1016/j.gsf.2014.01.002""",3749
3749,6006,6006,280.0,13.85,-125.58,81.34,401,401,False,"AKT-SIB @REF Domeier_Torsvik_2014 @DOI""10.1016/j.gsf.2014.01.002"" POLE_RECALCULATED-@REF Matthews_et_al_2016 @DOI""10.1016/j.gloplacha.2016.10.002""",3750
3750,6006,6006,290.0,13.18,-125.94,81.61,401,401,False,"AKT-SIB @REF Domeier_Torsvik_2014 @DOI""10.1016/j.gsf.2014.01.002"" POLE_RECALCULATED-@REF Matthews_et_al_2016 @DOI""10.1016/j.gloplacha.2016.10.002""",3751
3751,6006,6006,300.0,13.82,-125.7,81.58,401,401,False,"AKT-SIB  @REF Domeier_Torsvik_2014 @DOI""10.1016/j.gsf.2014.01.002"" POLE_RECALCULATED-@REF Matthews_et_al_2016 @DOI""10.1016/j.gloplacha.2016.10.002""",3752
3752,6006,6006,310.0,10.75,-127.23,87.35,401,401,False,"AKT-SIB @REF Domeier_Torsvik_2014 @DOI""10.1016/j.gsf.2014.01.002"" POLE_RECALCULATED-@REF Matthews_et_al_2016 @DOI""10.1016/j.gloplacha.2016.10.002""",3753
3753,6006,6006,320.0,10.6,-127.27,87.46,401,401,False,"AKT-SIB  @REF Domeier_Torsvik_2014 @DOI""10.1016/j.gsf.2014.01.002"" POLE_RECALCULATED-@REF Matthews_et_al_2016 @DOI""10.1016/j.gloplacha.2016.10.002""",3754
3754,6006,6006,330.0,15.06,-126.8,89.49,401,401,False,"AKT-SIB  @REF Domeier_Torsvik_2014 @DOI""10.1016/j.gsf.2014.01.002"" POLE_RECALCULATED-@REF Matthews_et_al_2016 @DOI""10.1016/j.gloplacha.2016.10.002""",3755
3755,6006,6006,340.0,25.7,-120.34,89.38,401,401,False,"AKT-SIB  @REF Domeier_Torsvik_2014 @DOI""10.1016/j.gsf.2014.01.002"" POLE_RECALCULATED-@REF Matthews_et_al_2016 @DOI""10.1016/j.gloplacha.2016.10.002""",3756
3756,6006,6006,350.0,22.65,-121.64,90.05,401,401,False,"AKT-SIB @REF Domeier_Torsvik_2014 @DOI""10.1016/j.gsf.2014.01.002"" POLE_RECALCULATED-@REF Matthews_et_al_2016 @DOI""10.1016/j.gloplacha.2016.10.002""",3757
3757,6006,6006,360.0,23.69,-122.48,82.9,401,401,False,"AKT-SIB  @REF Domeier_Torsvik_2014 @DOI""10.1016/j.gsf.2014.01.002"" POLE_RECALCULATED-@REF Matthews_et_al_2016 @DOI""10.1016/j.gloplacha.2016.10.002""",3758
3758,6006,6006,370.0,-20.45,55.79,-83.73,401,401,False,"AKT-SIB @REF Domeier_Torsvik_2014 @DOI""10.1016/j.gsf.2014.01.002"" POLE_RECALCULATED-@REF Matthews_et_al_2016 @DOI""10.1016/j.gloplacha.2016.10.002""",3759
3759,6006,6006,380.0,-17.75,55.52,-81.75,401,401,False,"AKT-SIB @REF Domeier_Torsvik_2014 @DOI""10.1016/j.gsf.2014.01.002"" POLE_RECALCULATED-@REF Matthews_et_al_2016 @DOI""10.1016/j.gloplacha.2016.10.002""",3760
3760,6006,6006,390.0,-14.1,54.35,-81.61,401,401,False,"AKT-SIB  @REF Domeier_Torsvik_2014 @DOI""10.1016/j.gsf.2014.01.002"" POLE_RECALCULATED-@REF Matthews_et_al_2016 @DOI""10.1016/j.gloplacha.2016.10.002""",3761
3761,6006,6006,400.0,-14.29,54.44,-81.49,401,401,False,"AKT-SIB @REF Domeier_Torsvik_2014 @DOI""10.1016/j.gsf.2014.01.002"" POLE_RECALCULATED-@REF Matthews_et_al_2016 @DOI""10.1016/j.gloplacha.2016.10.002""",3762
3762,6006,6006,410.0,-13.91,54.45,-81.43,401,401,False,"AKT-SIB @REF Domeier_Torsvik_2014 @DOI""10.1016/j.gsf.2014.01.002"" POLE_RECALCULATED-@REF Matthews_et_al_2016 @DOI""10.1016/j.gloplacha.2016.10.002""",3763
3763,6006,6006,420.0,-14.61,54.78,-81.14,401,401,False,"AKT-SIB @REF Domeier_Torsvik_2014 @DOI""10.1016/j.gsf.2014.01.002"" POLE_RECALCULATED-@REF Matthews_et_al_2016 @DOI""10.1016/j.gloplacha.2016.10.002""",3764
3764,6006,6006,430.0,-14.61,54.78,-81.14,401,401,False,"AKT-SIB @REF Domeier_Torsvik_2014 @DOI""10.1016/j.gsf.2014.01.002"" POLE_RECALCULATED-@REF Matthews_et_al_2016 @DOI""10.1016/j.gloplacha.2016.10.002""",3765
3765,6007,6007,250.0,90.0,0.0,0.0,604,604,False,"GAT-ICH Gondwana-Annamia transform-Indochina (Annamia)		  @REF Domeier_Torsvik_2014 @DOI""10.1016/j.gsf.2014.01.002""",3766
3766,6007,6007,265.0,-5.64,-56.5,82.23,604,604,False,"GAT-ICH   @REF Domeier_Torsvik_2014 @DOI""10.1016/j.gsf.2014.01.002"" POLE_RECALCULATED-@REF Matthews_et_al_2016 @DOI""10.1016/j.gloplacha.2016.10.002""",3767
3767,6007,6007,267.0,-4.32,-54.04,86.99,604,604,False,"GAT-ICH  @REF Domeier_Torsvik_2014 @DOI""10.1016/j.gsf.2014.01.002"" POLE_RECALCULATED-@REF Matthews_et_al_2016 @DOI""10.1016/j.gloplacha.2016.10.002""",3768
3768,6007,6007,270.0,-5.23,-55.04,84.78,604,604,False,"GAT-ICH  @REF Domeier_Torsvik_2014 @DOI""10.1016/j.gsf.2014.01.002"" POLE_RECALCULATED-@REF Matthews_et_al_2016 @DOI""10.1016/j.gloplacha.2016.10.002""",3769
3769,6007,6007,275.0,-6.66,-57.89,85.12,604,604,False,"GAT-ICH  @REF Domeier_Torsvik_2014 @DOI""10.1016/j.gsf.2014.01.002"" POLE_RECALCULATED-@REF Matthews_et_al_2016 @DOI""10.1016/j.gloplacha.2016.10.002""",3770
3770,6007,6007,280.0,7.8100000000000005,121.88,-85.6,604,604,False,"GAT-ICH   @REF Domeier_Torsvik_2014 @DOI""10.1016/j.gsf.2014.01.002"" POLE_RECALCULATED-@REF Matthews_et_al_2016 @DOI""10.1016/j.gloplacha.2016.10.002""",3771
3771,6007,6007,290.0,8.64,120.89,-87.06,604,604,False,"GAT-ICH  @REF Domeier_Torsvik_2014 @DOI""10.1016/j.gsf.2014.01.002"" POLE_RECALCULATED-@REF Matthews_et_al_2016 @DOI""10.1016/j.gloplacha.2016.10.002""",3772
3772,6007,6007,300.0,9.44,120.82,-87.71,604,604,False,"GAT-ICH  @REF Domeier_Torsvik_2014 @DOI""10.1016/j.gsf.2014.01.002"" POLE_RECALCULATED-@REF Matthews_et_al_2016 @DOI""10.1016/j.gloplacha.2016.10.002""",3773
3773,6007,6007,310.0,8.84,121.15,-87.2,604,604,False,"GAT-ICH   @REF Domeier_Torsvik_2014 @DOI""10.1016/j.gsf.2014.01.002"" POLE_RECALCULATED-@REF Matthews_et_al_2016 @DOI""10.1016/j.gloplacha.2016.10.002""",3774
3774,6007,6007,320.0,7.93,121.26,-88.12,604,604,False,"GAT-ICH  @REF Domeier_Torsvik_2014 @DOI""10.1016/j.gsf.2014.01.002"" POLE_RECALCULATED-@REF Matthews_et_al_2016 @DOI""10.1016/j.gloplacha.2016.10.002""",3775
3775,6007,6007,330.0,7.83,121.38,-87.99,604,604,False,"GAT-ICH  @REF Domeier_Torsvik_2014 @DOI""10.1016/j.gsf.2014.01.002"" POLE_RECALCULATED-@REF Matthews_et_al_2016 @DOI""10.1016/j.gloplacha.2016.10.002""",3776
3776,6007,6007,340.0,7.83,121.5,-87.3,604,604,False,"GAT-ICH    @REF Domeier_Torsvik_2014 @DOI""10.1016/j.gsf.2014.01.002"" POLE_RECALCULATED-@REF Matthews_et_al_2016 @DOI""10.1016/j.gloplacha.2016.10.002""",3777
3777,6007,6007,350.0,8.42,121.23,-87.21,604,604,False,"GAT-ICH  @REF Domeier_Torsvik_2014 @DOI""10.1016/j.gsf.2014.01.002"" POLE_RECALCULATED-@REF Matthews_et_al_2016 @DOI""10.1016/j.gloplacha.2016.10.002""",3778
3778,6007,6007,360.0,8.15,121.37,-87.21,604,604,False,"GAT-ICH  @REF Domeier_Torsvik_2014 @DOI""10.1016/j.gsf.2014.01.002"" POLE_RECALCULATED-@REF Matthews_et_al_2016 @DOI""10.1016/j.gloplacha.2016.10.002""",3779
3779,6007,6007,370.0,7.46,121.75,-86.25,604,604,False,"GAT-ICH  @REF Domeier_Torsvik_2014 @DOI""10.1016/j.gsf.2014.01.002"" POLE_RECALCULATED-@REF Matthews_et_al_2016 @DOI""10.1016/j.gloplacha.2016.10.002""",3780
3780,6007,6007,410.0,7.46,121.75,-86.25,604,604,False,"GAT-ICH  @REF Domeier_Torsvik_2014 @DOI""10.1016/j.gsf.2014.01.002""",3781
3781,6007,6007,420.0,7.46,121.75,-86.25,604,604,False,"GAT-ICH  @REF Domeier_Torsvik_2014 @DOI""10.1016/j.gsf.2014.01.002""",3782
3782,6007,6007,430.0,7.46,121.75,-86.25,604,604,False,"GAT-ICH  @REF Domeier_Torsvik_2014 @DOI""10.1016/j.gsf.2014.01.002""",3783
3783,6008,6008,260.0,-25.91,52.08,39.62,602,602,False,"SCAT-SCH S.China-Annamia transform-South China  @REF Domeier_Torsvik_2014 @DOI""10.1016/j.gsf.2014.01.002"" POLE_RECALCULATED-@REF Matthews_et_al_2016 @DOI""10.1016/j.gloplacha.2016.10.002""",3784
3784,6008,6008,270.0,-50.33,60.99,41.96,602,602,False,"SCAT-SCH @REF Domeier_Torsvik_2014 @DOI""10.1016/j.gsf.2014.01.002"" POLE_RECALCULATED-@REF Matthews_et_al_2016 @DOI""10.1016/j.gloplacha.2016.10.002""",3785
3785,6008,6008,275.0,-29.77,70.16,45.13,602,602,False,"SCAT-SCH @REF Domeier_Torsvik_2014 @DOI""10.1016/j.gsf.2014.01.002"" POLE_RECALCULATED-@REF Matthews_et_al_2016 @DOI""10.1016/j.gloplacha.2016.10.002""",3786
3786,6008,6008,280.0,-62.39,69.77,46.94,602,602,False,"SCAT-SCH @REF Domeier_Torsvik_2014 @DOI""10.1016/j.gsf.2014.01.002"" POLE_RECALCULATED-@REF Matthews_et_al_2016 @DOI""10.1016/j.gloplacha.2016.10.002""",3787
3787,6008,6008,290.0,-69.88,48.51,44.48,602,602,False,"SCAT-SCH @REF Domeier_Torsvik_2014 @DOI""10.1016/j.gsf.2014.01.002"" POLE_RECALCULATED-@REF Matthews_et_al_2016 @DOI""10.1016/j.gloplacha.2016.10.002""",3788
3788,6008,6008,300.0,-69.05,44.86,37.27,602,602,False,"SCAT-SCH @REF Domeier_Torsvik_2014 @DOI""10.1016/j.gsf.2014.01.002"" POLE_RECALCULATED-@REF Matthews_et_al_2016 @DOI""10.1016/j.gloplacha.2016.10.002""",3789
3789,6008,6008,310.0,-69.47,51.25,33.42,602,602,False,"SCAT-SCH @REF Domeier_Torsvik_2014 @DOI""10.1016/j.gsf.2014.01.002"" POLE_RECALCULATED-@REF Matthews_et_al_2016 @DOI""10.1016/j.gloplacha.2016.10.002""",3790
3790,6008,6008,320.0,-73.81,39.35,30.63,602,602,False,"SCAT-SCH @REF Domeier_Torsvik_2014 @DOI""10.1016/j.gsf.2014.01.002"" POLE_RECALCULATED-@REF Matthews_et_al_2016 @DOI""10.1016/j.gloplacha.2016.10.002""",3791
3791,6008,6008,330.0,-75.7,35.52,27.59,602,602,False,"SCAT-SCH  @REF Domeier_Torsvik_2014 @DOI""10.1016/j.gsf.2014.01.002"" POLE_RECALCULATED-@REF Matthews_et_al_2016 @DOI""10.1016/j.gloplacha.2016.10.002""",3792
3792,6008,6008,340.0,-75.52,33.88,27.38,602,602,False,"SCAT-SCH @REF Domeier_Torsvik_2014 @DOI""10.1016/j.gsf.2014.01.002"" POLE_RECALCULATED-@REF Matthews_et_al_2016 @DOI""10.1016/j.gloplacha.2016.10.002""",3793
3793,6008,6008,350.0,-77.13,23.67,26.07,602,602,False,"SCAT-SCH @REF Domeier_Torsvik_2014 @DOI""10.1016/j.gsf.2014.01.002"" POLE_RECALCULATED-@REF Matthews_et_al_2016 @DOI""10.1016/j.gloplacha.2016.10.002""",3794
3794,6008,6008,360.0,-79.08,3.29,24.26,602,602,False,"SCAT-SCH @REF Domeier_Torsvik_2014 @DOI""10.1016/j.gsf.2014.01.002"" POLE_RECALCULATED-@REF Matthews_et_al_2016 @DOI""10.1016/j.gloplacha.2016.10.002""",3795
3795,6008,6008,370.0,82.45,144.15,-18.44,602,602,False,"SCAT-SCH @REF Domeier_Torsvik_2014 @DOI""10.1016/j.gsf.2014.01.002"" POLE_RECALCULATED-@REF Matthews_et_al_2016 @DOI""10.1016/j.gloplacha.2016.10.002""",3796
3796,6008,6008,380.0,66.02,155.59,-17.23,602,602,False,"SCAT-SCH @REF Domeier_Torsvik_2014 @DOI""10.1016/j.gsf.2014.01.002"" POLE_RECALCULATED-@REF Matthews_et_al_2016 @DOI""10.1016/j.gloplacha.2016.10.002""",3797
3797,6008,6008,410.0,66.02,155.59,-17.23,602,602,False,"SCAT-SCH  @REF Domeier_Torsvik_2014 @DOI""10.1016/j.gsf.2014.01.002"" POLE_RECALCULATED-@REF Matthews_et_al_2016 @DOI""10.1016/j.gloplacha.2016.10.002""",3798
3798,6008,6008,420.0,66.02,155.59,-17.23,602,602,False,"SCAT-SCH  @REF Domeier_Torsvik_2014 @DOI""10.1016/j.gsf.2014.01.002"" POLE_RECALCULATED-@REF Matthews_et_al_2016 @DOI""10.1016/j.gloplacha.2016.10.002""",3799
3799,6008,6008,430.0,66.02,155.59,-17.23,602,602,False,"SCAT-SCH  @REF Domeier_Torsvik_2014 @DOI""10.1016/j.gsf.2014.01.002"" POLE_RECALCULATED-@REF Matthews_et_al_2016 @DOI""10.1016/j.gloplacha.2016.10.002""",3800
3800,6009,6009,250.0,22.48,-92.85,99.12,604,604,False,"NCAT-ICH N.China-Annamia transform-Indochina (Annamia) @REF Domeier_Torsvik_2014 @DOI""10.1016/j.gsf.2014.01.002"" POLE_RECALCULATED-@REF Matthews_et_al_2016 @DOI""10.1016/j.gloplacha.2016.10.002""",3801
3801,6009,6009,260.0,19.91,-94.08,100.9,604,604,False,"NCAT-ICH  @REF Domeier_Torsvik_2014 @DOI""10.1016/j.gsf.2014.01.002"" POLE_RECALCULATED-@REF Matthews_et_al_2016 @DOI""10.1016/j.gloplacha.2016.10.002""",3802
3802,6009,6009,270.0,19.94,-94.88,100.64,604,604,False,"NCAT-ICH @REF Domeier_Torsvik_2014 @DOI""10.1016/j.gsf.2014.01.002"" POLE_RECALCULATED-@REF Matthews_et_al_2016 @DOI""10.1016/j.gloplacha.2016.10.002""",3803
3803,6009,6009,275.0,18.45,-95.63,101.59,604,604,False,"NCAT-ICH @REF Domeier_Torsvik_2014 @DOI""10.1016/j.gsf.2014.01.002"" POLE_RECALCULATED-@REF Matthews_et_al_2016 @DOI""10.1016/j.gloplacha.2016.10.002""",3804
3804,6009,6009,280.0,16.55,-93.93,98.09,604,604,False,"NCAT-ICH @REF Domeier_Torsvik_2014 @DOI""10.1016/j.gsf.2014.01.002"" POLE_RECALCULATED-@REF Matthews_et_al_2016 @DOI""10.1016/j.gloplacha.2016.10.002""",3805
3805,6009,6009,290.0,15.01,-94.89,99.22,604,604,False,"NCAT-ICH @REF Domeier_Torsvik_2014 @DOI""10.1016/j.gsf.2014.01.002"" POLE_RECALCULATED-@REF Matthews_et_al_2016 @DOI""10.1016/j.gloplacha.2016.10.002""",3806
3806,6009,6009,300.0,13.99,-95.28,100.24,604,604,False,"NCAT-ICH @REF Domeier_Torsvik_2014 @DOI""10.1016/j.gsf.2014.01.002"" POLE_RECALCULATED-@REF Matthews_et_al_2016 @DOI""10.1016/j.gloplacha.2016.10.002""",3807
3807,6009,6009,310.0,12.3,-97.55,93.35,604,604,False,"NCAT-ICH  @REF Domeier_Torsvik_2014 @DOI""10.1016/j.gsf.2014.01.002"" POLE_RECALCULATED-@REF Matthews_et_al_2016 @DOI""10.1016/j.gloplacha.2016.10.002""",3808
3808,6009,6009,320.0,8.75,-99.82,87.11,604,604,False,"NCAT-ICH @REF Domeier_Torsvik_2014 @DOI""10.1016/j.gsf.2014.01.002"" POLE_RECALCULATED-@REF Matthews_et_al_2016 @DOI""10.1016/j.gloplacha.2016.10.002""",3809
3809,6009,6009,330.0,12.67,-98.23,86.18,604,604,False,"NCAT-ICH @REF Domeier_Torsvik_2014 @DOI""10.1016/j.gsf.2014.01.002"" POLE_RECALCULATED-@REF Matthews_et_al_2016 @DOI""10.1016/j.gloplacha.2016.10.002""",3810
3810,6009,6009,340.0,14.01,-97.84,87.49,604,604,False,"NCAT-ICH @REF Domeier_Torsvik_2014 @DOI""10.1016/j.gsf.2014.01.002"" POLE_RECALCULATED-@REF Matthews_et_al_2016 @DOI""10.1016/j.gloplacha.2016.10.002""",3811
3811,6009,6009,350.0,6.67,-93.98,81.1,604,604,False,"NCAT-ICH  @REF Domeier_Torsvik_2014 @DOI""10.1016/j.gsf.2014.01.002"" POLE_RECALCULATED-@REF Matthews_et_al_2016 @DOI""10.1016/j.gloplacha.2016.10.002""",3812
3812,6009,6009,360.0,9.18,-92.51,83.34,604,604,False,"NCAT-ICH @REF Domeier_Torsvik_2014 @DOI""10.1016/j.gsf.2014.01.002"" POLE_RECALCULATED-@REF Matthews_et_al_2016 @DOI""10.1016/j.gloplacha.2016.10.002""",3813
3813,6009,6009,370.0,12.4,-91.33,83.67,604,604,False,"NCAT-ICH  @REF Domeier_Torsvik_2014 @DOI""10.1016/j.gsf.2014.01.002"" POLE_RECALCULATED-@REF Matthews_et_al_2016 @DOI""10.1016/j.gloplacha.2016.10.002""",3814
3814,6009,6009,380.0,-13.5,91.18,-80.96,604,604,False,"NCAT-ICH  @REF Domeier_Torsvik_2014 @DOI""10.1016/j.gsf.2014.01.002"" POLE_RECALCULATED-@REF Matthews_et_al_2016 @DOI""10.1016/j.gloplacha.2016.10.002""",3815
3815,6009,6009,390.0,-16.58,94.43,-74.77,604,604,False,"NCAT-ICH @REF Domeier_Torsvik_2014 @DOI""10.1016/j.gsf.2014.01.002"" POLE_RECALCULATED-@REF Matthews_et_al_2016 @DOI""10.1016/j.gloplacha.2016.10.002""",3816
3816,6009,6009,400.0,-24.79,98.8,-61.31,604,604,False,"NCAT-ICH  @REF Domeier_Torsvik_2014 @DOI""10.1016/j.gsf.2014.01.002"" POLE_RECALCULATED-@REF Matthews_et_al_2016 @DOI""10.1016/j.gloplacha.2016.10.002""",3817
3817,6009,6009,410.0,-28.44,103.51,-51.89,604,604,False,"NCAT-ICH @REF Domeier_Torsvik_2014 @DOI""10.1016/j.gsf.2014.01.002"" POLE_RECALCULATED-@REF Matthews_et_al_2016 @DOI""10.1016/j.gloplacha.2016.10.002""",3818
3818,6009,6009,420.0,-28.44,103.51,-51.89,604,604,False,"NCAT-ICH  @REF Domeier_Torsvik_2014 @DOI""10.1016/j.gsf.2014.01.002""",3819
3819,6009,6009,430.0,-28.44,103.51,-51.89,604,604,False,"NCAT-ICH  @REF Domeier_Torsvik_2014 @DOI""10.1016/j.gsf.2014.01.002""",3820
3820,6010,6010,250.0,90.0,0.0,0.0,101,101,False,"LST-NAM Laurussia-Siberia transform-North America (Laurussia)		     @REF Domeier_Torsvik_2014 @DOI""10.1016/j.gsf.2014.01.002""",3821
3821,6010,6010,340.0,4.83,34.4,-76.18,101,101,False,"LST-NAM  @REF Domeier_Torsvik_2014 @DOI""10.1016/j.gsf.2014.01.002""  POLE_RECALCULATED-@REF Matthews_et_al_2016 @DOI""10.1016/j.gloplacha.2016.10.002""",3822
3822,6010,6010,350.0,-11.99,14.49,-101.31,101,101,False,"LST-NAM @REF Domeier_Torsvik_2014 @DOI""10.1016/j.gsf.2014.01.002""  POLE_RECALCULATED-@REF Matthews_et_al_2016 @DOI""10.1016/j.gloplacha.2016.10.002""",3823
3823,6010,6010,360.0,15.05,-171.67,100.38,101,101,False,"LST-NAM @REF Domeier_Torsvik_2014 @DOI""10.1016/j.gsf.2014.01.002""  POLE_RECALCULATED-@REF Matthews_et_al_2016 @DOI""10.1016/j.gloplacha.2016.10.002""",3824
3824,6010,6010,370.0,18.28,-174.39,100.39,101,101,False,"LST-NAM @REF Domeier_Torsvik_2014 @DOI""10.1016/j.gsf.2014.01.002""  POLE_RECALCULATED-@REF Matthews_et_al_2016 @DOI""10.1016/j.gloplacha.2016.10.002""",3825
3825,6010,6010,380.0,18.27,-174.45,98.91,101,101,False,"LST-NAM @REF Domeier_Torsvik_2014 @DOI""10.1016/j.gsf.2014.01.002""  POLE_RECALCULATED-@REF Matthews_et_al_2016 @DOI""10.1016/j.gloplacha.2016.10.002""",3826
3826,6010,6010,390.0,17.43,-176.4,98.14,101,101,False,"LST-NAM  @REF Domeier_Torsvik_2014 @DOI""10.1016/j.gsf.2014.01.002""  POLE_RECALCULATED-@REF Matthews_et_al_2016 @DOI""10.1016/j.gloplacha.2016.10.002""",3827
3827,6010,6010,400.0,15.7,-176.33,97.22,101,101,False,"LST-NAM  @REF Domeier_Tdorsvik_2014 @DOI""10.1016/j.gsf.2014.01.002""  POLE_RECALCULATED-@REF Matthews_et_al_2016 @DOI""10.1016/j.gloplacha.2016.10.002""",3828
3828,6010,6010,410.0,21.13,177.98,93.81,101,101,False,"LST-NAM @REF Domeier_Torsvik_2014 @DOI""10.1016/j.gsf.2014.01.002""  POLE_RECALCULATED-@REF Matthews_et_al_2016 @DOI""10.1016/j.gloplacha.2016.10.002""",3829
3829,6010,6010,430.0,21.13,177.98,93.81,101,101,False,"LST-NAM  @REF Domeier_Torsvik_2014 @DOI""10.1016/j.gsf.2014.01.002"" POLE_RECALCULATED-@REF Matthews_et_al_2016 @DOI""10.1016/j.gloplacha.2016.10.002""",3830
3830,6011,6011,0.0,36.8736,143.564,-43.9254,602,602,False,Mianlue iso NCB side,3831
3831,6011,6011,275.0,36.8736,143.564,-43.9254,602,602,False,Mianlue isochron NCB side Young et al. (this study)  @xo_ys,3832
3832,6011,6011,275.0,-72.5803,176.6615,31.7821,601,601,False,Mianlue isochron NCB side Young et al. (this study),3833
3833,6011,6011,410.0,-72.5803,176.6615,31.7821,601,601,False,Mianlue iso NCB side Young et al. (this study),3834
3834,6012,6012,250.0,90.0,0.0,0.0,701,701,False,"KPT-AFR Kazakhstania-Paleotethys transform-Africa (Pangea)  @REF Domeier_Torsvik_2014 @DOI""10.1016/j.gsf.2014.01.002""",3835
3835,6012,6012,275.0,19.4,-53.76,67.71,701,701,False,"KPT-AFR   @REF Domeier_Torsvik_2014 @DOI""10.1016/j.gsf.2014.01.002"" POLE_RECALCULATED-@REF Matthews_et_al_2016 @DOI""10.1016/j.gloplacha.2016.10.002""",3836
3836,6012,6012,280.0,-19.53,126.4,-67.76,701,701,False,"KPT-AFR   @REF Domeier_Torsvik_2014 @DOI""10.1016/j.gsf.2014.01.002"" POLE_RECALCULATED-@REF Matthews_et_al_2016 @DOI""10.1016/j.gloplacha.2016.10.002""",3837
3837,6012,6012,290.0,-19.71,126.48,-67.85,701,701,False,"KPT-AFR  @REF Domeier_Torsvik_2014 @DOI""10.1016/j.gsf.2014.01.002"" POLE_RECALCULATED-@REF Matthews_et_al_2016 @DOI""10.1016/j.gloplacha.2016.10.002""",3838
3838,6012,6012,300.0,19.45,-53.7,67.99,701,701,False,"KPT-AFR   @REF Domeier_Torsvik_2014 @DOI""10.1016/j.gsf.2014.01.002"" POLE_RECALCULATED-@REF Matthews_et_al_2016 @DOI""10.1016/j.gloplacha.2016.10.002""",3839
3839,6012,6012,310.0,19.54,-53.66,67.78,701,701,False,"KPT-AFR  @REF Domeier_Torsvik_2014 @DOI""10.1016/j.gsf.2014.01.002"" POLE_RECALCULATED-@REF Matthews_et_al_2016 @DOI""10.1016/j.gloplacha.2016.10.002""",3840
3840,6012,6012,430.0,19.54,-53.66,67.78,701,701,False,"KPT-AFR  @REF Domeier_Torsvik_2014 @DOI""10.1016/j.gsf.2014.01.002"" POLE_RECALCULATED-@REF Matthews_et_al_2016 @DOI""10.1016/j.gloplacha.2016.10.002""",3841
3841,6013,6013,0.0,90.0,0.0,0.0,601,601,False,NQL-NCB North Qinling-North China,3842
3842,6013,6013,440.0,90.0,0.0,0.0,601,601,False,NQL-NCB,3843
3843,6013,6013,520.0,14.6701,17.0956,-4.9543,601,601,False,NQL-NCB,3844
3844,6013,6013,540.0,90.0,0.0,0.0,601,601,False,NQL-NCB,3845
3845,6013,6013,930.0,90.0,0.0,0.0,601,601,False,NQL-NCB,3846
3846,6013,6013,930.0,46.034,104.059,-140.582,401,401,False,"NQL-SIB @REF @REF Merdith_++_2021 @DOI""10.1016/j.earscirev.2020.103477""",3847
3847,6013,6013,970.0,40.617,98.8563,-179.4202,401,401,False,"NQL-SIB @REF @REF Merdith_++_2021 @DOI""10.1016/j.earscirev.2020.103477""",3848
3848,6013,6013,1010.0,40.617,98.8563,-179.4202,401,401,False,"NQL-SIB @REF @REF Merdith_++_2021 @DOI""10.1016/j.earscirev.2020.103477""",3849
3849,6021,6021,0.0,90.0,0.0,0.0,602,602,False,YNG-CAT Yangtze-Cathaysia,3850
3850,6021,6021,900.0,90.0,0.0,0.0,602,602,False,YNG-CAT,3851
3851,6021,6021,1100.0,-32.87,-33.52,18.53,602,602,False,YNG-CAT,3852
3852,6022,6022,0.0,90.0,0.0,0.0,602,602,False,"SCBAB-SCH @REF @REF Matthews_et_al_2016 @DOI""10.1016/j.gloplacha.2016.10.002"", Rollback motion for 259-250 Ma BAB SZ outboard of South China",3853
3853,6022,6022,250.0,25.2342,143.219,-148.455,602,602,False,"SCBAB-SCH @REF @REF Matthews_et_al_2016 @DOI""10.1016/j.gloplacha.2016.10.002"", Rollback motion for 259-250 Ma BAB SZ outboard of South China",3854
3854,6022,6022,250.0,-45.7837,-47.3667,88.6958,601,601,False,PAO-NCB Trench outboard Paleoasian Ocean-North China Young et al. (this study),3855
3855,6022,6022,320.0,-51.584,-34.5402,95.4403,601,601,False,PAO-NCB Young et al. (2019),3856
3856,6022,6022,330.0,-55.8832,-29.4924,75.4625,601,601,False,PAO-NCB Young et al. (2019),3857
3857,6022,6022,340.0,-53.8847,-25.3327,65.8228,601,601,False,PAO-NCB Young et al. (2019),3858
3858,6022,6022,350.0,-53.2551,-30.6003,74.2634,601,601,False,PAO-NCB Young et al. (2019),3859
3859,6022,6022,360.0,-51.1109,-36.7761,90.9472,601,601,False,PAO-NCB Young et al. (2019),3860
3860,6022,6022,370.0,-49.6339,-39.0269,104.9508,601,601,False,PAO-NCB Young et al. (2019),3861
3861,6022,6022,380.0,-47.7101,-38.7409,107.1788,601,601,False,PAO-NCB Young et al. (2019),3862
3862,6022,6022,390.0,-48.0147,-38.8,105.1393,601,601,False,PAO-NCB Young et al. (2019),3863
3863,6022,6022,400.0,-48.5034,-38.3491,106.1226,601,601,False,PAO-NCB Young et al. (2019),3864
3864,6022,6022,410.0,-48.9689,-39.3201,106.999,601,601,False,PAO-NCB Young et al. (2019),3865
3865,6023,6023,0.0,90.0,0.0,0.0,602,602,False,JGO-CAT	Jiangang Orogen-Cathaysia,3866
3866,6023,6023,1010.0,90.0,0.0,0.0,602,602,False,JGO-CAT,3867
3867,6024,6024,0.0,90.0,0.0,0.0,602,602,False,PHB-CAT Panxi Hannan Belt-Cathaysia,3868
3868,6024,6024,900.0,90.0,0.0,0.0,602,602,False,PHB-CAT,3869
3869,6024,6024,1000.0,25.0965,-148.7649,-5.1606,602,602,False,PHB-CAT,3870
3870,6024,6024,1010.0,25.0965,-148.7649,-5.1606,602,602,False,PHB-CAT,3871
3871,6025,6025,0.0,90.0,0.0,0.0,602,602,False,undifferentiated South China-Cathaysia,3872
3872,6025,6025,1010.0,90.0,0.0,0.0,602,602,False,,3873
3873,6026,6026,450.0,90.0,0.0,0.0,801,801,False,Ocean plate subducting under Proto Japan,3874
3874,6026,6026,455.0,65.1855,-175.827,-8.4573,801,801,False,Ocean plate subducting under Proto Japan,3875
3875,6026,6026,520.0,90.0,0.0,0.0,801,801,False,Ocean plate subducting under Proto Japan,3876
3876,6026,6026,1010.0,90.0,0.0,0.0,801,801,False,Ocean plate subducting under Proto Japan,3877
3877,6698,6698,0.0,90.0,0.0,0.0,9923,9923,False,WSOL2-MEL2 West Solomon Sea that becomes fixed to Melanesian Basin,3878
3878,6698,6698,25.0,90.0,0.0,0.0,9923,9923,False,WSOL2-MEL2 West Solomon Sea that becomes fixed to Melanesian Basin MS @xo_ys @absage @REF Seton_++_(in prep),3879
3879,6698,6698,25.0,12.19,-10.07,22.63,698,698,False,WSOL2-MEL2 West Solomon Sea that becomes fixed to Melanesian Basin MS @absage @REF Seton_++_(in prep),3880
3880,6698,6698,40.0,12.19,-10.07,22.63,698,698,False,WSOL2-MEL2 @absage,3881
3881,7001,7001,0.0,90.0,0.0,0.0,401,401,False,WSF-SIB Western syntaxis flowline - Siberia                    @absage,3882
3882,7001,7001,200.0,90.0,0.0,0.0,401,401,False,"WSF-SIB @REF van Hinsbergen_++_2011 @DOI""10.1029/2011TC002908"" @absage",3883
3883,7002,7002,0.0,90.0,0.0,0.0,401,401,False,EASF-SIB eastern syntaxis flowline - Siberia                   @absage,3884
3884,7002,7002,200.0,90.0,0.0,0.0,401,401,False,"EASF-SIB @REF van Hinsbergen_++_2011 @DOI""10.1029/2011TC002908"" @absage",3885
3885,7003,7003,0.0,90.0,0.0,0.0,7086,7086,False,BAG-SSE Bangong-Nujiang suture west of Karakoram Fault          @absage,3886
3886,7003,7003,13.0,34.93,70.7,2.7199999999999998,7086,7086,False,"BAG-SSE @REF van Hinsbergen_++_2011 @DOI""10.1029/2011TC002908""  @absage Calculated interactively by GPlates",3887
3887,7003,7003,30.0,37.48,62.62,2.75,7086,7086,False,"BAG-SSE @REF van Hinsbergen_++_2011 @DOI""10.1029/2011TC002908""  @absage Calculated interactively by GPlates",3888
3888,7003,7003,40.0,35.08,71.4,12.07,7086,7086,False,"BAG-SSE @REF van Hinsbergen_++_2011 @DOI""10.1029/2011TC002908"", Age Change @Au JAL @T 2015-07-22 @absage Calculated interactively by GPlates",3889
3889,7003,7003,140.0,35.08,71.4,12.07,7086,7086,False,"BAG-SSE @REF van Hinsbergen_++_2011 @DOI""10.1029/2011TC002908""  @absage",3890
3890,7003,7003,250.0,35.08,71.4,12.07,7086,7086,False,"BAG-SSE @REF van Hinsbergen_++_2011 @DOI""10.1029/2011TC002908""  @absage",3891
3891,7007,7007,0.0,90.0,0.0,0.0,501,501,False,INP-IND India proper-India                                      @absage,3892
3892,7007,7007,200.0,90.0,0.0,0.0,501,501,False,"INP-IND @REF van Hinsbergen_++_2011 @DOI""10.1029/2011TC002908""  @absage",3893
3893,7008,7008,0.0,90.0,0.0,0.0,401,401,False,HAN-SIB Hangai-Siberia                                          @absage,3894
3894,7008,7008,7.0,-78.68,4.82,0.27,401,401,False,"HAN-SIB @REF van Hinsbergen_++_2011 @DOI""10.1029/2011TC002908""  @absage",3895
3895,7008,7008,250.0,-78.68,4.82,0.27,401,401,False,"HAN-SIB @REF van Hinsbergen_++_2011 @DOI""10.1029/2011TC002908""  @absage",3896
3896,7009,7009,0.0,90.0,0.0,0.0,401,401,False,WMLB-SIB Western Margin Lake Baikal-Siberia                     @absage,3897
3897,7009,7009,250.0,90.0,0.0,0.0,401,401,False,"WMLB-SIB @REF van Hinsbergen_++_2011 @DOI""10.1029/2011TC002908"" @absage",3898
3898,7010,7010,0.0,90.0,0.0,0.0,401,401,False,MOAL-SIB Mongolian Altai topology-Siberia                       @absage,3899
3899,7010,7010,250.0,90.0,0.0,0.0,401,401,False,"MOAL-SIB @REF van Hinsbergen_++_2011 @DOI""10.1029/2011TC002908"" @absage",3900
3900,7011,7011,0.0,90.0,0.0,0.0,401,401,False,SWMA-SIB Southweastern boundary Mongolian Altai-Siberia         @absage,3901
3901,7011,7011,25.0,9.17,-2.43,-0.17,401,401,False,"SWMA-SIB @REF van Hinsbergen_++_2011 @DOI""10.1029/2011TC002908"" @absage",3902
3902,7011,7011,250.0,9.17,-2.43,-0.17,401,401,False,"SWMA-SIB @REF van Hinsbergen_++_2011 @DOI""10.1029/2011TC002908"" @absage",3903
3903,7012,7012,0.0,90.0,0.0,0.0,7008,7008,False,NEMA-HAN Northeastern boundary Mongolian Altai-Hangai           @absage,3904
3904,7012,7012,250.0,90.0,0.0,0.0,7008,7008,False,"NEMA-HAN @REF van Hinsbergen_++_2011 @DOI""10.1029/2011TC002908"" @absage",3905
3905,7013,7013,0.0,90.0,0.0,0.0,501,501,False,INC-IND India coastline-India                                   @absage,3906
3906,7013,7013,250.0,90.0,0.0,0.0,501,501,False,"INC-IND @REF van Hinsbergen_++_2011 @DOI""10.1029/2011TC002908""  @absage",3907
3907,7014,7014,0.0,90.0,0.0,0.0,7035,7035,False,MAMT-NPT Main Mantle Thrust-North Pamir Thrust                  @absage,3908
3908,7014,7014,10.0,33.64,80.46,14.33,7035,7035,False,"MAMT-NPT @REF van Hinsbergen_++_2011 @DOI""10.1029/2011TC002908"" @absage",3909
3909,7014,7014,30.0,28.69,79.27,27.16,7035,7035,False,"MAMT-NPT @REF van Hinsbergen_++_2011 @DOI""10.1029/2011TC002908"" @absage      @xo_ys",3910
3910,7014,7014,30.0,32.0963,81.7519,21.3729,7015,7015,False,MAMT-IYKF Main Mantle Thrust-Indus-Yarling Suture of Karakoram Fault @absage,3911
3911,7014,7014,200.0,32.0963,81.7519,21.3729,7015,7015,False,"MAMT-IYKF @REF van Hinsbergen_++_2011 @DOI""10.1029/2011TC002908"" @absage",3912
3912,7015,7015,0.0,90.0,0.0,0.0,7065,7065,False,IYKF-GDT Indus-Yarling suture east of Karakoram Fault-Gangdese Thrust @absage,3913
3913,7015,7015,10.0,90.0,0.0,0.0,7065,7065,False,"IYKF-GDT @REF van Hinsbergen_++_2011 @DOI""10.1029/2011TC002908"" @absage",3914
3914,7015,7015,13.0,-1.29,-1.8399999999999999,-0.21,7065,7065,False,"IYFF-GDT @REF van Hinsbergen_++_2011 @DOI""10.1029/2011TC002908"" @absage",3915
3915,7015,7015,24.0,-1.29,-1.8399999999999999,-0.21,7065,7065,False,"IYKF-GDT @REF van Hinsbergen_++_2011 @DOI""10.1029/2011TC002908"" @absage     @xo_ys",3916
3916,7015,7015,24.0,-1.29,-1.8399999999999999,-0.21,7132,7132,False,IYKF-GDF Indus-Yarling suture east of Karakoram Fault-Gangdese Forearc Outline @absage,3917
3917,7015,7015,30.0,-1.29,-1.8399999999999999,-0.21,7132,7132,False,"IYKF-GDF @REF van Hinsbergen_++_2011 @DOI""10.1029/2011TC002908"" @absage @xo_ys",3918
3918,7015,7015,30.0,-1.01,-2.07,-0.68,7065,7065,False,IYKF-GDT Indus-Yarling suture east of Karakoram Fault-Gangdese Thrust @absage,3919
3919,7015,7015,140.0,-1.01,-2.07,-0.68,7065,7065,False,"IYKF-GDT @REF van Hinsbergen_++_2011 @DOI""10.1029/2011TC002908"" @absage",3920
3920,7015,7015,250.0,-1.01,-2.07,-0.68,7065,7065,False,"IYKF-GDT @REF van Hinsbergen_++_2011 @DOI""10.1029/2011TC002908"" @absage",3921
3921,7016,7016,0.0,90.0,0.0,0.0,7035,7035,False,MKT-NPT Main Karakoram Thrust (Shyok suture; Bangong Nujiang suture west of Karakoram Fault?)-North Pamir Thrust  @absage,3922
3922,7016,7016,13.0,34.43,71.51,-24.01,7035,7035,False,"MKT-NPT @REF van Hinsbergen_++_2011 @DOI""10.1029/2011TC002908"" @absage",3923
3923,7016,7016,30.0,37.93,68.62,-29.64,7035,7035,False,"MKT-NPT @REF van Hinsbergen_++_2011 @DOI""10.1029/2011TC002908"" @absage  @xo_ys",3924
3924,7016,7016,30.0,-33.2677,-108.1494,22.6632,7017,7017,False,MKT-BNS Main Karakoram Thrust-Bangong Nujiang suture east of Karakoram fault @absage,3925
3925,7016,7016,100.0,-33.2677,-108.1494,22.6632,7017,7017,False,"MKT-BNS @REF van Hinsbergen_++_2011 @DOI""10.1029/2011TC002908"" @absage",3926
3926,7016,7016,140.0,-33.2677,-108.1494,22.6632,7017,7017,False,"MKT-BNS @REF van Hinsbergen_++_2011 @DOI""10.1029/2011TC002908"" @absage",3927
3927,7016,7016,250.0,-33.2677,-108.1494,22.6632,7017,7017,False,"MKT-BNS @REF van Hinsbergen_++_2011 @DOI""10.1029/2011TC002908"" @absage",3928
3928,7017,7017,0.0,90.0,0.0,0.0,7064,7064,False,BNS-LSB Bangong Nujiang suture east of Karakoram Fault-Southern Boundary Qiantang/Lhasa,3929
3929,7017,7017,13.0,41.85,-47.26,-0.26,7064,7064,False,"BNS-LSB @REF van Hinsbergen_++_2011 @DOI""10.1029/2011TC002908""",3930
3930,7017,7017,20.0,41.85,-47.26,-0.26,7064,7064,False,"BNS-LSB @REF van Hinsbergen_++_2011 @DOI""10.1029/2011TC002908""",3931
3931,7017,7017,21.0,25.93,-138.06,-0.15,7064,7064,False,"BNS-LSB @REF Gibbons_++_2015 @DOI""10.1016/j.gr.2015.01.001"" [van Hinsbergen pole but 15 Ma later]",3932
3932,7017,7017,40.0,-34.89,-114.02,27.11,7064,7064,False,"BNS-LSB @REF Gibbons_++_2015 @DOI""10.1016/j.gr.2015.01.001"", @REF Gibbons_2012 p'lats from Achache_++_1984 & Sun_++_2010",3933
3933,7017,7017,150.0,-39.63,-126.31,28.93,7064,7064,False,"BNS-LSB @REF Gibbons_++_2015 @DOI""10.1016/j.gr.2015.01.001"", @REF Gibbons_2012 p'lats from Achache_++_1984 & Sun_++_2010",3934
3934,7017,7017,180.0,-39.07,-125.15,29.37,7064,7064,False,"BNS-LSB @REF Gibbons_++_2015 @DOI""10.1016/j.gr.2015.01.001"", @REF Gibbons_2012 p'lats from Achache_++_1984 & Sun_++_2010 @xo_ys",3935
3935,7017,7017,180.0,-47.7562,147.6641,-62.2606,530,530,False,"BNS-LSB @REF Gibbons_++_2015 @DOI""10.1016/j.gr.2015.01.001"", @REF Gibbons_2012 p'lats from Achache_++_1984 & Sun_++_2010",3936
3936,7017,7017,250.0,-47.7562,147.6641,-62.2606,530,530,False,"BNS-LSB @REF Gibbons_++_2015 @DOI""10.1016/j.gr.2015.01.001""",3937
3937,7018,7018,0.0,90.0,0.0,0.0,7035,7035,False,JINW-NPT Jinsha suture west of Karakoram Fault-North Pamir Thrust @absage,3938
3938,7018,7018,13.0,36.49,69.04,-15.41,7035,7035,False,"JINW-NPT @REF van Hinsbergen_++_2011 @DOI""10.1029/2011TC002908"" @absage",3939
3939,7018,7018,30.0,38.12,69.92,-30.36,7035,7035,False,"JINW-NPT @REF van Hinsbergen_++_2011 @DOI""10.1029/2011TC002908"" @absage  @xo_ys",3940
3940,7018,7018,30.0,-32.68,-108.45,36.15,7020,7020,False,JINW-JINE Jinsha suture west of Karakoram Fault-Jinsha suture east of Altyn Tagh Fault @absage,3941
3941,7018,7018,140.0,-32.68,-108.45,36.15,7020,7020,False,"JINW-JINE @REF van Hinsbergen_++_2011 @DOI""10.1029/2011TC002908"" @absage",3942
3942,7018,7018,250.0,-32.68,-108.45,36.15,7020,7020,False,"JINW-JINE @REF van Hinsbergen_++_2011 @DOI""10.1029/2011TC002908"" @absage",3943
3943,7019,7019,0.0,90.0,0.0,0.0,7022,7022,False,JSEK-AKME Jinsha suture east of Karakoram Fault - Ayimaqin-Kunlun-Mutztagh suture east of Karakoram Fault @absage,3944
3944,7019,7019,13.0,90.0,0.0,0.0,7022,7022,False,"JSEK-AKME @REF van Hinsbergen_++_2011 @DOI""10.1029/2011TC002908"" @absage",3945
3945,7019,7019,30.0,33.55,80.29,10.31,7022,7022,False,"JSEK-AKME @REF van Hinsbergen_++_2011 @DOI""10.1029/2011TC002908"" @absage @xo_ys",3946
3946,7019,7019,30.0,-41.42,-101.85,-27.7,7020,7020,False,JSEK-JINE Jinsha suture east of Karakoram Fault-Jinsha suture east of Altyn Tagh Fault  @absage,3947
3947,7019,7019,140.0,-41.42,-101.85,-27.7,7020,7020,False,"JSEK-JINE @REF van Hinsbergen_++_2011 @DOI""10.1029/2011TC002908"" @absage",3948
3948,7019,7019,250.0,-41.42,-101.85,-27.7,7020,7020,False,"JSEK-JINE @REF van Hinsbergen_++_2011 @DOI""10.1029/2011TC002908"" @absage",3949
3949,7020,7020,0.0,90.0,0.0,0.0,7064,7064,False,JINE-LSB Jinsha suture east of Altyn Tagh Fault-Southern Boundary Qiantang/Lhasa @absage,3950
3950,7020,7020,13.0,-54.13,97.57,0.89,7064,7064,False,"JINE-LSB @REF van Hinsbergen_++_2011 @DOI""10.1029/2011TC002908"" @absage @xo_ys",3951
3951,7020,7020,13.0,48.8934,-85.2586,0.6318,7023,7023,False,JINE-AKMEA Jinsha suture east of Altyn Tagh Fault - Ayimaqin-Kunlun-Mutztagh suture east of Altyn Tagh Fault  @absage,3952
3952,7020,7020,23.0,45.0147,-118.2303,0.7115,7023,7023,False,"JINE-AKMEA @REF van Hinsbergen_++_2011 @DOI""10.1029/2011TC002908"" @absage",3953
3953,7020,7020,30.0,45.0147,-118.2303,0.7115,7023,7023,False,"JINE-AKMEA @REF van Hinsbergen_++_2011 @DOI""10.1029/2011TC002908"" @absage",3954
3954,7020,7020,50.0,29.4531,-151.4708,1.6008,7023,7023,False,"JINE-AKMEA @REF van Hinsbergen_++_2011 @DOI""10.1029/2011TC002908"" @absage",3955
3955,7020,7020,140.0,29.4531,-151.4708,1.6008,7023,7023,False,"JINE-AKMEA @REF van Hinsbergen_++_2011 @DOI""10.1029/2011TC002908"" @absage",3956
3956,7020,7020,250.0,29.4531,-151.4708,1.6008,7023,7023,False,"JINE-AKMEA @REF van Hinsbergen_++_2011 @DOI""10.1029/2011TC002908"" @absage",3957
3957,7021,7021,0.0,90.0,0.0,0.0,7035,7035,False,AKMWK-NPT Ayimaqin-Kunlun-Mutztagh suture west of Karakoram Fault-North Pamir Thrust @absage,3958
3958,7021,7021,13.0,35.55,73.15,-5.97,7035,7035,False,"AKMWK-NPT @REF van Hinsbergen_++_2011 @DOI""10.1029/2011TC002908"" @absage",3959
3959,7021,7021,23.0,37.87,72.65,-26.17,7035,7035,False,"AKMWK-NPT @REF van Hinsbergen_++_2011 @DOI""10.1029/2011TC002908"" @absage",3960
3960,7021,7021,30.0,38.27,72.05,-27.44,7035,7035,False,"AKMWK-NPT @REF van Hinsbergen_++_2011 @DOI""10.1029/2011TC002908"" @absage",3961
3961,7021,7021,200.0,35.55,73.15,-5.97,7035,7035,False,"AKMWK-NPT @REF van Hinsbergen_++_2011 @DOI""10.1029/2011TC002908"" @absage",3962
3962,7022,7022,0.0,90.0,0.0,0.0,7045,7045,False,AKME-NWKF Ayimaqin-Kunlun-Mutztagh suture east of Karakoram Fault-Northern western Kunlun fault  @absage,3963
3963,7022,7022,13.0,90.0,0.0,0.0,7045,7045,False,"AKME-NWKF @REF van Hinsbergen_++_2011 @DOI""10.1029/2011TC002908"" @absage",3964
3964,7022,7022,23.0,22.73,79.18,1.4100000000000001,7045,7045,False,"AKME-NWKF @REF van Hinsbergen_++_2011 @DOI""10.1029/2011TC002908"" @absage",3965
3965,7022,7022,30.0,35.06,80.96,7.96,7045,7045,False,"AKME-NWKF @REF van Hinsbergen_++_2011 @DOI""10.1029/2011TC002908"" @absage",3966
3966,7022,7022,200.0,35.06,80.96,7.96,7045,7045,False,"AKME-NWKF @REF van Hinsbergen_++_2011 @DOI""10.1029/2011TC002908"" @absage",3967
3967,7023,7023,0.0,90.0,0.0,0.0,7064,7064,False,AKMEA-LSB Ayimaqin-Kunlun-Mutztagh suture east of Altyn Tagh Fault - Southern Boundary Qiantang/Lhasa  @absage,3968
3968,7023,7023,13.0,-51.94,96.26,1.52,7064,7064,False,"AKMEA-LSB @REF van Hinsbergen_++_2011 @DOI""10.1029/2011TC002908"" @absage @xo_ys",3969
3969,7023,7023,13.0,53.78,74.73,-4.35,7079,7079,False,AKMEA-TAM Ayimaqin-Kunlun-Mutztagh suture east of Altyn Tagh Fault - Tarim @absage,3970
3970,7023,7023,30.0,-46.44,125.71,3.55,7079,7079,False,"AKMEA-TAM @REF van Hinsbergen_++_2011 @DOI""10.1029/2011TC002908"" @absage",3971
3971,7023,7023,250.0,-46.44,125.71,3.55,7079,7079,False,"AKMEA-TAM @REF van Hinsbergen_++_2011 @DOI""10.1029/2011TC002908"" @absage",3972
3972,7024,7024,0.0,90.0,0.0,0.0,7079,7079,False,NQS-TAM North Qilian suture - Tarim                              @absage,3973
3973,7024,7024,200.0,90.0,0.0,0.0,7079,7079,False,"NQS-TAM @REF van Hinsbergen_++_2011 @DOI""10.1029/2011TC002908""   @absage",3974
3974,7025,7025,0.0,90.0,0.0,0.0,402,402,False,STSS-KAZ South Tien Shan suture: Kazakhstan collage - Tarim suture east of Talasso Fergana Fault - Kazakhstan  @absage,3975
3975,7025,7025,23.0,-49.33,-85.09,-4.25,402,402,False,"STSS-KAZ @REF van Hinsbergen_++_2011 @DOI""10.1029/2011TC002908"" @absage",3976
3976,7025,7025,200.0,90.0,0.0,0.0,402,402,False,"STSS-KAZ @REF van Hinsbergen_++_2011 @DOI""10.1029/2011TC002908"" @absage",3977
3977,7026,7026,0.0,90.0,0.0,0.0,402,402,False,TFF-KAZ Talasso Fergana Fault - Kazakhstan                      @absage,3978
3978,7026,7026,200.0,90.0,0.0,0.0,402,402,False,"TFF-KAZ @REF van Hinsbergen_++_2011 @DOI""10.1029/2011TC002908""  @absage",3979
3979,7027,7027,0.0,90.0,0.0,0.0,402,402,False,KAZC-KAZ Kazakhstan collage - Tarim suture west of Talasso Fergana Fault - Kazakhstan @absage,3980
3980,7027,7027,23.0,38.15,69.29,-12.75,402,402,False,"KAZC-KAZ @REF van Hinsbergen_++_2011 @DOI""10.1029/2011TC002908"" @absage",3981
3981,7027,7027,200.0,90.0,0.0,0.0,402,402,False,"KAZC-KAZ @REF van Hinsbergen_++_2011 @DOI""10.1029/2011TC002908"" @absage",3982
3982,7028,7028,0.0,90.0,0.0,0.0,402,402,False,IGS-KAZ Irtysh-Gornostaev shear zone - Kazakhstan               @absage,3983
3983,7028,7028,200.0,90.0,0.0,0.0,402,402,False,"IGS-KAZ @REF van Hinsbergen_++_2011 @DOI""10.1029/2011TC002908""  @absage",3984
3984,7029,7029,0.0,90.0,0.0,0.0,402,402,False,WBK-KAZ Western boundary Kazakhstania - Kazakhstan              @absage,3985
3985,7029,7029,200.0,90.0,0.0,0.0,402,402,False,"WBK-KAZ @REF van Hinsbergen_++_2011 @DOI""10.1029/2011TC002908""  @absage",3986
3986,7030,7030,0.0,90.0,0.0,0.0,402,402,False,MCHM-KAZ Manchurides-Mongolian terranes boundary - Kazakhstan   @absage,3987
3987,7030,7030,200.0,90.0,0.0,0.0,402,402,False,"MCHM-KAZ @REF van Hinsbergen_++_2011 @DOI""10.1029/2011TC002908"" @absage",3988
3988,7031,7031,0.0,90.0,0.0,0.0,402,402,False,SGSC-KAZ Songpan-Ganzi-South China Block suture - Kazakhstan    @absage,3989
3989,7031,7031,200.0,90.0,0.0,0.0,402,402,False,"SGSC-KAZ @REF van Hinsbergen_++_2011 @DOI""10.1029/2011TC002908"" @absage",3990
3990,7032,7032,0.0,90.0,0.0,0.0,7079,7079,False,STSN-TAM Southern margin Tien Shan Neogene shortening topology - Tarim @absage,3991
3991,7032,7032,250.0,90.0,0.0,0.0,7079,7079,False,"STSN-TAM @REF van Hinsbergen_++_2011 @DOI""10.1029/2011TC002908""  @absage",3992
3992,7033,7033,0.0,90.0,0.0,0.0,7080,7080,False,NTSN-WNTS Northern margin Tien Shan Neogene shortening topology- Working line Northern Tien Shan @absage,3993
3993,7033,7033,250.0,90.0,0.0,0.0,7080,7080,False,"NTSN-WNTS @REF van Hinsbergen_++_2011 @DOI""10.1029/2011TC002908"" @absage",3994
3994,7034,7034,0.0,90.0,0.0,0.0,402,402,False,DAF-KAZ Darvaz Fault-Kazakhstan                                  @absage,3995
3995,7034,7034,13.0,36.28,67.5,-28.6,402,402,False,"DAF-KAZ @REF van Hinsbergen_++_2011 @DOI""10.1029/2011TC002908""   @absage",3996
3996,7034,7034,23.0,34.91,67.21,-50.64,402,402,False,"DAF-KAZ @REF van Hinsbergen_++_2011 @DOI""10.1029/2011TC002908""   @absage",3997
3997,7034,7034,30.0,33.91,66.43,-50.71,402,402,False,"DAF-KAZ @REF van Hinsbergen_++_2011 @DOI""10.1029/2011TC002908""   @absage",3998
3998,7034,7034,65.0,33.91,66.43,-50.71,402,402,False,"DAF-KAZ @REF van Hinsbergen_++_2011 @DOI""10.1029/2011TC002908""   @absage",3999
3999,7035,7035,0.0,90.0,0.0,0.0,402,402,False,NPT-KAZ North Pamir Thrust-Kazakhstan                            @absage,4000
4000,7035,7035,13.0,-14.26,-4.39,-1.83,402,402,False,"NPT-KAZ @REF van Hinsbergen_++_2011 @DOI""10.1029/2011TC002908""   @absage",4001
4001,7035,7035,23.0,-16.76,-2.19,-4.08,402,402,False,"NPT-KAZ @REF van Hinsbergen_++_2011 @DOI""10.1029/2011TC002908""   @absage",4002
4002,7035,7035,30.0,-17.74,-1.38,-5.12,402,402,False,"NPT-KAZ @REF van Hinsbergen_++_2011 @DOI""10.1029/2011TC002908""   @absage",4003
4003,7035,7035,65.0,-17.74,-1.38,-5.12,402,402,False,"NPT-KAZ @REF van Hinsbergen_++_2011 @DOI""10.1029/2011TC002908""   @absage",4004
4004,7036,7036,0.0,90.0,0.0,0.0,402,402,False,"KBTF-KAZ right-lateral transform fault connecting the main boundary thrust from the Chaman fault, NE boundary of the Kabul block - Kazakhstan @absage",4005
4005,7036,7036,65.0,90.0,0.0,0.0,402,402,False,"KBTF-KAZ @REF van Hinsbergen_++_2011 @DOI""10.1029/2011TC002908""  @absage",4006
4006,7037,7037,0.0,90.0,0.0,0.0,402,402,False,CHF-KAZ Chaman Fault-Kazakhstan                                  @absage,4007
4007,7037,7037,65.0,90.0,0.0,0.0,402,402,False,"CHF-KAZ @REF van Hinsbergen_++_2011 @DOI""10.1029/2011TC002908""   @absage",4008
4008,7038,7038,0.0,90.0,0.0,0.0,402,402,False,GAF-KAZ Gardez Fault-Kazakhstan                                  @absage,4009
4009,7038,7038,65.0,90.0,0.0,0.0,402,402,False,"GAF-KAZ @REF van Hinsbergen_++_2011 @DOI""10.1029/2011TC002908""   @absage",4010
4010,7039,7039,0.0,90.0,0.0,0.0,402,402,False,HEF-KAZ Helmand Fault-Kazakhstan                                 @absage,4011
4011,7039,7039,65.0,90.0,0.0,0.0,402,402,False,"HEF-KAZ @REF van Hinsbergen_++_2011 @DOI""10.1029/2011TC002908""   @absage",4012
4012,7040,7040,0.0,90.0,0.0,0.0,402,402,False,HERF-KAZ Herat Fault-Kazakhstan                                  @absage,4013
4013,7040,7040,65.0,90.0,0.0,0.0,402,402,False,"HERF-KAZ @REF van Hinsbergen_++_2011 @DOI""10.1029/2011TC002908""  @absage",4014
4014,7041,7041,0.0,90.0,0.0,0.0,7079,7079,False,KTF-TAR Kashgar Techeng transfer fault-Tarim                     @absage,4015
4015,7041,7041,65.0,90.0,0.0,0.0,7079,7079,False,"HTF-TAR @REF van Hinsbergen_++_2011 @DOI""10.1029/2011TC002908""   @absage",4016
4016,7042,7042,0.0,90.0,0.0,0.0,401,401,False,SWGS-SIB SW Gissar - western Tien Shan - northern Peter the First range boundary fault - Siberia @absage,4017
4017,7042,7042,250.0,90.0,0.0,0.0,401,401,False,"SWGS-SIB @REF van Hinsbergen_++_2011 @DOI""10.1029/2011TC002908""  @absage",4018
4018,7043,7043,0.0,90.0,0.0,0.0,7035,7035,False,KSE-NPT Kongur Shan extensional system - North Pamir Thrust      @absage,4019
4019,7043,7043,65.0,90.0,0.0,0.0,7035,7035,False,"NSE-NPT @REF van Hinsbergen_++_2011 @DOI""10.1029/2011TC002908""   @absage",4020
4020,7044,7044,0.0,90.0,0.0,0.0,7035,7035,False,KSW-NPT Kongur Shan western break-away - North Pamir Thrust      @absage,4021
4021,7044,7044,9.0,37.91,75.14,-8.35,7035,7035,False,"KSW-NPT @REF van Hinsbergen_++_2011 @DOI""10.1029/2011TC002908""   @absage",4022
4022,7044,7044,65.0,37.91,75.14,-8.35,7035,7035,False,"KSW-NPT @REF van Hinsbergen_++_2011 @DOI""10.1029/2011TC002908""   @absage",4023
4023,7045,7045,0.0,90.0,0.0,0.0,7079,7079,False,NWKF-TAM Northern western Kunlun fault - Tarim                   @absage,4024
4024,7045,7045,13.0,90.0,0.0,0.0,7079,7079,False,"NWKF-TAM @REF van Hinsbergen_++_2011 @DOI""10.1029/2011TC002908""  @absage",4025
4025,7045,7045,30.0,38.72,82.76,9.14,7079,7079,False,"NWKF-TAM @REF van Hinsbergen_++_2011 @DOI""10.1029/2011TC002908""  @absage",4026
4026,7045,7045,140.0,38.72,82.76,9.14,7079,7079,False,"NWKF-TAM @REF van Hinsbergen_++_2011 @DOI""10.1029/2011TC002908""  @absage",4027
4027,7046,7046,0.0,90.0,0.0,0.0,7079,7079,False,KOF-TAM Korla Fault-Tarim                                        @absage,4028
4028,7046,7046,65.0,90.0,0.0,0.0,7079,7079,False,"KOF-TAM @REF van Hinsbergen_++_2011 @DOI""10.1029/2011TC002908""   @absage",4029
4029,7047,7047,0.0,90.0,0.0,0.0,7079,7079,False,LNFT-TAM Lop Nor fold-thrust belt southern boundary - Tarim      @absage,4030
4030,7047,7047,65.0,90.0,0.0,0.0,7079,7079,False,"LNFT-TAM @REF van Hinsbergen_++_2011 @DOI""10.1029/2011TC002908""  @absage",4031
4031,7048,7048,0.0,90.0,0.0,0.0,7049,7049,False,SEKF-CKF SE Part of the Karakoram fault; 66 km displacement since 10 Ma - Central Part of Karakoram fault  @absage,4032
4032,7048,7048,10.0,30.44,79.36,-3.4,7049,7049,False,"SEKF-CKF @REF van Hinsbergen_++_2011 @DOI""10.1029/2011TC002908""  @absage",4033
4033,7049,7049,0.0,90.0,0.0,0.0,7079,7079,False,CKF-TAM Central Part of the Karakoram fault; 17-150 km displacement since 13 Ma - Tarim                    @absage,4034
4034,7049,7049,10.0,27.67,77.94,2.23,7079,7079,False,"CKF-TAM @REF van Hinsbergen_++_2011 @DOI""10.1029/2011TC002908""   @absage",4035
4035,7049,7049,65.0,27.67,77.94,2.23,7079,7079,False,"CKF-TAM @REF van Hinsbergen_++_2011 @DOI""10.1029/2011TC002908""   @absage",4036
4036,7050,7050,0.0,90.0,0.0,0.0,7079,7079,False,"NKF-TAM Northern part of the Karakoram fault, between Rushan Pshart and Longmu Ghoza - Tarim               @absage",4037
4037,7050,7050,65.0,90.0,0.0,0.0,7079,7079,False,"NKF-TAM @REF van Hinsbergen_++_2011 @DOI""10.1029/2011TC002908""   @absage",4038
4038,7051,7051,0.0,90.0,0.0,0.0,7079,7079,False,LUGF-TAM Longmu Ghoza fault-Tarim                                @absage,4039
4039,7051,7051,65.0,90.0,0.0,0.0,7079,7079,False,"LUGF-TAM @REF van Hinsbergen_++_2011 @DOI""10.1029/2011TC002908""  @absage",4040
4040,7052,7052,0.0,90.0,0.0,0.0,7045,7045,False,TKSB-NWKF southern boundary Tianshaihui-Kunlun shortening system - Northern western Kunlun fault           @absage,4041
4041,7052,7052,13.0,90.0,0.0,0.0,7045,7045,False,"TKSB-NWKF @REF van Hinsbergen_++_2011 @DOI""10.1029/2011TC002908"" @absage",4042
4042,7052,7052,23.0,38.56,75.43,-13.94,7045,7045,False,"TKSB-NWKF @REF van Hinsbergen_++_2011 @DOI""10.1029/2011TC002908"" @absage",4043
4043,7052,7052,65.0,41.18,79.71,-13.98,7045,7045,False,"TKSB-NWKF @REF van Hinsbergen_++_2011 @DOI""10.1029/2011TC002908"" @absage",4044
4044,7053,7053,0.0,90.0,0.0,0.0,7079,7079,False,CATF-TAM Central part Altyn Tagh fault between Karakax and junction Northern Altyn Tagh - Tarim            @absage,4045
4045,7053,7053,65.0,90.0,0.0,0.0,7079,7079,False,"CATF-TAM @REF van Hinsbergen_++_2011 @DOI""10.1029/2011TC002908""  @absage",4046
4046,7054,7054,0.0,90.0,0.0,0.0,7079,7079,False,SATF-TAM Southern part Altyn Tagh fault between Karakax and southern boundary Tianshaihui-Kunlun system - Tarim  @absage,4047
4047,7054,7054,65.0,90.0,0.0,0.0,7079,7079,False,"SATF-TAM @REF van Hinsbergen_++_2011 @DOI""10.1029/2011TC002908""  @absage",4048
4048,7055,7055,0.0,90.0,0.0,0.0,7079,7079,False,"NEATF-TAM Northeastern segment of the Altyn Tagh fault, bounding the deforming topology of the Qilian Shan-Eastern Kunlun Shan - Tarim @absage",4049
4049,7055,7055,65.0,90.0,0.0,0.0,7079,7079,False,"NEATF-TAM @REF van Hinsbergen_++_2011 @DOI""10.1029/2011TC002908"" @absage",4050
4050,7056,7056,0.0,90.0,0.0,0.0,7079,7079,False,NTQS-TAM Northern thrust Qilian Shan - Tarim                     @absage,4051
4051,7056,7056,65.0,90.0,0.0,0.0,7079,7079,False,"NTQS-TAM @REF van Hinsbergen_++_2011 @DOI""10.1029/2011TC002908""  @absage",4052
4052,7057,7057,0.0,90.0,0.0,0.0,7023,7023,False,SEKT-AKMEA Southern Eastern Kunlun Thrust - Ayimaqin-Kunlun-Mutztagh suture east of Altyn Tagh Fault       @absage,4053
4053,7057,7057,65.0,90.0,0.0,0.0,7023,7023,False,"SEKT-AKMEA @REF van Hinsbergen_++_2011 @DOI""10.1029/2011TC002908"" @absage",4054
4054,7058,7058,0.0,90.0,0.0,0.0,7023,7023,False,NMQ-AKMEA Northern margin Qaidam marker line - Ayimaqin-Kunlun-Mutztagh suture east of Altyn Tagh Fault    @absage,4055
4055,7058,7058,13.0,14.26,-3.51,0.4,7023,7023,False,"NMQ-AKMEA @REF van Hinsbergen_++_2011 @DOI""10.1029/2011TC002908"" @absage",4056
4056,7058,7058,23.0,45.14,-47.5,1.9,7023,7023,False,"NMQ-AKMEA @REF van Hinsbergen_++_2011 @DOI""10.1029/2011TC002908"" @absage",4057
4057,7058,7058,65.0,45.14,-47.5,1.9,7023,7023,False,"NMQ-AKMEA @REF van Hinsbergen_++_2011 @DOI""10.1029/2011TC002908"" @absage",4058
4058,7059,7059,0.0,90.0,0.0,0.0,7023,7023,False,SMQ-AKMEA Southern margin Qaidam marker line - Ayimaqin-Kunlun-Mutztagh suture east of Altyn Tagh Fault    @absage,4059
4059,7059,7059,13.0,43.66,-46.48,0.24,7023,7023,False,"SMQ-AKMEA @REF van Hinsbergen_++_2011 @DOI""10.1029/2011TC002908"" @absage",4060
4060,7059,7059,23.0,44.5,-47.74,1.3599999999999999,7023,7023,False,"SMQ-AKMEA @REF van Hinsbergen_++_2011 @DOI""10.1029/2011TC002908"" @absage",4061
4061,7059,7059,65.0,44.5,-47.74,1.3599999999999999,7023,7023,False,"SMQ-AKMEA @REF van Hinsbergen_++_2011 @DOI""10.1029/2011TC002908"" @absage",4062
4062,7060,7060,0.0,90.0,0.0,0.0,401,401,False,NWIS-SIB Marker line NW Indian motion wrt Siberia - Siberia      @absage,4063
4063,7060,7060,65.0,90.0,0.0,0.0,401,401,False,"NWIS-SIB @REF van Hinsbergen_++_2011 @DOI""10.1029/2011TC002908""  @absage",4064
4064,7061,7061,0.0,90.0,0.0,0.0,401,401,False,NEIS-SIB Marker line NE Indian motion wrt Siberia - Siberia      @absage,4065
4065,7061,7061,65.0,90.0,0.0,0.0,401,401,False,"NEIS-SIB @REF van Hinsbergen_++_2011 @DOI""10.1029/2011TC002908""  @absage",4066
4066,7062,7062,0.0,90.0,0.0,0.0,7023,7023,False,KUF-AKMEA Kunlun Fault - Ayimaqin-Kunlun-Mutztagh suture east of Altyn Tagh Fault                          @absage,4067
4067,7062,7062,65.0,90.0,0.0,0.0,7023,7023,False,"KUF-AKMEA @REF van Hinsbergen_++_2011 @DOI""10.1029/2011TC002908"" @absage",4068
4068,7063,7063,0.0,90.0,0.0,0.0,7064,7064,False,FSSB-LSB Southern boundary Fenghuo Shan - Southern Boundary Qiantang/Lhasa                                 @absage,4069
4069,7063,7063,13.0,51.94,-69.95,-0.35000000000000003,7064,7064,False,"FSSB-LSB @REF van Hinsbergen_++_2011 @DOI""10.1029/2011TC002908""  @absage @xo_ys",4070
4070,7063,7063,13.0,51.6389,-87.7423,1.1751,7023,7023,False,FSSB-AKMEA Southern boundary Fenghuo Shan - Ayimaqin-Kunlun-Mutztagh suture east of Altyn Tagh Fault       @absage,4071
4071,7063,7063,30.0,51.6389,-87.7423,1.1751,7023,7023,False,"FSSB-AKMEA @REF van Hinsbergen_++_2011 @DOI""10.1029/2011TC002908"" @absage",4072
4072,7063,7063,50.0,19.5381,-158.8367,1.8673000000000002,7023,7023,False,"FSSB-AKMEA @REF van Hinsbergen_++_2011 @DOI""10.1029/2011TC002908"" @absage",4073
4073,7063,7063,250.0,19.5381,-158.8367,1.8673000000000002,7023,7023,False,"FSSB-AKMEA @REF van Hinsbergen_++_2011 @DOI""10.1029/2011TC002908"" @absage",4074
4074,7064,7064,0.0,90.0,0.0,0.0,7079,7079,False,LSB-TAM Southern Boundary Qiangtang/Lhasa - Tarim                 @absage,4075
4075,7064,7064,13.0,33.64,79.54,-4.16,7079,7079,False,"LSB-TAM @REF van Hinsbergen_++_2011 @DOI""10.1029/2011TC002908""    @absage @xo_ys",4076
4076,7064,7064,13.0,51.9702,-83.7115,1.5201,7023,7023,False,LSB-AKMEA Southern Boundary Qiangtang/Lhasa - Ayimaqin-Kunlun-Mutztagh suture east of Altyn Tagh Fault     @absage,4077
4077,7064,7064,20.0,51.9702,-83.7115,1.5201,7023,7023,False,"LSB-AKMEA @REF van Hinsbergen_++_2011 @DOI""10.1029/2011TC002908""  @absage @xo_ys",4078
4078,7064,7064,20.0,51.94,-69.95,0.35000000000000003,7063,7063,False,LSB-FSSB Southern Boundary Qiangtang/Lhasa - Southern boundary Fenghuo Shan                                @absage,4079
4079,7064,7064,50.0,16.0372,-166.8782,0.931,7063,7063,False,"LSB-FSSB @REF van Hinsbergen_++_2011 @DOI""10.1029/2011TC002908""   @absage",4080
4080,7064,7064,65.0,16.0372,-166.8782,0.931,7063,7063,False,"LSB-FSSB @REF van Hinsbergen_++_2011 @DOI""10.1029/2011TC002908""   @absage",4081
4081,7064,7064,250.0,16.0372,-166.8782,0.931,7063,7063,False,"LSB-FSSB @REF van Hinsbergen_++_2011 @DOI""10.1029/2011TC002908""   @absage",4082
4082,7065,7065,0.0,90.0,0.0,0.0,7064,7064,False,GDT-LSB Gangdese thrust - Southern Boundary Qiangtang/Lhasa       @absage,4083
4083,7065,7065,10.0,-58.58,67.72,-0.22,7064,7064,False,"GDT-LSB @REF van Hinsbergen_++_2011 @DOI""10.1029/2011TC002908""    @absage",4084
4084,7065,7065,20.0,-58.58,67.72,-0.22,7064,7064,False,"GDT-LSB @REF van Hinsbergen_++_2011 @DOI""10.1029/2011TC002908""    @absage",4085
4085,7065,7065,50.0,-13.0,169.48,0.45,7064,7064,False,"GDT-LSB @REF van Hinsbergen_++_2011 @DOI""10.1029/2011TC002908""    @absage",4086
4086,7065,7065,65.0,-9.91,171.84,1.16,7064,7064,False,"GDT-LSB @REF van Hinsbergen_++_2011 @DOI""10.1029/2011TC002908""    @absage",4087
4087,7065,7065,250.0,-9.91,171.84,1.16,7064,7064,False,"GDT-LSB @REF van Hinsbergen_++_2011 @DOI""10.1029/2011TC002908""    @absage",4088
4088,7066,7066,0.0,90.0,0.0,0.0,7017,7017,False,JIF-BNS Jiali Fault - Bangong Nujiang suture east of Karakoram fault                                       @absage,4089
4089,7066,7066,13.0,90.0,0.0,0.0,7017,7017,False,"JIF-BNS @REF van Hinsbergen_++_2011 @DOI""10.1029/2011TC002908""    @absage",4090
4090,7067,7067,0.0,90.0,0.0,0.0,7096,7096,False,LTF-SCHI Longmenshan thrust front - South China                   @absage,4091
4091,7067,7067,10.0,-55.63,76.66,0.23,7096,7096,False,"LTF-SCHI @REF van Hinsbergen_++_2011 @DOI""10.1029/2011TC002908""   @absage",4092
4092,7067,7067,145.0,-55.63,76.66,0.23,7096,7096,False,"LTF-SCHI @REF van Hinsbergen_++_2011 @DOI""10.1029/2011TC002908""   @absage",4093
4093,7068,7068,0.0,90.0,0.0,0.0,7096,7096,False,QLF-SCHI Qinling fault - South China                              @absage,4094
4094,7068,7068,65.0,90.0,0.0,0.0,7096,7096,False,"QLF-SCHI @REF van Hinsbergen_++_2011 @DOI""10.1029/2011TC002908""   @absage",4095
4095,7069,7069,0.0,90.0,0.0,0.0,7096,7096,False,XSF-SCHI Xianshuihe fault - South China                           @absage,4096
4096,7069,7069,65.0,90.0,0.0,0.0,7096,7096,False,"XSF-SCHI @REF van Hinsbergen_++_2011 @DOI""10.1029/2011TC002908""   @absage",4097
4097,7070,7070,0.0,90.0,0.0,0.0,7096,7096,False,RRFZ-SCHI Red River fault zone - South China                      @absage,4098
4098,7070,7070,65.0,90.0,0.0,0.0,7096,7096,False,"RRFZ-SCHI @REF van Hinsbergen_++_2011 @DOI""10.1029/2011TC002908""  @absage",4099
4099,7071,7071,0.0,90.0,0.0,0.0,7017,7017,False,NYGR-BNS Nyaingtentanghla-Yadon-Gulu rift - Bangong Nujiang suture east of Karakoram fault                 @absage,4100
4100,7071,7071,10.0,-58.14,68.46,0.1,7017,7017,False,"NYGR-BNS @REF van Hinsbergen_++_2011 @DOI""10.1029/2011TC002908""   @absage",4101
4101,7071,7071,13.0,-58.14,68.46,0.1,7017,7017,False,"NYGR-BNS @REF van Hinsbergen_++_2011 @DOI""10.1029/2011TC002908""   @absage",4102
4102,7072,7072,0.0,90.0,0.0,0.0,7065,7065,False,GMD-GDT Gurla Mandhata detachment - Gangdese Thrust               @absage,4103
4103,7072,7072,10.0,-40.09,21.55,-0.5,7065,7065,False,"GMD-GDT @REF van Hinsbergen_++_2011 @DOI""10.1029/2011TC002908""    @absage",4104
4104,7073,7073,0.0,90.0,0.0,0.0,7065,7065,False,GUM-GDT Gurla Mandhata - MBT connecting strike-slip system - Gangdese Thrust                               @absage,4105
4105,7073,7073,10.0,27.51,83.66,-3.7800000000000002,7065,7065,False,"GUM-GDT @REF van Hinsbergen_++_2011 @DOI""10.1029/2011TC002908""    @absage",4106
4106,7074,7074,0.0,90.0,0.0,0.0,7014,7014,False,LEOP-MAMT Leo Pargil detachment - Main Mantle Thrust              @absage,4107
4107,7074,7074,10.0,-49.69,-86.84,0.77,7014,7014,False,"LEOP-MAMT @REF van Hinsbergen_++_2011 @DOI""10.1029/2011TC002908""  @absage",4108
4108,7074,7074,16.0,-41.18,-97.98,0.73,7014,7014,False,"LEOP-MAMT @REF van Hinsbergen_++_2011 @DOI""10.1029/2011TC002908""  @absage",4109
4109,7074,7074,65.0,-49.69,-86.84,0.77,7014,7014,False,"LEOP-MAMT @REF van Hinsbergen_++_2011 @DOI""10.1029/2011TC002908""  @absage",4110
4110,7075,7075,0.0,90.0,0.0,0.0,7077,7077,False,MBTH-MCTH Main Boundary thrust - Main Central Thrust southern outline                                      @absage,4111
4111,7075,7075,65.0,90.0,0.0,0.0,7077,7077,False,"MBTH-MCTH @REF van Hinsbergen_++_2011 @DOI""10.1029/2011TC002908""  @absage",4112
4112,7076,7076,0.0,90.0,0.0,0.0,7015,7015,False,STID-IYKF South Tibetan Detachment - Indus-Yarling suture east of Karakoram Fault                          @absage,4113
4113,7076,7076,20.0,90.0,0.0,0.0,7015,7015,False,"STID-IYKF @REF van Hinsbergen_++_2011 @DOI""10.1029/2011TC002908""  @absage",4114
4114,7076,7076,65.0,90.0,0.0,0.0,7015,7015,False,"STID-IYKF @REF van Hinsbergen_++_2011 @DOI""10.1029/2011TC002908""  @absage",4115
4115,7077,7077,0.0,90.0,0.0,0.0,7076,7076,False,MCTH-STID Main Central Thrust southern outline - South Tibetan Detachment                                  @absage,4116
4116,7077,7077,65.0,90.0,0.0,0.0,7076,7076,False,"MCTH-STID @REF van Hinsbergen_++_2011 @DOI""10.1029/2011TC002908""  @absage",4117
4117,7078,7078,0.0,90.0,0.0,0.0,7092,7092,False,COBU-MMTW Coward & Butler 1985 section - Main Mantle Thrust West                                           @absage,4118
4118,7078,7078,65.0,90.0,0.0,0.0,7092,7092,False,"COBU-MMTW @REF van Hinsbergen_++_2011 @DOI""10.1029/2011TC002908""  @absage",4119
4119,7079,7079,0.0,90.0,0.0,0.0,7033,7033,False,TAM-NTSN Tarim - Northern margin Tien Shan Neogene shortening topology                                     @absage,4120
4120,7079,7079,23.0,-40.36,-81.74,-6.89,7033,7033,False,"TAM-NTSN @REF van Hinsbergen_++_2011 @DOI""10.1029/2011TC002908""   @absage",4121
4121,7079,7079,250.0,-40.36,-81.74,-6.89,7033,7033,False,"TAM-NTSN @REF van Hinsbergen_++_2011 @DOI""10.1029/2011TC002908""   @absage",4122
4122,7080,7080,0.0,90.0,0.0,0.0,7011,7011,False,WNTS-SWMA Working line Northern Tien Shan - South Western Boundary Mongolian Altai                         @absage,4123
4123,7080,7080,23.0,-47.15,-77.1,0.54,7011,7011,False,"WNTS-SWMA @REF van Hinsbergen_++_2011 @DOI""10.1029/2011TC002908""  @absage",4124
4124,7080,7080,250.0,-47.15,-77.1,0.54,7011,7011,False,"WNTS-SWMA @REF van Hinsbergen_++_2011 @DOI""10.1029/2011TC002908""  @absage",4125
4125,7081,7081,0.0,90.0,0.0,0.0,7079,7079,False,ATDB1-TAM Akato Tagh double bend 1 - Tarim                           @absage,4126
4126,7081,7081,65.0,90.0,0.0,0.0,7079,7079,False,"ATDB1-TAM @REF van Hinsbergen_++_2011 @DOI""10.1029/2011TC002908""     @absage",4127
4127,7082,7082,0.0,90.0,0.0,0.0,7079,7079,False,ATDB2-TAM Akato Tagh double bend 2 - Tarim                           @absage,4128
4128,7082,7082,18.0,50.03,-72.46,0.26,7079,7079,False,"ATDB2-TAM @REF van Hinsbergen_++_2011 @DOI""10.1029/2011TC002908""     @absage",4129
4129,7082,7082,65.0,90.0,0.0,0.0,7079,7079,False,"ATDB2-TAM @REF van Hinsbergen_++_2011 @DOI""10.1029/2011TC002908""     @absage",4130
4130,7083,7083,0.0,90.0,0.0,0.0,402,402,False,ALF-KAZ Alburz Fault - Kazakhstan                                    @absage,4131
4131,7083,7083,65.0,90.0,0.0,0.0,402,402,False,"ALF-KAZ @REF van Hinsbergen_++_2011 @DOI""10.1029/2011TC002908""       @absage",4132
4132,7084,7084,0.0,90.0,0.0,0.0,7035,7035,False,JKE-NPT Jinsha Karakoram East - North Pamir Thrust                   @absage,4133
4133,7084,7084,13.0,38.62,77.26,20.15,7035,7035,False,"JKE-NPT @REF van Hinsbergen_++_2011 @DOI""10.1029/2011TC002908""     @absage",4134
4134,7084,7084,30.0,37.14,75.37,45.26,7035,7035,False,"JKE-NPT @REF van Hinsbergen_++_2011 @DOI""10.1029/2011TC002908""     @absage    @xo_ys",4135
4135,7084,7084,30.0,-41.25,-100.87,-39.74,7020,7020,False,JKE-JINE Jinsha Karakoram East - Jinsha suture east of Altyn Tagh Fault                                     @absage,4136
4136,7084,7084,140.0,-41.25,-100.87,-39.74,7020,7020,False,"JKE-JINE @REF van Hinsbergen_++_2011 @DOI""10.1029/2011TC002908""    @absage",4137
4137,7084,7084,250.0,-41.25,-100.87,-39.74,7020,7020,False,"JKE-JINE @REF van Hinsbergen_++_2011 @DOI""10.1029/2011TC002908""    @absage",4138
4138,7085,7085,0.0,-51.38,72.93,0.07,7035,7035,False,AKMS-NPT Ayimaqin-Kunlun-Mustagh suture east within Pamir - Pamir  @absage,4139
4139,7085,7085,13.0,-37.02,-104.45,-5.0,7035,7035,False,"AKMS-NPT @REF van Hinsbergen_++_2011 @DOI""10.1029/2011TC002908""    @absage",4140
4140,7085,7085,30.0,-37.03,-105.3,-16.01,7035,7035,False,"AKMS-NPT @REF van Hinsbergen_++_2011 @DOI""10.1029/2011TC002908""    @absage",4141
4141,7085,7085,140.0,-37.02,-104.45,-5.0,7035,7035,False,"AKMS-NPT @REF van Hinsbergen_++_2011 @DOI""10.1029/2011TC002908""    @absage",4142
4142,7086,7086,0.0,90.0,0.0,0.0,7035,7035,False,SSE-NPT Shyok Suture east - North Pamir Thrust                     @absage,4143
4143,7086,7086,13.0,38.88,83.27,7.39,7035,7035,False,"SSE-NPT @REF van Hinsbergen_++_2011 @DOI""10.1029/2011TC002908""     @absage",4144
4144,7086,7086,30.0,29.91,79.06,18.59,7035,7035,False,"SSE-NPT @REF van Hinsbergen_++_2011 @DOI""10.1029/2011TC002908""     @absage    @xo_ys",4145
4145,7086,7086,30.0,-37.3113,-103.2968,-25.381,7017,7017,False,SSE-BNS Shyok Suture east - Bangong Nujiang suture east of Karakoram fault                                  @absage,4146
4146,7086,7086,50.0,39.1978,77.9913,16.5712,7017,7017,False,"SSE-BNS @REF van Hinsbergen_++_2011 @DOI""10.1029/2011TC002908""     @absage",4147
4147,7086,7086,140.0,39.1978,77.9913,16.5712,7017,7017,False,"SSE-BNS @REF van Hinsbergen_++_2011 @DOI""10.1029/2011TC002908""     @absage",4148
4148,7086,7086,250.0,39.1978,77.9913,16.5712,7017,7017,False,"SSE-BNS @REF van Hinsbergen_++_2011 @DOI""10.1029/2011TC002908""     @absage",4149
4149,7087,7087,23.0,90.0,0.0,0.0,402,402,False,TBM-KAZ Outline pre-23 Ma Tadjik Basin margin - Kazakhstan         @absage,4150
4150,7087,7087,65.0,90.0,0.0,0.0,402,402,False,"TBM-KAZ @REF van Hinsbergen_++_2011 @DOI""10.1029/2011TC002908""     @absage",4151
4151,7088,7088,0.0,90.0,0.0,0.0,7014,7014,False,STDW-MAMT South Tibetan Detachment west - Main Mantle Thrust       @absage,4152
4152,7088,7088,65.0,90.0,0.0,0.0,7014,7014,False,"STDW-MAMT @REF van Hinsbergen_++_2011 @DOI""10.1029/2011TC002908""   @absage",4153
4153,7089,7089,0.0,90.0,0.0,0.0,7035,7035,False,MBTC-NPT Main Boundary Thrust center - North Pamir Thrust          @absage,4154
4154,7089,7089,20.0,26.92,82.79,12.12,7035,7035,False,"MBTC-NPT @REF van Hinsbergen_++_2011 @DOI""10.1029/2011TC002908""    @absage",4155
4155,7089,7089,65.0,26.92,82.79,12.12,7035,7035,False,"MBTC-NPT @REF van Hinsbergen_++_2011 @DOI""10.1029/2011TC002908""    @absage",4156
4156,7090,7090,0.0,90.0,0.0,0.0,7035,7035,False,MBTW-NPT Main Boundary Thrust west - North Pamir Thrust            @absage,4157
4157,7090,7090,65.0,90.0,0.0,0.0,7035,7035,False,"MBTW-NPT @REF van Hinsbergen_++_2011 @DOI""10.1029/2011TC002908""    @absage",4158
4158,7091,7091,0.0,90.0,0.0,0.0,7035,7035,False,MCTW-NPT Main Central Thrust west - North Pamir Thrust             @absage,4159
4159,7091,7091,10.0,33.31,82.6,8.78,7035,7035,False,"MCTW-NPT @REF van Hinsbergen_++_2011 @DOI""10.1029/2011TC002908""    @absage",4160
4160,7091,7091,23.0,33.31,82.6,8.78,7035,7035,False,"MCTW-NPT @REF van Hinsbergen_++_2011 @DOI""10.1029/2011TC002908""    @absage",4161
4161,7092,7092,0.0,90.0,0.0,0.0,7035,7035,False,MMTW-NPT Main Mantle Thrust west - North Pamir Thrust              @absage,4162
4162,7092,7092,10.0,-34.18,-79.69,-3.04,7035,7035,False,"MMTW-NPT @REF van Hinsbergen_++_2011 @DOI""10.1029/2011TC002908""    @absage",4163
4163,7092,7092,30.0,-20.09,-94.26,-10.5,7035,7035,False,"MMTW-NPT @REF van Hinsbergen_++_2011 @DOI""10.1029/2011TC002908""    @absage @xo_ys",4164
4164,7092,7092,30.0,-24.2149,-78.8691,-4.7567,7015,7015,False,"MMTW-NPT @REF van Hinsbergen_++_2011 @DOI""10.1029/2011TC002908""    @absage",4165
4165,7092,7092,200.0,-24.2149,-78.8691,-4.7567,7015,7015,False,"MMTW-NPT @REF van Hinsbergen_++_2011 @DOI""10.1029/2011TC002908""    @absage",4166
4166,7093,7093,0.0,90.0,0.0,0.0,7065,7065,False,GMB-GDT Gurla Mandhata breakaway - Gangdese Thrust                 @absage,4167
4167,7093,7093,65.0,90.0,0.0,0.0,7065,7065,False,"GMB-GDT @REF van Hinsbergen_++_2011 @DOI""10.1029/2011TC002908""     @absage",4168
4168,7094,7094,0.0,90.0,0.0,0.0,402,402,False,FIWM-KAZ Outline future western margin India proper - Kazakhstan   @absage,4169
4169,7094,7094,65.0,90.0,0.0,0.0,402,402,False,"FIWM-KAZ @REF van Hinsbergen_++_2011 @DOI""10.1029/2011TC002908""    @absage",4170
4170,7095,7095,0.0,90.0,0.0,0.0,7017,7017,False,NYGR-BNS Nyaingtentanghla-Yadon-Gulu rift breakaway - Bangong Nujiang suture east of Karakoram fault        @absage,4171
4171,7095,7095,13.0,90.0,0.0,0.0,7017,7017,False,"NYGR-BNS @REF van Hinsbergen_++_2011 @DOI""10.1029/2011TC002908""    @absage",4172
4172,7096,7096,0.0,90.0,0.0,0.0,401,401,False,SCHI-SIB South China - Siberia                                     @absage,4173
4173,7096,7096,10.0,6.5,101.4,1.6,401,401,False,"SCHI-SIB @REF van Hinsbergen_++_2011 @DOI""10.1029/2011TC002908""    @absage",4174
4174,7096,7096,180.0,6.5,101.4,1.6,401,401,False,"SCHI-SIB @REF van Hinsbergen_++_2011 @DOI""10.1029/2011TC002908""    @absage Merger changed by @REF Torsvik_2006 @xo_ys",4175
4175,7096,7096,180.0,22.4984,73.0877,12.1645,602,602,False,"SCHI-SCH @REF van Hinsbergen_++_2011 @DOI""10.1029/2011TC002908""    @absage Merger changed by @REF Torsvik_2006",4176
4176,7096,7096,250.0,22.4984,73.0877,12.1645,602,602,False,"SCHI-SCH @REF van Hinsbergen_++_2011 @DOI""10.1029/2011TC002908""    @absage Merger changed by @REF Torsvik_2006",4177
4177,7097,7097,0.0,90.0,0.0,0.0,7023,7023,False,TB1-AKMEA marker illustrating E-W Tibetan extension since 10 Ma - 1 - Ayimaqin-Kunlun-Mutztagh suture east of Altyn Tagh Fault   @absage,4178
4178,7097,7097,10.0,-54.31,-63.65,3.12,7023,7023,False,"TB1-AKMEA @REF van Hinsbergen_++_2011 @DOI""10.1029/2011TC002908""   @absage",4179
4179,7097,7097,13.0,-54.31,-63.65,3.12,7023,7023,False,"TB1-AKMEA @REF van Hinsbergen_++_2011 @DOI""10.1029/2011TC002908""   @absage",4180
4180,7098,7098,0.0,90.0,0.0,0.0,7023,7023,False,TB2-AKMEA marker illustrating E-W Tibetan extension since 10 Ma - 2 - Ayimaqin-Kunlun-Mutztagh suture east of Altyn Tagh Fault   @absage,4181
4181,7098,7098,10.0,-56.48,-65.55,2.87,7023,7023,False,"TB2-AKMEA @REF van Hinsbergen_++_2011 @DOI""10.1029/2011TC002908""   @absage",4182
4182,7098,7098,13.0,-56.48,-65.55,2.87,7023,7023,False,"TB2-AKMEA @REF van Hinsbergen_++_2011 @DOI""10.1029/2011TC002908""   @absage",4183
4183,7099,7099,0.0,90.0,0.0,0.0,7017,7017,False,GAF-BNS Ganzi Fault - Bangong Nujiang suture east of Karakoram fault                                                             @absage,4184
4184,7099,7099,13.0,90.0,0.0,0.0,7017,7017,False,"GAF-BNS @REF van Hinsbergen_++_2011 @DOI""10.1029/2011TC002908""     @absage",4185
4185,7100,7100,0.0,90.0,0.0,0.0,7017,7017,False,GCF-BNS strike-slip fault of @REF Murphy_2010 - Bangong Nujiang suture east of Karakoram fault                                   @absage,4186
4186,7100,7100,13.0,90.0,0.0,0.0,7017,7017,False,"GCF-BNS @REF van Hinsbergen_++_2011 @DOI""10.1029/2011TC002908""     @absage",4187
4187,7101,7101,0.0,90.0,0.0,0.0,7017,7017,False,GCF-BNS connected rift of @REF Murphy_2010 - Bangong Nujiang suture east of Karakoram fault                                      @absage,4188
4188,7101,7101,10.0,-50.98,44.33,0.04,7017,7017,False,"GCF-BNS @REF van Hinsbergen_++_2011 @DOI""10.1029/2011TC002908""     @absage",4189
4189,7101,7101,13.0,-50.98,44.33,0.04,7017,7017,False,"GCF-BNS @REF van Hinsbergen_++_2011 @DOI""10.1029/2011TC002908""     @absage",4190
4190,7102,7102,0.0,90.0,0.0,0.0,7017,7017,False,"GCF-BNS @REF van Hinsbergen_++_2011 @DOI""10.1029/2011TC002908""     @absage",4191
4191,7102,7102,13.0,90.0,0.0,0.0,7017,7017,False,"GCF-BNS @REF van Hinsbergen_++_2011 @DOI""10.1029/2011TC002908""     @absage",4192
4192,7103,7103,0.0,90.0,0.0,0.0,7017,7017,False,USSR-BNS Unnamed strike-slip and connected rift - Bangong Nujiang suture east of Karakoram fault                                 @absage,4193
4193,7103,7103,13.0,90.0,0.0,0.0,7017,7017,False,"USSR-BNS @REF van Hinsbergen_++_2011 @DOI""10.1029/2011TC002908""    @absage",4194
4194,7104,7104,0.0,90.0,0.0,0.0,7017,7017,False,"USSR-BNS @REF van Hinsbergen_++_2011 @DOI""10.1029/2011TC002908""    @absage",4195
4195,7104,7104,13.0,-58.79,77.84,0.03,7017,7017,False,"USSR-BNS @REF van Hinsbergen_++_2011 @DOI""10.1029/2011TC002908""    @absage",4196
4196,7105,7105,0.0,90.0,0.0,0.0,7017,7017,False,"USSR-BNS @REF van Hinsbergen_++_2011 @DOI""10.1029/2011TC002908""    @absage",4197
4197,7105,7105,13.0,90.0,0.0,0.0,7017,7017,False,"USSR-BNS @REF van Hinsbergen_++_2011 @DOI""10.1029/2011TC002908""    @absage",4198
4198,7106,7106,0.0,90.0,0.0,0.0,7017,7017,False,TAKG-BNS Takkhola Graben - Bangong Nujiang suture east of Karakoram fault                                                        @absage,4199
4199,7106,7106,10.0,-58.94,61.54,0.03,7017,7017,False,"TAKG-BNS @REF van Hinsbergen_++_2011 @DOI""10.1029/2011TC002908""    @absage",4200
4200,7106,7106,13.0,-58.94,61.54,0.03,7017,7017,False,"TAKG-BNS @REF van Hinsbergen_++_2011 @DOI""10.1029/2011TC002908""    @absage",4201
4201,7107,7107,0.0,90.0,0.0,0.0,7017,7017,False,TKGB-BNS Takkhola Graben breakaway - Bangong Nujiang suture east of Karakoram fault                                              @absage,4202
4202,7107,7107,13.0,90.0,0.0,0.0,7017,7017,False,"TKGB-BNS @REF van Hinsbergen_++_2011 @DOI""10.1029/2011TC002908""    @absage",4203
4203,7108,7108,0.0,90.0,0.0,0.0,7017,7017,False,LPK-BNS Lopukangri graben @REF Murphy_2010 - Bangong Nujiang suture east of Karakoram fault                                      @absage,4204
4204,7108,7108,10.0,-59.17,68.97,0.06,7017,7017,False,"LPK-BNS @REF van Hinsbergen_++_2011 @DOI""10.1029/2011TC002908""     @absage",4205
4205,7108,7108,13.0,-59.17,68.97,0.06,7017,7017,False,"LPK-BNS @REF van Hinsbergen_++_2011 @DOI""10.1029/2011TC002908""     @absage",4206
4206,7109,7109,0.0,90.0,0.0,0.0,7017,7017,False,LPKB-BNS Lopukangri break-away - Bangong Nujiang suture east of Karakoram fault                                                  @absage,4207
4207,7109,7109,10.0,90.0,0.0,0.0,7017,7017,False,"LPKB-BNS @REF van Hinsbergen_++_2011 @DOI""10.1029/2011TC002908""    @absage",4208
4208,7109,7109,13.0,90.0,0.0,0.0,7017,7017,False,"LPKB-BNS @REF van Hinsbergen_++_2011 @DOI""10.1029/2011TC002908""    @absage",4209
4209,7110,7110,0.0,90.0,0.0,0.0,7017,7017,False,USSR-BNS Unnamed strike-slip and connected rift - Bangong Nujiang suture east of Karakoram fault                                 @absage,4210
4210,7110,7110,13.0,90.0,0.0,0.0,7017,7017,False,"USSR-BNS @REF van Hinsbergen_++_2011 @DOI""10.1029/2011TC002908""    @absage",4211
4211,7111,7111,0.0,90.0,0.0,0.0,7017,7017,False,"USSR-BNS @REF van Hinsbergen_++_2011 @DOI""10.1029/2011TC002908""    @absage",4212
4212,7111,7111,10.0,-38.23,22.06,0.04,7017,7017,False,"USSR-BNS @REF van Hinsbergen_++_2011 @DOI""10.1029/2011TC002908""    @absage",4213
4213,7111,7111,13.0,-38.23,22.06,0.04,7017,7017,False,"USSR-BNS @REF van Hinsbergen_++_2011 @DOI""10.1029/2011TC002908""    @absage",4214
4214,7112,7112,0.0,90.0,0.0,0.0,7017,7017,False,"USSR-BNS @REF van Hinsbergen_++_2011 @DOI""10.1029/2011TC002908""    @absage",4215
4215,7112,7112,13.0,90.0,0.0,0.0,7017,7017,False,"USSR-BNS @REF van Hinsbergen_++_2011 @DOI""10.1029/2011TC002908""    @absage",4216
4216,7113,7113,0.0,90.0,0.0,0.0,7017,7017,False,"USSR-BNS @REF van Hinsbergen_++_2011 @DOI""10.1029/2011TC002908""    @absage",4217
4217,7113,7113,13.0,90.0,0.0,0.0,7017,7017,False,"USSR-BNS @REF van Hinsbergen_++_2011 @DOI""10.1029/2011TC002908""    @absage",4218
4218,7114,7114,0.0,90.0,0.0,0.0,7017,7017,False,"USSR-BNS @REF van Hinsbergen_++_2011 @DOI""10.1029/2011TC002908""    @absage",4219
4219,7114,7114,13.0,90.0,0.0,0.0,7017,7017,False,"USSR-BNS @REF van Hinsbergen_++_2011 @DOI""10.1029/2011TC002908""    @absage",4220
4220,7115,7115,0.0,90.0,0.0,0.0,7017,7017,False,"SSCR-BNS @REF van Hinsbergen_++_2011 @DOI""10.1029/2011TC002908""    @absage",4221
4221,7115,7115,13.0,90.0,0.0,0.0,7017,7017,False,"SSCR-BNS @REF van Hinsbergen_++_2011 @DOI""10.1029/2011TC002908""    @absage",4222
4222,7116,7116,0.0,90.0,0.0,0.0,7017,7017,False,"SSCR-BNS @REF van Hinsbergen_++_2011 @DOI""10.1029/2011TC002908""    @absage",4223
4223,7116,7116,10.0,-46.39,32.8,0.06,7017,7017,False,"SSCR-BNS @REF van Hinsbergen_++_2011 @DOI""10.1029/2011TC002908""    @absage",4224
4224,7116,7116,13.0,-46.39,32.8,0.06,7017,7017,False,"SSCR-BNS @REF van Hinsbergen_++_2011 @DOI""10.1029/2011TC002908""    @absage",4225
4225,7117,7117,0.0,90.0,0.0,0.0,7017,7017,False,"SSCRB-BNS @REF van Hinsbergen_++_2011 @DOI""10.1029/2011TC002908""   @absage",4226
4226,7117,7117,13.0,90.0,0.0,0.0,7017,7017,False,"SSCRB-BNS @REF van Hinsbergen_++_2011 @DOI""10.1029/2011TC002908""   @absage",4227
4227,7118,7118,0.0,90.0,0.0,0.0,7017,7017,False,RCF1-BNS Riganpei Co fault 1 (@REF Taylor_Yin_2009) - Bangong Nujiang suture east of Karakoram fault                             @absage,4228
4228,7118,7118,13.0,90.0,0.0,0.0,7017,7017,False,"RCF1-BNS @REF van Hinsbergen_++_2011 @DOI""10.1029/2011TC002908""    @absage",4229
4229,7119,7119,0.0,90.0,0.0,0.0,7017,7017,False,RCF2-BNS Riganpei Co fault 2 (@REF Taylor_Yin_2009) - Bangong Nujiang suture east of Karakoram fault                             @absage,4230
4230,7119,7119,10.0,45.48,-44.82,0.19,7017,7017,False,"RCF2-BNS @REF van Hinsbergen_++_2011 @DOI""10.1029/2011TC002908""    @absage",4231
4231,7119,7119,13.0,45.48,-44.82,0.19,7017,7017,False,"RCF2-BNS @REF van Hinsbergen_++_2011 @DOI""10.1029/2011TC002908""    @absage",4232
4232,7120,7120,0.0,90.0,0.0,0.0,7017,7017,False,SSCR-BNS Unnamed strike-slip and connected rift - Bangong Nujiang suture east of Karakoram fault                                 @absage,4233
4233,7120,7120,10.0,48.58,-56.38,-0.05,7017,7017,False,"SSCR-BNS @REF van Hinsbergen_++_2011 @DOI""10.1029/2011TC002908""    @absage",4234
4234,7120,7120,13.0,48.58,-56.38,-0.05,7017,7017,False,"SSCR-BNS @REF van Hinsbergen_++_2011 @DOI""10.1029/2011TC002908""    @absage",4235
4235,7121,7121,0.0,90.0,0.0,0.0,7017,7017,False,UNB-BNS Unnamed breakaway - Bangong Nujiang suture east of Karakoram fault                                                       @absage,4236
4236,7121,7121,13.0,90.0,0.0,0.0,7017,7017,False,"UNB-BNS @REF van Hinsbergen_++_2011 @DOI""10.1029/2011TC002908""     @absage",4237
4237,7122,7122,0.0,90.0,0.0,0.0,7017,7017,False,SSCR-BNS Unnamed strike-slip and connected rift - Bangong Nujiang suture east of Karakoram fault                                 @absage,4238
4238,7122,7122,10.0,51.16,-61.93,-0.08,7017,7017,False,"SSCR-BNS @REF van Hinsbergen_++_2011 @DOI""10.1029/2011TC002908""    @absage",4239
4239,7122,7122,13.0,51.16,-61.93,-0.08,7017,7017,False,"SSCR-BNS @REF van Hinsbergen_++_2011 @DOI""10.1029/2011TC002908""    @absage",4240
4240,7123,7123,0.0,90.0,0.0,0.0,7017,7017,False,UNB-BNS Unnamed breakaway - Bangong Nujiang suture east of Karakoram fault                                                       @absage,4241
4241,7123,7123,13.0,90.0,0.0,0.0,7017,7017,False,"UNB-BNS @REF van Hinsbergen_++_2011 @DOI""10.1029/2011TC002908""     @absage",4242
4242,7124,7124,0.0,90.0,0.0,0.0,7017,7017,False,UNR-BNS Unnamed rift - Bangong Nujiang suture east of Karakoram fault                                                            @absage,4243
4243,7124,7124,10.0,52.64,-69.34,-0.05,7017,7017,False,"UNR-BNS @REF van Hinsbergen_++_2011 @DOI""10.1029/2011TC002908""     @absage",4244
4244,7124,7124,13.0,52.64,-69.34,-0.05,7017,7017,False,"UNR-BNS @REF van Hinsbergen_++_2011 @DOI""10.1029/2011TC002908""     @absage",4245
4245,7125,7125,0.0,90.0,0.0,0.0,7017,7017,False,UNB-BNS Unnamed breakaway - Bangong Nujiang suture east of Karakoram fault                                                       @absage,4246
4246,7125,7125,13.0,90.0,0.0,0.0,7017,7017,False,"UNB-BNS @REF van Hinsbergen_++_2011 @DOI""10.1029/2011TC002908""     @absage",4247
4247,7126,7126,0.0,90.0,0.0,0.0,7017,7017,False,SSR1-BNS Unnamed strike-slip and rift 1 - Bangong Nujiang suture east of Karakoram fault                                         @absage,4248
4248,7126,7126,13.0,90.0,0.0,0.0,7017,7017,False,"SSR1-BNS @REF van Hinsbergen_++_2011 @DOI""10.1029/2011TC002908""    @absage",4249
4249,7127,7127,0.0,90.0,0.0,0.0,7017,7017,False,SSR2-BNS Unnamed strike-slip and rift 2 - Bangong Nujiang suture east of Karakoram fault                                         @absage,4250
4250,7127,7127,10.0,54.4,-66.52,0.14,7017,7017,False,"SSR2-BNS @REF van Hinsbergen_++_2011 @DOI""10.1029/2011TC002908""    @absage",4251
4251,7127,7127,13.0,54.4,-66.52,0.14,7017,7017,False,"SSR2-BNS @REF van Hinsbergen_++_2011 @DOI""10.1029/2011TC002908""    @absage",4252
4252,7128,7128,0.0,90.0,0.0,0.0,7017,7017,False,UNR-BNS Unnamed rift - Bangong Nujiang suture east of Karakoram fault                                                            @absage,4253
4253,7128,7128,10.0,-55.63,88.16,0.07,7017,7017,False,"UNR-BNS @REF van Hinsbergen_++_2011 @DOI""10.1029/2011TC002908""     @absage",4254
4254,7128,7128,13.0,-55.63,88.16,0.07,7017,7017,False,"UNR-BNS @REF van Hinsbergen_++_2011 @DOI""10.1029/2011TC002908""     @absage",4255
4255,7129,7129,0.0,90.0,0.0,0.0,7017,7017,False,UNB-BNS Unnamed breakaway - Bangong Nujiang suture east of Karakoram fault                                                       @absage,4256
4256,7129,7129,13.0,90.0,0.0,0.0,7017,7017,False,"UNB-BNS @REF van Hinsbergen_++_2011 @DOI""10.1029/2011TC002908""     @absage",4257
4257,7130,7130,10.0,33.68,79.22,3.2,7017,7017,False,GCTD-BNS working line Great Counter Thrust displacement - Bangong Nujiang suture east of Karakoram fault                         @absage,4258
4258,7130,7130,13.0,-34.38,-97.07,-4.18,7017,7017,False,"GCTD-BNS @REF van Hinsbergen_++_2011 @DOI""10.1029/2011TC002908""    @absage",4259
4259,7131,7131,0.0,-38.18,18.46,-0.17,7074,7074,False,LPB-LEOP Leo Pargil Breakaway - Leo Pargil detachment              @absage,4260
4260,7131,7131,10.0,-38.18,18.46,-0.17,7074,7074,False,"LPB-LEOP @REF van Hinsbergen_++_2011 @DOI""10.1029/2011TC002908""    @absage",4261
4261,7131,7131,16.0,90.0,0.0,0.0,7074,7074,False,"LPB-LEOP @REF van Hinsbergen_++_2011 @DOI""10.1029/2011TC002908""    @absage",4262
4262,7132,7132,0.0,90.0,0.0,0.0,7065,7065,False,GDF-GDT Gangdese forearc outline - Gangdese Thrust                 @absage,4263
4263,7132,7132,24.0,90.0,0.0,0.0,7065,7065,False,"GDF-GDT @REF van Hinsbergen_++_2011 @DOI""10.1029/2011TC002908""     @absage",4264
4264,7132,7132,30.0,-0.88,-2.17,-0.47000000000000003,7065,7065,False,"GDF-GDT @REF van Hinsbergen_++_2011 @DOI""10.1029/2011TC002908""     @absage",4265
4265,7132,7132,65.0,-0.88,-2.17,-0.47000000000000003,7065,7065,False,"GDF-GDT @REF van Hinsbergen_++_2011 @DOI""10.1029/2011TC002908""     @absage",4266
4266,7133,7133,0.0,90.0,0.0,0.0,7014,7014,False,PSL-MAMT Srivastava_Mitra_1994 profile sensu Long - Main Mantle Thrust                                                        @absage,4267
4267,7133,7133,50.0,90.0,0.0,0.0,7014,7014,False,"PSL-MAMT @REF van Hinsbergen_++_2011 @DOI""10.1029/2011TC002908""    @absage",4268
4268,7134,7134,0.0,90.0,0.0,0.0,7014,7014,False,RPSL-MAMT Robinson_++_2006 profile sensu Long - Main Mantle Thrust                                                            @absage,4269
4269,7134,7134,50.0,90.0,0.0,0.0,7014,7014,False,"RPSL-MAMT @REF van Hinsbergen_++_2011 @DOI""10.1029/2011TC002908""   @absage",4270
4270,7135,7135,0.0,90.0,0.0,0.0,7014,7014,False,SPSL-MAMT Schelling_1992 profile sensu Long - Main Mantle Thrust   @absage,4271
4271,7135,7135,50.0,90.0,0.0,0.0,7014,7014,False,"SPSL-MAMT @REF van Hinsbergen_++_2011 @DOI""10.1029/2011TC002908""   @absage",4272
4272,7136,7136,0.0,90.0,0.0,0.0,7076,7076,False,SASL-STID Schelling_Arita_1991 profile sensu Long - South Tibetan Detachment                                                  @absage,4273
4273,7136,7136,50.0,90.0,0.0,0.0,7076,7076,False,"SASL-STID @REF van Hinsbergen_++_2011 @DOI""10.1029/2011TC002908""   @absage",4274
4274,7137,7137,0.0,90.0,0.0,0.0,7076,7076,False,MPSL-STID Mitra_2010 profile sensu Long - South Tibetan Detachment @absage,4275
4275,7137,7137,50.0,90.0,0.0,0.0,7076,7076,False,"MPSL-STID @REF van Hinsbergen_++_2011 @DOI""10.1029/2011TC002908""   @absage",4276
4276,7138,7138,0.0,90.0,0.0,0.0,7076,7076,False,LOB-STID Long_++_2010 profile Bhutan - South Tibetan Detachment    @absage,4277
4277,7138,7138,50.0,90.0,0.0,0.0,7076,7076,False,"LOB-STID @REF van Hinsbergen_++_2011 @DOI""10.1029/2011TC002908""    @absage",4278
4278,7139,7139,0.0,90.0,0.0,0.0,7076,7076,False,YPAP-STID Yin et al 2010 profile Arunachal Pradesh - South Tibetan Detachment                                                 @absage,4279
4279,7139,7139,65.0,90.0,0.0,0.0,7076,7076,False,"YPAP-STID @REF van Hinsbergen_++_2011 @DOI""10.1029/2011TC002908""   @absage",4280
4280,7140,7140,0.0,90.0,0.0,0.0,7092,7092,False,MMTH-MMTW Main Mantle Thrust @ 7133 - Main Mantle Thrust west      @absage,4281
4281,7140,7140,65.0,90.0,0.0,0.0,7092,7092,False,"MMTH-MMTW @REF van Hinsbergen_++_2011 @DOI""10.1029/2011TC002908""   @absage",4282
4282,7141,7141,0.0,90.0,0.0,0.0,7140,7140,False,MCT-MMTH @ 7133 - Main Mantle Thrust @ 7133                        @absage,4283
4283,7141,7141,13.0,90.0,0.0,0.0,7140,7140,False,"MCT-MMTH @REF van Hinsbergen_++_2011 @DOI""10.1029/2011TC002908""    @absage",4284
4284,7141,7141,65.0,-5.09,-13.27,0.32,7140,7140,False,"MCT-MMTH @REF van Hinsbergen_++_2011 @DOI""10.1029/2011TC002908""    @absage",4285
4285,7142,7142,0.0,90.0,0.0,0.0,7141,7141,False,MBT-MCT @ 7133 - @ 7133                                            @absage,4286
4286,7142,7142,1.0,90.0,0.0,0.0,7141,7141,False,"MBT-MCT @REF van Hinsbergen_++_2011 @DOI""10.1029/2011TC002908""     @absage @xo_ys",4287
4287,7142,7142,1.0,39.82,58.88,0.63,501,501,False,MBT-IND @ 7133 - India Craton                                      @absage,4288
4288,7142,7142,29.0,39.82,58.88,0.63,501,501,False,"MBT-IND @REF van Hinsbergen_++_2011 @DOI""10.1029/2011TC002908""     @absage @xo_ys",4289
4289,7142,7142,29.0,35.56,59.36,-20.49,7141,7141,False,MBT-MCT @ 7133 - @ 7133                                            @absage,4290
4290,7142,7142,50.0,35.56,59.36,-20.49,7141,7141,False,"MBT-MCT @REF van Hinsbergen_++_2011 @DOI""10.1029/2011TC002908""     @absage",4291
4291,7143,7143,0.0,90.0,0.0,0.0,7141,7141,False,MFT-MCT @ 7133 - @ 7133                                            @absage,4292
4292,7143,7143,28.0,90.0,0.0,0.0,7141,7141,False,"MFT-MCT @REF van Hinsbergen_++_2011 @DOI""10.1029/2011TC002908""     @absage @xo_ys",4293
4293,7143,7143,28.0,36.11,59.4,20.12,501,501,False,MFT-IND @ 7133 - India Craton                                      @absage,4294
4294,7143,7143,50.0,36.11,59.4,20.12,501,501,False,"MFT-IND @REF van Hinsbergen_++_2011 @DOI""10.1029/2011TC002908""     @absage",4295
4295,7144,7144,0.0,90.0,0.0,0.0,7014,7014,False,MMT-MAMT @ 7134 - Main Mantle Thrust                               @absage,4296
4296,7144,7144,65.0,90.0,0.0,0.0,7014,7014,False,"MMT-MAMT @REF van Hinsbergen_++_2011 @DOI""10.1029/2011TC002908""    @absage",4297
4297,7145,7145,0.0,90.0,0.0,0.0,7144,7144,False,STD-MMT @ 7134 - @ 7134                                            @absage,4298
4298,7145,7145,13.0,90.0,0.0,0.0,7144,7144,False,"STD-MMT @REF van Hinsbergen_++_2011 @DOI""10.1029/2011TC002908""     @absage",4299
4299,7145,7145,50.0,35.41,-35.82,-1.54,7144,7144,False,"STD-MMT @REF van Hinsbergen_++_2011 @DOI""10.1029/2011TC002908""     @absage",4300
4300,7145,7145,65.0,35.41,-35.82,-1.54,7144,7144,False,"STD-MMT @REF van Hinsbergen_++_2011 @DOI""10.1029/2011TC002908""     @absage",4301
4301,7146,7146,0.0,90.0,0.0,0.0,7145,7145,False,MCT-STD @ 7134 - @ 7134                                            @absage,4302
4302,7146,7146,13.0,90.0,0.0,0.0,7145,7145,False,"MCT-STD @REF van Hinsbergen_++_2011 @DOI""10.1029/2011TC002908""     @absage",4303
4303,7146,7146,65.0,37.83,-38.31,0.32,7145,7145,False,"MCT-STD @REF van Hinsbergen_++_2011 @DOI""10.1029/2011TC002908""     @absage",4304
4304,7147,7147,0.0,90.0,0.0,0.0,7146,7146,False,MBT-MCT @ 7134 - @ 7134                                            @absage,4305
4305,7147,7147,1.2,90.0,0.0,0.0,7146,7146,False,"MBT-MCT @REF van Hinsbergen_++_2011 @DOI""10.1029/2011TC002908""     @absage @xo_ys",4306
4306,7147,7147,1.2,35.77,69.88,2.11,501,501,False,MBT-IND @ 7134 - India Craton                                      @absage,4307
4307,7147,7147,11.6,35.77,69.88,2.11,501,501,False,"MBT-IND @REF van Hinsbergen_++_2011 @DOI""10.1029/2011TC002908""     @absage @xo_ys",4308
4308,7147,7147,11.6,12.0823,99.9202,2.3205999999999998,7193,7193,False,MBT-MSH @ 7134 - Missing shortening @ 7078                         @absage,4309
4309,7147,7147,50.0,-12.0823,-80.0798,-2.3205999999999998,7193,7193,False,"MBT-MSH @REF van Hinsbergen_++_2011 @DOI""10.1029/2011TC002908""     @absage",4310
4310,7148,7148,0.0,90.0,0.0,0.0,501,501,False,MFT-IND @ 7134 - India Craton                                      @absage,4311
4311,7148,7148,13.0,31.88,-31.92,1.55,501,501,False,"MFT-IND @REF van Hinsbergen_++_2011 @DOI""10.1029/2011TC002908""     @absage",4312
4312,7148,7148,23.0,26.56,-27.16,3.39,501,501,False,"MFT-IND @REF van Hinsbergen_++_2011 @DOI""10.1029/2011TC002908""     @absage",4313
4313,7148,7148,50.0,26.56,-27.16,3.39,501,501,False,"MFT-IND @REF van Hinsbergen_++_2011 @DOI""10.1029/2011TC002908""     @absage",4314
4314,7149,7149,0.0,90.0,0.0,0.0,7014,7014,False,MMT-MAMT @ 7135 - Main Mantle Thrust                               @absage,4315
4315,7149,7149,65.0,90.0,0.0,0.0,7014,7014,False,"MMT-MAMT @REF van Hinsbergen_++_2011 @DOI""10.1029/2011TC002908""    @absage",4316
4316,7150,7150,0.0,90.0,0.0,0.0,7149,7149,False,STD-MMT @ 7135 - @ 7135                                            @absage,4317
4317,7150,7150,13.0,90.0,0.0,0.0,7149,7149,False,"STD-MMT @REF van Hinsbergen_++_2011 @DOI""10.1029/2011TC002908""     @absage",4318
4318,7150,7150,50.0,24.93,-24.75,-1.05,7149,7149,False,"STD-MMT @REF van Hinsbergen_++_2011 @DOI""10.1029/2011TC002908""     @absage",4319
4319,7150,7150,65.0,24.93,-24.75,-1.05,7149,7149,False,"STD-MMT @REF van Hinsbergen_++_2011 @DOI""10.1029/2011TC002908""     @absage",4320
4320,7151,7151,0.0,90.0,0.0,0.0,7150,7150,False,MCT-STD @ 7135 - @ 7135                                            @absage,4321
4321,7151,7151,13.0,90.0,0.0,0.0,7150,7150,False,"MCT-STD @REF van Hinsbergen_++_2011 @DOI""10.1029/2011TC002908""     @absage",4322
4322,7151,7151,65.0,24.98,-24.76,0.31,7150,7150,False,"MCT-STD @REF van Hinsbergen_++_2011 @DOI""10.1029/2011TC002908""     @absage",4323
4323,7152,7152,0.0,90.0,0.0,0.0,7151,7151,False,MBT-MCT @ 7135 - @ 7135                                            @absage,4324
4324,7152,7152,1.2,90.0,0.0,0.0,7151,7151,False,"MBT-MCT @REF van Hinsbergen_++_2011 @DOI""10.1029/2011TC002908""     @absage @xo_ys",4325
4325,7152,7152,1.2,35.77,69.88,2.11,501,501,False,MBT-IND @ 7135 - India Craton                                      @absage,4326
4326,7152,7152,23.0,35.77,69.88,2.11,501,501,False,"MBT-IND @REF van Hinsbergen_++_2011 @DOI""10.1029/2011TC002908""     @absage @xo_ys",4327
4327,7152,7152,23.0,38.11,69.01,-27.77,7151,7151,False,MBT-MCT @ 7135 - @ 7135                                            @absage,4328
4328,7152,7152,65.0,38.11,69.01,-27.77,7151,7151,False,"MBT-MCT @REF van Hinsbergen_++_2011 @DOI""10.1029/2011TC002908""     @absage",4329
4329,7153,7153,0.0,90.0,0.0,0.0,7151,7151,False,MFT-MCT @ 7135 - @ 7135                                            @absage,4330
4330,7153,7153,16.5,90.0,0.0,0.0,7151,7151,False,"MFT-MCT @REF van Hinsbergen_++_2011 @DOI""10.1029/2011TC002908""     @absage",4331
4331,7153,7153,23.0,29.48,79.78,-24.66,7151,7151,False,"MFT-MCT @REF van Hinsbergen_++_2011 @DOI""10.1029/2011TC002908""     @absage @xo_ys",4332
4332,7153,7153,23.0,43.01,13.03,7.78,501,501,False,MFT-IND @ 7135 - India Craton                                      @absage,4333
4333,7153,7153,50.0,43.01,13.03,7.78,501,501,False,"MFT-IND @REF van Hinsbergen_++_2011 @DOI""10.1029/2011TC002908""     @absage",4334
4334,7154,7154,0.0,90.0,0.0,0.0,7015,7015,False,IYSZ-IYKF @ 7136 - Indus-Yarling Suture east of Karakoram Fault    @absage,4335
4335,7154,7154,65.0,90.0,0.0,0.0,7015,7015,False,"IYSZ-IYKF @REF van Hinsbergen_++_2011 @DOI""10.1029/2011TC002908""   @absage",4336
4336,7155,7155,0.0,90.0,0.0,0.0,7154,7154,False,STD-IYSZ @ 7136 - @ 7136                                           @absage,4337
4337,7155,7155,13.0,90.0,0.0,0.0,7154,7154,False,"STD-IYSZ @REF van Hinsbergen_++_2011 @DOI""10.1029/2011TC002908""    @absage",4338
4338,7155,7155,50.0,12.83,-11.47,-1.22,7154,7154,False,"STD-IYSZ @REF van Hinsbergen_++_2011 @DOI""10.1029/2011TC002908""    @absage",4339
4339,7155,7155,65.0,12.83,-11.47,-1.22,7154,7154,False,"STD-IYSZ @REF van Hinsbergen_++_2011 @DOI""10.1029/2011TC002908""    @absage",4340
4340,7156,7156,0.0,90.0,0.0,0.0,7155,7155,False,MCT-STD @ 7136 - @ 7136                                            @absage,4341
4341,7156,7156,13.0,90.0,0.0,0.0,7155,7155,False,"MCT-STD @REF van Hinsbergen_++_2011 @DOI""10.1029/2011TC002908""     @absage",4342
4342,7156,7156,65.0,10.46,-10.2,0.32,7155,7155,False,"MCT-STD @REF van Hinsbergen_++_2011 @DOI""10.1029/2011TC002908""     @absage",4343
4343,7157,7157,0.0,90.0,0.0,0.0,7156,7156,False,MBT-MCT @ 7136 - @ 7136                                            @absage,4344
4344,7157,7157,0.6000000000000001,90.0,0.0,0.0,7156,7156,False,"MBT-MCT @REF van Hinsbergen_++_2011 @DOI""10.1029/2011TC002908""     @absage @xo_ys",4345
4345,7157,7157,0.6000000000000001,31.05,15.55,0.25,501,501,False,MBT-IND @ 7136 - India Craton                                      @absage,4346
4346,7157,7157,10.8,31.05,15.55,0.25,501,501,False,"MBT-IND @REF van Hinsbergen_++_2011 @DOI""10.1029/2011TC002908""     @absage @xo_ys",4347
4347,7157,7157,10.8,19.61,-19.18,-1.8,7197,7197,False,MBT-MSH @7136 - Missing shortening @ 7136                          @absage,4348
4348,7157,7157,65.0,19.61,-19.18,-1.8,7197,7197,False,"MBT-MSH @REF van Hinsbergen_++_2011 @DOI""10.1029/2011TC002908""     @absage",4349
4349,7158,7158,0.0,90.0,0.0,0.0,501,501,False,MFT-IND @ 7136 - India Craton                                      @absage,4350
4350,7158,7158,13.0,21.29,-15.42,2.42,501,501,False,"MFT-IND @REF van Hinsbergen_++_2011 @DOI""10.1029/2011TC002908""     @absage",4351
4351,7158,7158,23.0,18.96,-14.15,3.67,501,501,False,"MFT-IND @REF van Hinsbergen_++_2011 @DOI""10.1029/2011TC002908""     @absage",4352
4352,7158,7158,50.0,18.96,-14.15,3.67,501,501,False,"MFT-IND @REF van Hinsbergen_++_2011 @DOI""10.1029/2011TC002908""     @absage",4353
4353,7159,7159,0.0,90.0,0.0,0.0,7015,7015,False,IYSZ-IYKF @ 7137 - Indus-Yarling Suture east of Karakoram Fault    @absage,4354
4354,7159,7159,65.0,90.0,0.0,0.0,7015,7015,False,"IYSZ-IYKF @REF van Hinsbergen_++_2011 @DOI""10.1029/2011TC002908""   @absage",4355
4355,7160,7160,0.0,90.0,0.0,0.0,7159,7159,False,STD-IYSZ @ 7137 - @ 7137                                           @absage,4356
4356,7160,7160,13.0,90.0,0.0,0.0,7159,7159,False,"STD-IYSZ @REF van Hinsbergen_++_2011 @DOI""10.1029/2011TC002908""    @absage",4357
4357,7160,7160,50.0,5.2,-4.8100000000000005,-1.26,7159,7159,False,"STD-IYSZ @REF van Hinsbergen_++_2011 @DOI""10.1029/2011TC002908""    @absage",4358
4358,7160,7160,65.0,5.2,-4.8100000000000005,-1.26,7159,7159,False,"STD-IYSZ @REF van Hinsbergen_++_2011 @DOI""10.1029/2011TC002908""    @absage",4359
4359,7161,7161,0.0,90.0,0.0,0.0,7160,7160,False,MCT-STD @ 7137 - @7137                                             @absage,4360
4360,7161,7161,13.0,90.0,0.0,0.0,7160,7160,False,"MCT-STD @REF van Hinsbergen_++_2011 @DOI""10.1029/2011TC002908""     @absage",4361
4361,7161,7161,65.0,1.55,-2.87,0.31,7160,7160,False,"MCT-STD @REF van Hinsbergen_++_2011 @DOI""10.1029/2011TC002908""     @absage",4362
4362,7162,7162,0.0,90.0,0.0,0.0,7161,7161,False,MBT-MCT @ 7137 - @ 7137                                            @absage,4363
4363,7162,7162,0.6000000000000001,90.0,0.0,0.0,7161,7161,False,"MBT-MCT @REF van Hinsbergen_++_2011 @DOI""10.1029/2011TC002908""     @absage @xo_ys",4364
4364,7162,7162,0.6000000000000001,31.05,15.55,0.25,501,501,False,MBT-IND @ 7137 - India Craton                                      @absage,4365
4365,7162,7162,9.6,31.05,15.55,0.25,501,501,False,"MBT-IND @REF van Hinsbergen_++_2011 @DOI""10.1029/2011TC002908""     @absage @xo_ys",4366
4366,7162,7162,9.6,20.75,-17.55,-1.62,7199,7199,False,MBT-MSH @7137 - Missing shortening @ 7137                                  @xo_ys,4367
4367,7162,7162,23.0,20.75,-17.55,-1.62,7199,7199,False,"MBT-MSH @REF van Hinsbergen_++_2011 @DOI""10.1029/2011TC002908""     @absage",4368
4368,7162,7162,65.0,20.75,-17.55,-1.62,7199,7199,False,"MBT-MSH @REF van Hinsbergen_++_2011 @DOI""10.1029/2011TC002908""     @absage",4369
4369,7163,7163,0.0,90.0,0.0,0.0,501,501,False,MFT-IND @ 7137 - India Craton                                      @absage,4370
4370,7163,7163,13.0,22.43,-13.58,2.49,501,501,False,"MFT-IND @REF van Hinsbergen_++_2011 @DOI""10.1029/2011TC002908""     @absage",4371
4371,7163,7163,23.0,20.28,-12.24,3.38,501,501,False,"MFT-IND @REF van Hinsbergen_++_2011 @DOI""10.1029/2011TC002908""     @absage",4372
4372,7163,7163,50.0,20.28,-12.24,3.38,501,501,False,"MFT-IND @REF van Hinsbergen_++_2011 @DOI""10.1029/2011TC002908""     @absage",4373
4373,7164,7164,0.0,90.0,0.0,0.0,7015,7015,False,IYSZ-IYKF @ 7138 - Indus-Yarling Suture east of Karakoram Fault    @absage,4374
4374,7164,7164,65.0,90.0,0.0,0.0,7015,7015,False,"IYSZ-IYKF @REF van Hinsbergen_++_2011 @DOI""10.1029/2011TC002908""   @absage",4375
4375,7165,7165,0.0,90.0,0.0,0.0,7164,7164,False,STD-IYSZ @ 7138 - @ 7138                                           @absage,4376
4376,7165,7165,13.0,90.0,0.0,0.0,7164,7164,False,"STD-IYSZ @REF van Hinsbergen_++_2011 @DOI""10.1029/2011TC002908""    @absage",4377
4377,7165,7165,50.0,3.71,-3.05,-1.26,7164,7164,False,"STD-IYSZ @REF van Hinsbergen_++_2011 @DOI""10.1029/2011TC002908""    @absage",4378
4378,7165,7165,65.0,3.71,-3.05,-1.26,7164,7164,False,"STD-IYSZ @REF van Hinsbergen_++_2011 @DOI""10.1029/2011TC002908""    @absage",4379
4379,7166,7166,0.0,90.0,0.0,0.0,7165,7165,False,MCT-STD @ 7138 - @ 7138                                            @absage,4380
4380,7166,7166,13.0,90.0,0.0,0.0,7165,7165,False,"MCT-STD @REF van Hinsbergen_++_2011 @DOI""10.1029/2011TC002908""     @absage",4381
4381,7166,7166,65.0,0.12,-1.17,0.33,7165,7165,False,"MCT-STD @REF van Hinsbergen_++_2011 @DOI""10.1029/2011TC002908""     @absage",4382
4382,7167,7167,0.0,90.0,0.0,0.0,7201,7201,False,MBT-MSH @ 7138 - Missing shortening @ 7137                         @absage,4383
4383,7167,7167,11.1,90.0,0.0,0.0,7201,7201,False,"MBT-MSH @REF van Hinsbergen_++_2011 @DOI""10.1029/2011TC002908""     @absage",4384
4384,7167,7167,65.0,90.0,0.0,0.0,7201,7201,False,"MBT-MSH @REF van Hinsbergen_++_2011 @DOI""10.1029/2011TC002908""     @absage",4385
4385,7168,7168,0.0,90.0,0.0,0.0,501,501,False,MFT-IND @ 7138 - India Craton                                      @absage,4386
4386,7168,7168,3.0,-6.45,2.13,0.03,501,501,False,"MFT-IND @REF van Hinsbergen_++_2011 @DOI""10.1029/2011TC002908""     @absage",4387
4387,7168,7168,13.0,22.31,-12.26,2.38,501,501,False,"MFT-IND @REF van Hinsbergen_++_2011 @DOI""10.1029/2011TC002908""     @absage",4388
4388,7168,7168,23.0,19.71,-9.54,4.12,501,501,False,"MFT-IND @REF van Hinsbergen_++_2011 @DOI""10.1029/2011TC002908""     @absage",4389
4389,7168,7168,50.0,19.71,-9.54,4.12,501,501,False,"MFT-IND @REF van Hinsbergen_++_2011 @DOI""10.1029/2011TC002908""     @absage",4390
4390,7169,7169,0.0,90.0,0.0,0.0,7015,7015,False,IYSZ-IYKF @ 7139 - Indus-Yarling Suture east of Karakoram Fault    @absage,4391
4391,7169,7169,65.0,90.0,0.0,0.0,7015,7015,False,"IYSZ-IYKF @REF van Hinsbergen_++_2011 @DOI""10.1029/2011TC002908""   @absage",4392
4392,7170,7170,0.0,90.0,0.0,0.0,7169,7169,False,STD-IYSZ @ 7139 - @ 7139                                           @absage,4393
4393,7170,7170,13.0,90.0,0.0,0.0,7169,7169,False,"STD-IYSZ @REF van Hinsbergen_++_2011 @DOI""10.1029/2011TC002908""    @absage",4394
4394,7170,7170,50.0,-1.31,1.8,-1.25,7169,7169,False,"STD-IYSZ @REF van Hinsbergen_++_2011 @DOI""10.1029/2011TC002908""    @absage",4395
4395,7170,7170,65.0,-1.31,1.8,-1.25,7169,7169,False,"STD-IYSZ @REF van Hinsbergen_++_2011 @DOI""10.1029/2011TC002908""    @absage",4396
4396,7171,7171,0.0,90.0,0.0,0.0,7170,7170,False,MCT-STD @ 7139 - @ 7139                                            @absage,4397
4397,7171,7171,13.0,90.0,0.0,0.0,7170,7170,False,"MCT-STD @REF van Hinsbergen_++_2011 @DOI""10.1029/2011TC002908""     @absage",4398
4398,7171,7171,65.0,-3.83,3.15,0.32,7170,7170,False,"MCT-STD @REF van Hinsbergen_++_2011 @DOI""10.1029/2011TC002908""     @absage",4399
4399,7172,7172,0.0,90.0,0.0,0.0,7171,7171,False,MBT-MCT @ 7139 - @ 7139                                            @absage,4400
4400,7172,7172,0.2,90.0,0.0,0.0,7171,7171,False,"MBT-MCT @REF van Hinsbergen_++_2011 @DOI""10.1029/2011TC002908""     @absage @xo_ys",4401
4401,7172,7172,0.2,31.0,15.55,0.08,501,501,False,MBT-IND @ 7139 - India Craton                                      @absage,4402
4402,7172,7172,10.3,31.0,15.55,0.08,501,501,False,"MBT-IND @REF van Hinsbergen_++_2011 @DOI""10.1029/2011TC002908""     @absage @xo_ys",4403
4403,7172,7172,10.3,21.2739,-10.5132,-2.0508,7203,7203,False,MBT-MSH @ 7139 - Missing shortening @ 7138                         @absage,4404
4404,7172,7172,65.0,21.2739,-10.5132,-2.0508,7203,7203,False,"MBT-MSH @REF van Hinsbergen_++_2011 @DOI""10.1029/2011TC002908""     @absage",4405
4405,7173,7173,0.0,90.0,0.0,0.0,501,501,False,MFT-IND @ 7139 - India Craton                                      @absage,4406
4406,7173,7173,13.0,21.69,-9.63,2.68,501,501,False,"MFT-IND @REF van Hinsbergen_++_2011 @DOI""10.1029/2011TC002908""     @absage",4407
4407,7173,7173,23.0,19.07,-7.63,4.15,501,501,False,"MFT-IND @REF van Hinsbergen_++_2011 @DOI""10.1029/2011TC002908""     @absage",4408
4408,7173,7173,50.0,19.07,-7.63,4.15,501,501,False,"MFT-IND @REF van Hinsbergen_++_2011 @DOI""10.1029/2011TC002908""     @absage",4409
4409,7174,7174,0.0,90.0,0.0,0.0,7015,7015,False,IYSZ-IYKF @ 7140 - Indus-Yarling Suture east of Karakoram Fault    @absage,4410
4410,7174,7174,65.0,90.0,0.0,0.0,7015,7015,False,"IYSZ-IYKF @REF van Hinsbergen_++_2011 @DOI""10.1029/2011TC002908""   @absage",4411
4411,7175,7175,0.0,90.0,0.0,0.0,7174,7174,False,STD-IYSZ @ 7140 - @ 7140                                           @absage,4412
4412,7175,7175,13.0,90.0,0.0,0.0,7174,7174,False,"STD-IYSZ @REF van Hinsbergen_++_2011 @DOI""10.1029/2011TC002908""    @absage",4413
4413,7175,7175,50.0,16.0,-5.51,-1.9,7174,7174,False,"STD-IYSZ @REF van Hinsbergen_++_2011 @DOI""10.1029/2011TC002908""    @absage",4414
4414,7176,7176,0.0,90.0,0.0,0.0,7175,7175,False,MCT-STD @ 7140 - @ 7140                                            @absage,4415
4415,7176,7176,13.0,90.0,0.0,0.0,7175,7175,False,"MCT-STD @REF van Hinsbergen_++_2011 @DOI""10.1029/2011TC002908""     @absage",4416
4416,7176,7176,65.0,-22.91,15.87,0.32,7175,7175,False,"MCT-STD @REF van Hinsbergen_++_2011 @DOI""10.1029/2011TC002908""     @absage",4417
4417,7177,7177,0.0,90.0,0.0,0.0,501,501,False,MBT-IND @ 7140 - India Craton                                      @absage,4418
4418,7177,7177,13.0,22.67,-7.54,2.5300000000000002,501,501,False,"MBT-IND @REF van Hinsbergen_++_2011 @DOI""10.1029/2011TC002908""     @absage",4419
4419,7177,7177,23.0,18.83,-5.1,4.37,501,501,False,"MBT-IND @REF van Hinsbergen_++_2011 @DOI""10.1029/2011TC002908""     @absage",4420
4420,7177,7177,50.0,18.83,-5.1,4.37,501,501,False,"MBT-IND @REF van Hinsbergen_++_2011 @DOI""10.1029/2011TC002908""     @absage",4421
4421,7178,7178,0.0,90.0,0.0,0.0,501,501,False,MFT-IND @ 7140 - India Craton                                      @absage,4422
4422,7178,7178,65.0,90.0,0.0,0.0,501,501,False,"MFT-IND @REF van Hinsbergen_++_2011 @DOI""10.1029/2011TC002908""     @absage",4423
4423,7179,7179,50.0,90.0,0.0,0.0,501,501,False,HIMM-IND Himalayan microcontinent - India Craton                   @absage,4424
4424,7179,7179,200.0,90.0,0.0,0.0,501,501,False,"HIMM-IND @REF van Hinsbergen_++_2011 @DOI""10.1029/2011TC002908""    @absage",4425
4425,7180,7180,50.0,90.0,0.0,0.0,7179,7179,False,FSTD-HIMM Future STD - Himalayan microcontinent                    @absage,4426
4426,7180,7180,200.0,90.0,0.0,0.0,7179,7179,False,"FSTD-HIMM @REF van Hinsbergen_++_2011 @DOI""10.1029/2011TC002908""   @absage",4427
4427,7181,7181,50.0,90.0,0.0,0.0,7179,7179,False,THLH-HIMM TH-LH boundary - Himalayan microcontinent                @absage,4428
4428,7181,7181,200.0,90.0,0.0,0.0,7179,7179,False,"THLH-HIMM @REF van Hinsbergen_++_2011 @DOI""10.1029/2011TC002908""   @absage",4429
4429,7182,7182,0.0,90.0,0.0,0.0,501,501,False,NMIB-IND Northern modern India boundary - India Craton             @absage,4430
4430,7182,7182,65.0,90.0,0.0,0.0,501,501,False,"NMIB-IND @REF van Hinsbergen_++_2011 @DOI""10.1029/2011TC002908""    @absage",4431
4431,7183,7183,0.0,90.0,0.0,0.0,501,501,False,MFTS-IND Main frontal thrust shortening topology - India Craton    @absage,4432
4432,7183,7183,23.0,90.0,0.0,0.0,501,501,False,"MFTS-IND @REF van Hinsbergen_++_2011 @DOI""10.1029/2011TC002908""    @absage",4433
4433,7184,7184,0.0,90.0,0.0,0.0,7015,7015,False,LHT-IYKF Lesser Himalayas topology - Indus-Yarling Suture east of Karakoram Fault                        @absage,4434
4434,7184,7184,23.0,90.0,0.0,0.0,7015,7015,False,"LHT-IYKF @REF van Hinsbergen_++_2011 @DOI""10.1029/2011TC002908""    @absage",4435
4435,7185,7185,0.0,90.0,0.0,0.0,7015,7015,False,GRHS-IYKF Greater Himalayas south of STD topology - Indus-Yarling Suture east of Karakoram Fault         @absage,4436
4436,7185,7185,23.0,90.0,0.0,0.0,7015,7015,False,"GRHS-IYKF @REF van Hinsbergen_++_2011 @DOI""10.1029/2011TC002908""   @absage",4437
4437,7186,7186,0.0,90.0,0.0,0.0,7015,7015,False,ERGH-IYKF Eroded GH section topology - Indus-Yarling Suture east of Karakoram Fault                      @absage,4438
4438,7186,7186,23.0,90.0,0.0,0.0,7015,7015,False,"ERGH-IYKF @REF van Hinsbergen_++_2011 @DOI""10.1029/2011TC002908""   @absage",4439
4439,7187,7187,23.0,90.0,0.0,0.0,7015,7015,False,TEHI-IYKF Tethyan Himalayas pre-STD topology - Indus-Yarling Suture east of Karakoram Fault              @absage,4440
4440,7187,7187,50.0,90.0,0.0,0.0,7015,7015,False,"TEHI-IYKF @REF van Hinsbergen_++_2011 @DOI""10.1029/2011TC002908""   @absage",4441
4441,7188,7188,0.0,90.0,0.0,0.0,402,402,False,AVPI-KAZ southern boundary Alay Valley-Peter I - Chatkal range topology - Kazakhstan                     @absage,4442
4442,7188,7188,23.0,-11.8,-6.11,-2.19,402,402,False,"AVPI-KAZ @REF van Hinsbergen_++_2011 @DOI""10.1029/2011TC002908""    @absage",4443
4443,7188,7188,160.0,-18.58,-0.91,-1.1,402,402,False,"AVPI-KAZ @REF van Hinsbergen_++_2011 @DOI""10.1029/2011TC002908""    @absage",4444
4444,7189,7189,0.0,90.0,0.0,0.0,7096,7096,False,"ICHI-SCHI Indo China, combining N & South, using poles of Hall_++_2008 - South China                     @absage",4445
4445,7189,7189,5.0,-29.9,61.5,-0.25,7096,7096,False,"ICHI-SCHI @REF van Hinsbergen_++_2011 @DOI""10.1029/2011TC002908""   @absage",4446
4446,7189,7189,17.0,-29.9,61.5,-0.25,7096,7096,False,"ICHI-SCHI @REF van Hinsbergen_++_2011 @DOI""10.1029/2011TC002908""   @absage",4447
4447,7189,7189,30.0,-20.9,61.5,2.5,7096,7096,False,"ICHI-SCHI @REF van Hinsbergen_++_2011 @DOI""10.1029/2011TC002908""   @absage",4448
4448,7189,7189,210.0,-20.92,61.51,2.5,7096,7096,False,"ICHI-SCHI @REF van Hinsbergen_++_2011 @DOI""10.1029/2011TC002908""   @absage",4449
4449,7190,7190,0.0,90.0,0.0,0.0,7096,7096,False,BIRB-SCHI Birma block - South China                                @absage,4450
4450,7190,7190,10.0,-13.44,-32.93,-5.22,7096,7096,False,"BIRB-SCHI @REF van Hinsbergen_++_2011 @DOI""10.1029/2011TC002908""   @absage",4451
4451,7190,7190,20.0,-3.5300000000000002,-19.23,-7.29,7096,7096,False,"BIRB-SCHI @REF van Hinsbergen_++_2011 @DOI""10.1029/2011TC002908""   @absage @xo_ys",4452
4452,7190,7190,20.0,8.5472,144.2172,9.3034,603,603,False,BIRB-SBM Birma block - Sino Burma Malaya                           @absage,4453
4453,7190,7190,50.0,-5.7105,-149.2514,8.8709,603,603,False,"BIRB-SBM @REF van Hinsbergen_++_2011 @DOI""10.1029/2011TC002908""    @absage",4454
4454,7190,7190,65.0,-5.7105,-149.2514,8.8709,603,603,False,"BIRB-SBM @REF van Hinsbergen_++_2011 @DOI""10.1029/2011TC002908""    @absage",4455
4455,7191,7191,0.0,90.0,0.0,0.0,501,501,False,WKJT-IND werklijntje - India Craton                                @absage,4456
4456,7191,7191,50.0,90.0,0.0,0.0,501,501,False,"WKJT-IND @REF van Hinsbergen_++_2011 @DOI""10.1029/2011TC002908""    @absage",4457
4457,7192,7192,0.0,90.0,0.0,0.0,7143,7143,False,MSH-MFT missing shortening @ 7078 - @ 7133                         @absage,4458
4458,7192,7192,50.0,90.0,0.0,0.0,7143,7143,False,"MSH-MFT @REF van Hinsbergen_++_2011 @DOI""10.1029/2011TC002908""     @absage",4459
4459,7193,7193,0.0,90.0,0.0,0.0,7148,7148,False,MLSH-MFT missing LH shortening @ 7134 - @ 7134                     @absage,4460
4460,7193,7193,50.0,90.0,0.0,0.0,7148,7148,False,"MLSH-MFT @REF van Hinsbergen_++_2011 @DOI""10.1029/2011TC002908""    @absage",4461
4461,7194,7194,0.0,90.0,0.0,0.0,7153,7153,False,MSH-MFT missing shortening @ 7135 - @ 7135                         @absage,4462
4462,7194,7194,50.0,90.0,0.0,0.0,7153,7153,False,"MSH-MFT @REF van Hinsbergen_++_2011 @DOI""10.1029/2011TC002908""     @absage",4463
4463,7195,7195,23.0,90.0,0.0,0.0,501,501,False,NMI-IND Northern margin India @ 7134 - India Craton                @absage,4464
4464,7195,7195,65.0,90.0,0.0,0.0,501,501,False,"NMI-IND @REF van Hinsbergen_++_2011 @DOI""10.1029/2011TC002908""     @absage",4465
4465,7196,7196,23.0,90.0,0.0,0.0,501,501,False,NMI-IND Northern margin India @ 7135 - India Craton                @absage,4466
4466,7196,7196,65.0,90.0,0.0,0.0,501,501,False,"NMI-IND @REF van Hinsbergen_++_2011 @DOI""10.1029/2011TC002908""     @absage",4467
4467,7197,7197,0.0,90.0,0.0,0.0,7158,7158,False,MSH-MFT missing shortening @ 7136 - @ 7136                         @absage,4468
4468,7197,7197,50.0,90.0,0.0,0.0,7158,7158,False,"MSH-MFT @REF van Hinsbergen_++_2011 @DOI""10.1029/2011TC002908""     @absage",4469
4469,7198,7198,23.0,90.0,0.0,0.0,501,501,False,NMI-IND Northern margin India @ 7136 - India Craton                @absage,4470
4470,7198,7198,65.0,90.0,0.0,0.0,501,501,False,"NMI-IND @REF van Hinsbergen_++_2011 @DOI""10.1029/2011TC002908""     @absage",4471
4471,7199,7199,0.0,90.0,0.0,0.0,7163,7163,False,MSH-MFT missing shortening @ 7137 - @ 7137                         @absage,4472
4472,7199,7199,50.0,90.0,0.0,0.0,7163,7163,False,"MSH-MFT @REF van Hinsbergen_++_2011 @DOI""10.1029/2011TC002908""     @absage",4473
4473,7200,7200,23.0,90.0,0.0,0.0,501,501,False,NMI-IND Northern margin India @ 7137 - India Craton                @absage,4474
4474,7200,7200,65.0,90.0,0.0,0.0,501,501,False,"NMI-IND @REF van Hinsbergen_++_2011 @DOI""10.1029/2011TC002908""     @absage",4475
4475,7201,7201,0.0,90.0,0.0,0.0,7168,7168,False,MSH-MFT missing shortening @ 7137 - @ 7138                         @absage,4476
4476,7201,7201,50.0,90.0,0.0,0.0,7168,7168,False,"MSH-MFT @REF van Hinsbergen_++_2011 @DOI""10.1029/2011TC002908""     @absage",4477
4477,7202,7202,23.0,90.0,0.0,0.0,501,501,False,NMI-IND Northern margin India @ 7138 - India craton                @absage,4478
4478,7202,7202,65.0,90.0,0.0,0.0,501,501,False,"NMI-IND @REF van Hinsbergen_++_2011 @DOI""10.1029/2011TC002908""     @absage",4479
4479,7203,7203,0.0,90.0,0.0,0.0,7173,7173,False,MSH-MFT missing shortening @ 7138 - @ 7139                         @absage,4480
4480,7203,7203,50.0,90.0,0.0,0.0,7173,7173,False,"MSH-MFT @REF van Hinsbergen_++_2011 @DOI""10.1029/2011TC002908""     @absage",4481
4481,7204,7204,0.0,90.0,0.0,0.0,7177,7177,False,MSH-MBT missing shortening @ 7139 - @ 7140                         @absage,4482
4482,7204,7204,50.0,90.0,0.0,0.0,7177,7177,False,"MSH-MBT @REF van Hinsbergen_++_2011 @DOI""10.1029/2011TC002908""     @absage",4483
4483,7205,7205,23.0,90.0,0.0,0.0,501,501,False,RLH-IND reconstructed LH pre-23 - India craton                     @absage,4484
4484,7205,7205,250.0,90.0,0.0,0.0,501,501,False,"RLH-IND @REF van Hinsbergen_++_2011 @DOI""10.1029/2011TC002908""     @absage",4485
4485,7206,7206,23.0,90.0,0.0,0.0,501,501,False,LHT-IND LH Topology 28-23 - India craton                           @absage,4486
4486,7206,7206,250.0,90.0,0.0,0.0,501,501,False,"LHT-IND @REF van Hinsbergen_++_2011 @DOI""10.1029/2011TC002908""     @absage",4487
4487,7207,7207,23.0,90.0,0.0,0.0,501,501,False,LHST-IND LH 28-23 south of Tibet - India craton                    @absage,4488
4488,7207,7207,250.0,90.0,0.0,0.0,501,501,False,"LHST-IND @REF van Hinsbergen_++_2011 @DOI""10.1029/2011TC002908""    @absage",4489
4489,7208,7208,23.0,90.0,0.0,0.0,501,501,False,SMFT-IND modern Siwaliks plus MFT shortening segment - India craton @absage,4490
4490,7208,7208,250.0,90.0,0.0,0.0,501,501,False,"SMFT-IND @REF van Hinsbergen_++_2011 @DOI""10.1029/2011TC002908""    @absage",4491
4491,7209,7209,0.0,90.0,0.0,0.0,7015,7015,False,THIM-IYKF Tethyan Himalaya topology - Indus-Yarling Suture east of Karakoram Fault @absage,4492
4492,7209,7209,50.0,90.0,0.0,0.0,7015,7015,False,"THIM-IYKF @REF van Hinsbergen_++_2011 @DOI""10.1029/2011TC002908""   @absage",4493
4493,7210,7210,50.0,90.0,0.0,0.0,501,501,False,TGHI-IND Tethyan/Greater Himalaya polygon - India craton           @absage,4494
4494,7210,7210,90.0,90.0,0.0,0.0,501,501,False,"TGHI-IND @REF van Hinsbergen_++_2011 @DOI""10.1029/2011TC002908""    @absage",4495
4495,7210,7210,130.0,37.46,48.54,-24.44,501,501,False,"TGHI-IND @REF van Hinsbergen_++_2011 @DOI""10.1029/2011TC002908""    @absage",4496
4496,7210,7210,250.0,37.46,48.54,-24.44,501,501,False,"TGHI-IND @REF van Hinsbergen_++_2011 @DOI""10.1029/2011TC002908""    @absage",4497
4497,7211,7211,100.0,90.0,0.0,0.0,7017,7017,False,LHBL-BNS Lhasa block pre-100 - Bangong Nujiang suture east of Karakoram fault      @absage,4498
4498,7211,7211,140.0,90.0,0.0,0.0,7017,7017,False,"LHBL-BNS @REF van Hinsbergen_++_2011 @DOI""10.1029/2011TC002908""    @absage @xo_ys",4499
4499,7211,7211,140.0,32.2483,36.5262,-26.5883,401,401,False,LHBL-SIB Lhasa block pre-100 - Siberia                             @absage,4500
4500,7211,7211,240.0,-38.0241,-141.9314,101.83840000000001,401,401,False,"LHBL-SIB @REF van Hinsbergen_++_2011 @DOI""10.1029/2011TC002908""    @absage",4501
4501,7211,7211,250.0,-32.2483,-143.4738,26.5883,401,401,False,"LHBL-SIB @REF van Hinsbergen_++_2011 @DOI""10.1029/2011TC002908""    @absage",4502
4502,7212,7212,140.0,90.0,0.0,0.0,401,401,False,QIT-SIB Qiangtang block pre-Cenozoic - Siberia                     @absage,4503
4503,7212,7212,180.0,5.5600000000000005,-7.16,-3.12,401,401,False,"QIT-SIB @REF van Hinsbergen_++_2011 @DOI""10.1029/2011TC002908""     @absage",4504
4504,7212,7212,250.0,90.0,0.0,0.0,401,401,False,"QIT-SIB @REF van Hinsbergen_++_2011 @DOI""10.1029/2011TC002908""     @absage",4505
4505,7213,7213,65.0,90.0,0.0,0.0,401,401,False,SPG-SIB Songpan Ganzi block pre-Cenozoic - Siberia                 @absage,4506
4506,7213,7213,250.0,90.0,0.0,0.0,401,401,False,"SPG-SIB @REF van Hinsbergen_++_2011 @DOI""10.1029/2011TC002908""     @absage",4507
4507,7214,7214,65.0,90.0,0.0,0.0,401,401,False,KNL-SIB Kunlun terranes pre-Cenozoic - Siberia                     @absage,4508
4508,7214,7214,250.0,90.0,0.0,0.0,401,401,False,"KNL-SIB @REF van Hinsbergen_++_2011 @DOI""10.1029/2011TC002908""     @absage",4509
4509,7215,7215,50.0,90.0,0.0,0.0,7017,7017,False,KLOP-BNS Kohistan Ladakh arc-ophiolite pre-Cenozoic - Bangong Nujiang suture east of Karakoram fault     @absage,4510
4510,7215,7215,70.0,90.0,0.0,0.0,7017,7017,False,"KLOP-BNS @REF van Hinsbergen_++_2011 @DOI""10.1029/2011TC002908""    @absage @xo_ys",4511
4511,7215,7215,70.0,-37.01,-114.6,27.11,7065,7065,False,KLOP-LSB Kohistan Ladakh arc-ophiolite pre-Cenozoic - Southern Boundary Qiangtang/Lhasa                  @absage,4512
4512,7215,7215,110.0,-37.01,-114.6,27.11,7065,7065,False,"KLOP-LSB @REF van Hinsbergen_++_2011 @DOI""10.1029/2011TC002908""    @absage",4513
4513,7216,7216,65.0,90.0,0.0,0.0,401,401,False,GDFC-SIB Gangdese fore-arc pre-Cenozoic - Siberia                   @absage,4514
4514,7216,7216,250.0,90.0,0.0,0.0,401,401,False,"GDFC-SIB @REF van Hinsbergen_++_2011 @DOI""10.1029/2011TC002908""     @absage",4515
4515,7217,7217,65.0,90.0,0.0,0.0,401,401,False,GRT-SIB Greater Tarim pre-Cenozoic - Siberia                       @absage,4516
4516,7217,7217,250.0,90.0,0.0,0.0,401,401,False,"GRT-SIB @REF van Hinsbergen_++_2011 @DOI""10.1029/2011TC002908""     @absage",4517
4517,7218,7218,65.0,90.0,0.0,0.0,401,401,False,PRP-SIB Proto-pamir embayment pre-Cenozoic - Siberia               @absage,4518
4518,7218,7218,250.0,90.0,0.0,0.0,401,401,False,"PRP-SIB @REF van Hinsbergen_++_2011 @DOI""10.1029/2011TC002908""     @absage",4519
4519,7219,7219,50.0,90.0,0.0,0.0,7015,7015,False,SZN-IYKF subduction zone post-65 - Indus-Yarling Suture east of Karakoram Fault                          @absage,4520
4520,7219,7219,65.0,90.0,0.0,0.0,7015,7015,False,"SZN-IYKF @REF van Hinsbergen_++_2011 @DOI""10.1029/2011TC002908""    @absage",4521
4521,7220,7220,0.0,90.0,0.0,0.0,7015,7015,False,INYL-IYKF Indus-Yarlung ophiolites - Indus-Yarling Suture east of Karakoram Fault                        @absage,4522
4522,7220,7220,52.0,90.0,0.0,0.0,7015,7015,False,"INYL-IYKF @REF van Hinsbergen_++_2011 @DOI""10.1029/2011TC002908""   @absage",4523
4523,7221,7221,23.0,90.0,0.0,0.0,7155,7155,False,MCT-STD more or less arbitarily chosen within the 'missing shortening interval' - @ 7136                 @absage,4524
4524,7221,7221,250.0,90.0,0.0,0.0,7155,7155,False,"MCT-STD @REF van Hinsbergen_++_2011 @DOI""10.1029/2011TC002908""     @absage",4525
4525,7222,7222,23.0,90.0,0.0,0.0,501,501,False,LHSI-IND LH & Siwalik/MFT part of Greater India - India craton     @absage,4526
4526,7222,7222,250.0,90.0,0.0,0.0,501,501,False,"LHSI-IND @REF van Hinsbergen_++_2011 @DOI""10.1029/2011TC002908""    @absage",4527
4527,7223,7223,50.0,90.0,0.0,0.0,7210,7210,False,LHGH-TGHI LH - GH boundary - Tethyan/Greater Himalaya polygon      @absage,4528
4528,7223,7223,250.0,90.0,0.0,0.0,7210,7210,False,"LHGH-TGHI @REF van Hinsbergen_++_2011 @DOI""10.1029/2011TC002908""   @absage",4529
4529,7224,7224,0.0,90.0,0.0,0.0,401,401,False,GRA-SIB Greater Asia: northern boundary - Siberia                  @absage,4530
4530,7224,7224,50.0,90.0,0.0,0.0,401,401,False,"GRA-SIB @REF van Hinsbergen_++_2011 @DOI""10.1029/2011TC002908""     @absage",4531
4531,7225,7225,0.0,90.0,0.0,0.0,7209,7209,False,GHT-THIM GH Topology - Tethyan Himalaya topology                   @absage,4532
4532,7225,7225,23.0,90.0,0.0,0.0,7209,7209,False,"GHT-THIM @REF van Hinsbergen_++_2011 @DOI""10.1029/2011TC002908""    @absage",4533
4533,7226,7226,0.0,90.0,0.0,0.0,7225,7225,False,MSH-GHT 'still missing shortening' in LH/GH Topology (explained as uncertainties in estimates rather than geologically meaningful) - GH Topology  @absage,4534
4534,7226,7226,23.0,90.0,0.0,0.0,7225,7225,False,"MSH-GHT @REF van Hinsbergen_++_2011 @DOI""10.1029/2011TC002908""     @absage",4535
4535,7227,7227,0.0,90.0,0.0,0.0,7226,7226,False,LHT-MSH LH Topology - 'still missing shortening in LH/GH           @absage,4536
4536,7227,7227,23.0,90.0,0.0,0.0,7226,7226,False,"LHT-MSH @REF van Hinsbergen_++_2011 @DOI""10.1029/2011TC002908""     @absage",4537
4537,7228,7228,75.0,90.0,0.0,0.0,0,000,False,ITSZ-000 Intra-tethyan subduction zone 100-75 Ma                   @absage,4538
4538,7228,7228,100.0,90.0,0.0,0.0,0,000,False,"ITSZ-000 @REF van Hinsbergen_++_2011 @DOI""10.1029/2011TC002908""    @absage",4539
4539,7229,7229,65.0,90.0,0.0,0.0,7215,7215,False,ITKP-KLOP Intra-tethyan subduction zone Kohistan/Pakistan segment 75-65 Ma - Kohistan Ladakh arc-ophiolite pre-Cenozoic                           @absage,4540
4540,7229,7229,75.0,90.0,0.0,0.0,7215,7215,False,"ITKP-KLOP @REF van Hinsbergen_++_2011 @DOI""10.1029/2011TC002908""   @absage",4541
4541,7230,7230,0.0,22.33,59.68,-123.86,503,503,False,ITOM-ARB Intra-tethyan subduction zone UAE/Oman segment 75-65 Ma - Arabia                                 @absage,4542
4542,7230,7230,65.0,22.33,59.68,-123.86,503,503,False,"ITOM-ARB @REF van Hinsbergen_++_2011 @DOI""10.1029/2011TC002908""    @absage",4543
4543,7230,7230,75.0,90.0,0.0,0.0,503,503,False,"ITOM-ARB @REF van Hinsbergen_++_2011 @DOI""10.1029/2011TC002908""    @absage",4544
4544,7231,7231,50.0,90.0,0.0,0.0,7017,7017,False,LHTO-BNS Lhasa topology 100-50 - Bangong Nujiang suture east of Karakoram fault                           @absage,4545
4545,7231,7231,100.0,90.0,0.0,0.0,7017,7017,False,"LHTO-BNS @REF van Hinsbergen_++_2011 @DOI""10.1029/2011TC002908""    @absage",4546
4546,7232,7232,100.0,90.0,0.0,0.0,7020,7020,False,LHTP-JINE Lhasa topology 100-50 - Jinsha Suture east of Altyn Tagh Fault                                  @absage,4547
4547,7232,7232,140.0,90.0,0.0,0.0,7020,7020,False,"LHTP-JINE @REF van Hinsbergen_++_2011 @DOI""10.1029/2011TC002908""   @absage",4548
4548,7233,7233,0.0,90.0,0.0,0.0,401,401,False,INAP-SIB India with poles of Achache_Patriat_1984 - Siberia,4549
4549,7233,7233,10.21,16.6,37.6,-7.44,401,401,False,"INAP-SIB @REF van Hinsbergen_++_2011 @DOI""10.1029/2011TC002908"" A5 (timescale unclear)",4550
4550,7233,7233,20.98,18.5,33.3,-12.85,401,401,False,"INAP-SIB @REF van Hinsbergen_++_2011 @DOI""10.1029/2011TC002908"" A6",4551
4551,7233,7233,29.22,16.9,34.8,-17.75,401,401,False,"INAP-SIB @REF van Hinsbergen_++_2011 @DOI""10.1029/2011TC002908"" A8",4552
4552,7233,7233,36.47,13.3,40.7,-23.82,401,401,False,"INAP-SIB @REF van Hinsbergen_++_2011 @DOI""10.1029/2011TC002908"" A13",4553
4553,7233,7233,41.81,17.7,37.0,-26.89,401,401,False,"INAP-SIB @REF van Hinsbergen_++_2011 @DOI""10.1029/2011TC002908"" A18",4554
4554,7233,7233,44.4,20.7,34.0,-28.44,401,401,False,"INAP-SIB @REF van Hinsbergen_++_2011 @DOI""10.1029/2011TC002908"" A20",4555
4555,7233,7233,47.69,16.0,36.0,-33.27,401,401,False,"INAP-SIB @REF van Hinsbergen_++_2011 @DOI""10.1029/2011TC002908"" A21",4556
4556,7233,7233,49.68,26.0,24.0,-30.5,401,401,False,"INAP-SIB @REF van Hinsbergen_++_2011 @DOI""10.1029/2011TC002908"" A22",4557
4557,7233,7233,51.62,18.1,28.7,-36.44,401,401,False,"INAP-SIB @REF van Hinsbergen_++_2011 @DOI""10.1029/2011TC002908"" A23",4558
4558,7233,7233,53.03,19.0,25.8,-38.37,401,401,False,"INAP-SIB @REF van Hinsbergen_++_2011 @DOI""10.1029/2011TC002908"" A24",4559
4559,7233,7233,55.35,20.1,22.1,-40.81,401,401,False,"INAP-SIB @REF van Hinsbergen_++_2011 @DOI""10.1029/2011TC002908"" A25",4560
4560,7233,7233,56.92,19.8,20.7,-43.17,401,401,False,"INAP-SIB @REF van Hinsbergen_++_2011 @DOI""10.1029/2011TC002908"" A26",4561
4561,7233,7233,59.31,16.2,22.7,-48.67,401,401,False,"INAP-SIB @REF van Hinsbergen_++_2011 @DOI""10.1029/2011TC002908"" A27",4562
4562,7233,7233,60.57,17.3,20.6,-49.47,401,401,False,"INAP-SIB @REF van Hinsbergen_++_2011 @DOI""10.1029/2011TC002908"" A28",4563
4563,7233,7233,62.49,14.9,21.5,-54.65,401,401,False,"INAP-SIB @REF van Hinsbergen_++_2011 @DOI""10.1029/2011TC002908"" A29",4564
4564,7233,7233,70.62,18.8,13.3,-60.72,401,401,False,"INAP-SIB @REF van Hinsbergen_++_2011 @DOI""10.1029/2011TC002908"" A32",4565
4565,7234,7234,0.0,90.0,0.0,0.0,401,401,False,LHSN-SIB Lhasa sensu Replumaz_Tapponnier - Siberia,4566
4566,7234,7234,5.0,34.3,9.7,-1.4,401,401,False,"LHSN-SIB @REF van Hinsbergen_++_2011 @DOI""10.1029/2011TC002908""    @absage",4567
4567,7234,7234,10.0,27.7,-34.5,-2.9,401,401,False,"LHSN-SIB @REF van Hinsbergen_++_2011 @DOI""10.1029/2011TC002908""    @absage",4568
4568,7234,7234,15.0,34.7,-26.7,-4.2,401,401,False,"LHSN-SIB @REF van Hinsbergen_++_2011 @DOI""10.1029/2011TC002908""    @absage",4569
4569,7234,7234,30.0,6.7,-73.28,-12.5,401,401,False,"LHSN-SIB @REF van Hinsbergen_++_2011 @DOI""10.1029/2011TC002908""    @absage",4570
4570,7235,7235,0.0,90.0,0.0,0.0,401,401,False,QTSN-SIB Qiangtang sensu Replumaz_Tapponnier - Siberia             @absage,4571
4571,7235,7235,5.0,20.5,99.5,6.7,401,401,False,"QTSN-SIB @REF van Hinsbergen_++_2011 @DOI""10.1029/2011TC002908""    @absage",4572
4572,7235,7235,10.0,12.04,102.8,8.28,401,401,False,"QTSN-SIB @REF van Hinsbergen_++_2011 @DOI""10.1029/2011TC002908""    @absage",4573
4573,7235,7235,15.0,4.4,109.5,8.48,401,401,False,"QTSN-SIB @REF van Hinsbergen_++_2011 @DOI""10.1029/2011TC002908""    @absage",4574
4574,7235,7235,30.0,7.4,-67.72,-7.6,401,401,False,"QTSN-SIB @REF van Hinsbergen_++_2011 @DOI""10.1029/2011TC002908""    @absage",4575
4575,7236,7236,0.0,90.0,0.0,0.0,401,401,False,HISN-SIB Himalaya sensu Replumaz_Tapponnier - Siberia              @absage,4576
4576,7236,7236,5.0,-0.4,154.2,1.3,401,401,False,"HISN-SIB @REF van Hinsbergen_++_2011 @DOI""10.1029/2011TC002908""    @absage",4577
4577,7236,7236,10.0,0.30000000000000004,-20.4,-2.8,401,401,False,"HISN-SIB @REF van Hinsbergen_++_2011 @DOI""10.1029/2011TC002908""    @absage",4578
4578,7236,7236,15.0,1.7000000000000002,146.4,4.4,401,401,False,"HISN-SIB @REF van Hinsbergen_++_2011 @DOI""10.1029/2011TC002908""    @absage",4579
4579,7236,7236,30.0,22.03,31.1,-8.9,401,401,False,"HISN-SIB @REF van Hinsbergen_++_2011 @DOI""10.1029/2011TC002908""    @absage",4580
4580,7237,7237,0.0,90.0,0.0,0.0,401,401,False,PMSN-SIB Pamir sensu Replumaz_Tapponnier - Siberia                 @absage,4581
4581,7237,7237,5.0,-0.4,154.2,1.3,401,401,False,"PMSN-SIB @REF van Hinsbergen_++_2011 @DOI""10.1029/2011TC002908""    @absage",4582
4582,7237,7237,10.0,0.30000000000000004,-20.4,-2.8,401,401,False,"PMSN-SIB @REF van Hinsbergen_++_2011 @DOI""10.1029/2011TC002908""    @absage",4583
4583,7237,7237,15.0,1.7000000000000002,146.4,4.4,401,401,False,"PMSN-SIB @REF van Hinsbergen_++_2011 @DOI""10.1029/2011TC002908""    @absage",4584
4584,7237,7237,30.0,19.0,7.2,-6.8,401,401,False,"PMSN-SIB @REF van Hinsbergen_++_2011 @DOI""10.1029/2011TC002908""    @absage",4585
4585,7238,7238,0.0,90.0,0.0,0.0,401,401,False,ODSN-SIB Ordos sensu Replumaz_Tapponnier - Siberia                 @absage,4586
4586,7238,7238,5.0,42.2,117.0,-2.5,401,401,False,"ODSN-SIB @REF van Hinsbergen_++_2011 @DOI""10.1029/2011TC002908""    @absage",4587
4587,7238,7238,10.0,42.2,117.0,-5.0,401,401,False,"ODSN-SIB @REF van Hinsbergen_++_2011 @DOI""10.1029/2011TC002908""    @absage",4588
4588,7238,7238,180.0,42.2,117.0,-5.0,401,401,False,"ODSN-SIB @REF van Hinsbergen_++_2011 @DOI""10.1029/2011TC002908""    @absage",4589
4589,7239,7239,0.0,90.0,0.0,0.0,7065,7065,False,BGN-GDT Bangong Nujiang 2 - Gangdese Thrust                        @absage,4590
4590,7239,7239,10.0,-52.56,56.04,1.04,7065,7065,False,"BGN-GDT @REF van Hinsbergen_++_2011 @DOI""10.1029/2011TC002908""     @absage",4591
4591,7239,7239,15.0,-58.6,78.25,0.98,7065,7065,False,"BGN-GDT @REF van Hinsbergen_++_2011 @DOI""10.1029/2011TC002908""     @absage",4592
4592,7239,7239,20.0,-34.18,-83.55,9.92,7065,7065,False,"BGN-GDT @REF van Hinsbergen_++_2011 @DOI""10.1029/2011TC002908""     @absage",4593
4593,7239,7239,30.0,-30.39,-83.54,33.64,7065,7065,False,"BGN-GDT @REF van Hinsbergen_++_2011 @DOI""10.1029/2011TC002908""     @absage",4594
4594,7239,7239,50.0,-44.92,-66.19,3.02,7065,7065,False,"BGN-GDT @REF van Hinsbergen_++_2011 @DOI""10.1029/2011TC002908""     @absage",4595
4595,7239,7239,100.0,-32.73,-69.28,13.7,7065,7065,False,"BGN-GDT @REF van Hinsbergen_++_2011 @DOI""10.1029/2011TC002908""     @absage",4596
4596,7239,7239,140.0,-32.73,-69.28,13.7,7065,7065,False,"BGN-GDT @REF van Hinsbergen_++_2011 @DOI""10.1029/2011TC002908""     @absage",4597
4597,7239,7239,250.0,-32.73,-69.28,13.7,7065,7065,False,"BGN-GDT @REF van Hinsbergen_++_2011 @DOI""10.1029/2011TC002908""     @absage",4598
4598,7240,7240,0.0,90.0,0.0,0.0,7246,7246,False,BNBN-ICSB Bangong Nujiang Burma North - Indochina-Sibumasu (Bentong-Raub) suture N of Mae Ping fault     @absage,4599
4599,7240,7240,10.0,-11.45,14.43,0.86,7246,7246,False,"BNBN-ICSB @REF van Hinsbergen_++_2011 @DOI""10.1029/2011TC002908""   @absage",4600
4600,7240,7240,20.0,-56.39,54.68,0.42,7246,7246,False,"BNBN-ICSB @REF van Hinsbergen_++_2011 @DOI""10.1029/2011TC002908""   @absage",4601
4601,7240,7240,30.0,-25.71,-83.93,33.36,7246,7246,False,"BNBN-ICSB @REF van Hinsbergen_++_2011 @DOI""10.1029/2011TC002908""   @absage",4602
4602,7240,7240,50.0,-26.2,-84.06,29.76,7246,7246,False,"BNBN-ICSB @REF van Hinsbergen_++_2011 @DOI""10.1029/2011TC002908""   @absage",4603
4603,7240,7240,100.0,-27.07,-84.6,29.78,7246,7246,False,"BNBN-ICSB @REF van Hinsbergen_++_2011 @DOI""10.1029/2011TC002908""   @absage @xo_ys",4604
4604,7240,7240,100.0,-8.3545,-167.9775,-16.4606,7017,7017,False,BNBN-BNS Bangong Nujiang Burma North - Bangong Nujiang suture east of Karakoram fault                    @absage,4605
4605,7240,7240,140.0,-8.3545,-167.9775,-16.4606,7017,7017,False,"BNBN-BNS @REF van Hinsbergen_++_2011 @DOI""10.1029/2011TC002908""     @absage",4606
4606,7240,7240,250.0,-8.3545,-167.9775,-16.4606,7017,7017,False,"BNBN-BNS @REF van Hinsbergen_++_2011 @DOI""10.1029/2011TC002908""     @absage",4607
4607,7241,7241,0.0,90.0,0.0,0.0,7020,7020,False,JIN2-JINE Jinsha 2 - Jinsha Suture east of Altyn Tagh Fault         @absage,4608
4608,7241,7241,10.0,-29.98,-86.02,-15.01,7020,7020,False,"JIN2-JINE @REF van Hinsbergen_++_2011 @DOI""10.1029/2011TC002908""    @absage",4609
4609,7241,7241,15.0,-30.6,-83.91,-22.86,7020,7020,False,"JIN2-JINE @REF van Hinsbergen_++_2011 @DOI""10.1029/2011TC002908""    @absage",4610
4610,7241,7241,30.0,-30.6,-83.91,-22.86,7020,7020,False,"JIN2-JINE @REF van Hinsbergen_++_2011 @DOI""10.1029/2011TC002908""    @absage",4611
4611,7241,7241,50.0,-30.93,-83.95,-19.75,7020,7020,False,"JIN2-JINE @REF van Hinsbergen_++_2011 @DOI""10.1029/2011TC002908""    @absage",4612
4612,7241,7241,140.0,-31.44,-83.71,-19.75,7020,7020,False,"JIN2-JINE @REF van Hinsbergen_++_2011 @DOI""10.1029/2011TC002908""    @absage",4613
4613,7241,7241,250.0,-31.44,-83.71,-19.75,7020,7020,False,"JIN2-JINE @REF van Hinsbergen_++_2011 @DOI""10.1029/2011TC002908""    @absage",4614
4614,7242,7242,0.0,90.0,0.0,0.0,7245,7245,False,JIN3-XISN Jinsha 3 - Xianshuihe-displacement: SW S China edge sensu Pubelier_++_                         @absage,4615
4615,7242,7242,30.0,90.0,0.0,0.0,7245,7245,False,"JIN3-XISN @REF van Hinsbergen_++_2011 @DOI""10.1029/2011TC002908""    @absage",4616
4616,7242,7242,140.0,90.0,0.0,0.0,7245,7245,False,"JIN3-XISN @REF van Hinsbergen_++_2011 @DOI""10.1029/2011TC002908""    @absage",4617
4617,7242,7242,250.0,90.0,0.0,0.0,7245,7245,False,"JIN3-XISN @REF van Hinsbergen_++_2011 @DOI""10.1029/2011TC002908""    @absage",4618
4618,7243,7243,0.0,90.0,0.0,0.0,7189,7189,False,IY2-ICHI Indus Yarlung 2 - Indo China                               @absage,4619
4619,7243,7243,50.0,90.0,0.0,0.0,7189,7189,False,"IY2-ICHI @REF van Hinsbergen_++_2011 @DOI""10.1029/2011TC002908""     @absage",4620
4620,7244,7244,0.0,90.0,0.0,0.0,7246,7246,False,IYB-ICSB Indus Yarlung Burma North - Xianshuihe-displacement: SW S China edge sensu Pubelier_++_         @absage,4621
4621,7244,7244,20.0,-29.85,-85.59,13.51,7246,7246,False,"IYB-ICSB @REF van Hinsbergen_++_2011 @DOI""10.1029/2011TC002908""     @absage",4622
4622,7244,7244,30.0,-26.13,-84.11,46.05,7246,7246,False,"IYB-ICSB @REF van Hinsbergen_++_2011 @DOI""10.1029/2011TC002908""     @absage",4623
4623,7244,7244,48.0,-25.87,-84.22,37.92,7246,7246,False,"IYB-ICSB @REF van Hinsbergen_++_2011 @DOI""10.1029/2011TC002908""     @absage",4624
4624,7244,7244,140.0,90.0,0.0,0.0,7246,7246,False,"IYB-ICSB @REF van Hinsbergen_++_2011 @DOI""10.1029/2011TC002908""     @absage",4625
4625,7244,7244,250.0,90.0,0.0,0.0,7246,7246,False,"IYB-ICSB @REF van Hinsbergen_++_2011 @DOI""10.1029/2011TC002908""     @absage",4626
4626,7245,7245,0.0,90.0,0.0,0.0,7096,7096,False,XSD-SCHI Xianshuihe-displacement: SW S China edge sensu Pubelier_++_ - South China                       @absage,4627
4627,7245,7245,10.0,-12.54,17.87,0.7000000000000001,7096,7096,False,"XSD-SCHI @REF van Hinsbergen_++_2011 @DOI""10.1029/2011TC002908""     @absage",4628
4628,7245,7245,140.0,-12.54,17.87,0.7000000000000001,7096,7096,False,"XSD-SCHI @REF van Hinsbergen_++_2011 @DOI""10.1029/2011TC002908""     @absage",4629
4629,7245,7245,250.0,-12.54,17.87,0.7000000000000001,7096,7096,False,"XSD-SCHI @REF van Hinsbergen_++_2011 @DOI""10.1029/2011TC002908""     @absage",4630
4630,7246,7246,0.0,90.0,0.0,0.0,7096,7096,False,ICSB-SCHI Indochina-Sibumasu (Bentong-Raub) suture N of Mae Ping fault - South China                     @absage,4631
4631,7246,7246,5.0,-29.9,61.5,-0.25,7096,7096,False,"ICSB-SCHI @REF van Hinsbergen_++_2011 @DOI""10.1029/2011TC002908""    @absage",4632
4632,7246,7246,8.0,-34.82,51.54,-0.39,7096,7096,False,"ICSB-SCHI @REF van Hinsbergen_++_2011 @DOI""10.1029/2011TC002908""    @absage",4633
4633,7246,7246,20.0,-34.82,51.54,-0.39,7096,7096,False,"ICSB-SCHI @REF van Hinsbergen_++_2011 @DOI""10.1029/2011TC002908""    @absage",4634
4634,7246,7246,30.0,16.53,99.19,13.7,7096,7096,False,"ICSB-SCHI @REF van Hinsbergen_++_2011 @DOI""10.1029/2011TC002908""    @absage",4635
4635,7246,7246,250.0,16.53,99.19,13.7,7096,7096,False,"ICSB-SCHI @REF van Hinsbergen_++_2011 @DOI""10.1029/2011TC002908""    @absage",4636
4636,7247,7247,0.0,90.0,0.0,0.0,7246,7246,False,ISIB-ICSB Indochina-Sibumasu suture S of Mae Ping fault - Xianshuihe-displacement: SW S China edge sensu Pubelier_++_      @absage,4637
4637,7247,7247,23.0,90.0,0.0,0.0,7246,7246,False,"ISIB-ICSB @REF van Hinsbergen_++_2011 @DOI""10.1029/2011TC002908""    @absage",4638
4638,7247,7247,40.0,-46.99,27.11,0.88,7246,7246,False,"ISIB-ICSB @REF van Hinsbergen_++_2011 @DOI""10.1029/2011TC002908""    @absage",4639
4639,7247,7247,250.0,-46.99,27.11,0.88,7246,7246,False,"ISIB-ICSB @REF van Hinsbergen_++_2011 @DOI""10.1029/2011TC002908""    @absage",4640
4640,7248,7248,0.0,90.0,0.0,0.0,7246,7246,False,SAF-ICSB Sagain fault - N & W Andaman rift margin - Xianshuihe-displacement: SW S China edge sensu Pubelier_++_            @absage,4641
4641,7248,7248,200.0,90.0,0.0,0.0,7246,7246,False,"SAF-ICSB @REF van Hinsbergen_++_2011 @DOI""10.1029/2011TC002908""     @absage",4642
4642,7249,7249,0.0,90.0,0.0,0.0,7255,7255,False,SIWS-ICSM Sibumasu-west-Sumatra Block suture - Indochina-Sibumasu (Bentong-Raub) suture Malaysia and Sumatra               @absage,4643
4643,7249,7249,200.0,90.0,0.0,0.0,7255,7255,False,"SIWS-ICSM @REF van Hinsbergen_++_2011 @DOI""10.1029/2011TC002908""    @absage",4644
4644,7250,7250,0.0,90.0,0.0,0.0,501,501,False,BANS-IND Neotethys suture Burma-Andaman; western boundary Burma-Andaman Block - India Craton                               @absage,4645
4645,7250,7250,7.0,-15.92,-79.05,-0.93,501,501,False,"BANS-IND @REF Zahirovic_++_2014 @DOI""10.5194/se-5-227-2014""",4646
4646,7250,7250,11.0,-38.74,-77.84,-1.49,501,501,False,"BANS-IND @REF Zahirovic_++_2014 @DOI""10.5194/se-5-227-2014""",4647
4647,7250,7250,23.0,71.47,86.99,4.44,501,501,False,"BANS-IND @REF Zahirovic_++_2014 @DOI""10.5194/se-5-227-2014"" Initiation of rifting related to Andaman Sea @xo_ys",4648
4648,7250,7250,23.0,15.02,36.89,-11.18,7255,7255,False,"BANS-ICSM West Burma - Indochina-Sibumasu (Bentong-Raub) suture Malaysia and Sumatra, @REF Zahirovic_++_2014 @DOI""10.5194/se-5-227-2014""",4649
4649,7250,7250,140.0,15.02,36.89,-11.18,7255,7255,False,"BANS-ICSM @REF Zahirovic_++_2014 @DOI""10.5194/se-5-227-2014""",4650
4650,7250,7250,175.0,-28.86,-177.92,11.73,7255,7255,False,"BANS-ICSM @REF Zahirovic_++_2014 @DOI""10.5194/se-5-227-2014"" @xo_ys",4651
4651,7250,7250,175.0,-24.2171,-110.6991,16.3383,603,603,False,BANS-SBM Neotethys suture Burma-Andaman; western boundary Burma-Andaman Block - Sino Burma Malaya,4652
4652,7250.0,7250.0,190.0,-25.2775,-113.5265,19.3918,603.0,603.0,0.0,,4653.0
4653,7250,7250,250.0,-25.2775,-113.5265,19.3918,603,603,False,BANS-SBM,4654
4654,7250,7250,410.0,23.1479,135.595,25.7257,603,603,False,WBU-SBM,4655
4655,7250,7250,410.0,-31.0004,-83.9408,-77.2138,606,606,False,WBU-LHA West Burma-Lhasa @REF Zahirovic_++_InPrep,4656
4656,7250,7250,600.0,31.0004,96.0592,77.2138,606,606,False,WBU-LHA West Burma-Lhasa @REF Zahirovic_++_InPrep,4657
4657,7250,7250,610.0,31.0004,96.0592,77.2138,606,606,False,WBU-LHA West Burma-Lhasa @REF Zahirovic_++_InPrep,4658
4658,7251,7251,0.0,90.0,0.0,0.0,7250,7250,False,IDBU-BANS Inner-Outer Indo-Burma Wedge boundary - Neotethys suture Burma-Andaman; western boundary Burma-Andaman Block    @absage,4659
4659,7251,7251,140.0,90.0,0.0,0.0,7250,7250,False,"IDBU-BANS @REF van Hinsbergen_++_2011 @DOI""10.1029/2011TC002908""   @absage",4660
4660,7251,7251,250.0,90.0,0.0,0.0,7250,7250,False,"IDBU-BANS @REF van Hinsbergen_++_2011 @DOI""10.1029/2011TC002908""   @absage",4661
4661,7252,7252,0.0,90.0,0.0,0.0,7246,7246,False,EINC-ICSB Eastern Indochina Block boundary; East Vietnam Fault Zone; N of Mae Ping - Indochina-Sibumasu (Bentong-Raub) suture N of Mae Ping fault @absage,4662
4662,7252,7252,140.0,90.0,0.0,0.0,7246,7246,False,"EINC-ICSB @REF van Hinsbergen_++_2011 @DOI""10.1029/2011TC002908""   @absage",4663
4663,7252,7252,250.0,90.0,0.0,0.0,7246,7246,False,"EINC-ICSB @REF van Hinsbergen_++_2011 @DOI""10.1029/2011TC002908""   @absage",4664
4664,7253,7253,0.0,90.0,0.0,0.0,7246,7246,False,MAPI-ICSB Mae Ping fault zone - Xianshuihe-displacement: SW S China edge sensu Pubelier_++_                               @absage,4665
4665,7253,7253,140.0,90.0,0.0,0.0,7246,7246,False,"MAPI-ICSB @REF van Hinsbergen_++_2011 @DOI""10.1029/2011TC002908""   @absage",4666
4666,7253,7253,250.0,90.0,0.0,0.0,7246,7246,False,"MAPI-ICSB @REF van Hinsbergen_++_2011 @DOI""10.1029/2011TC002908""   @absage",4667
4667,7254,7254,0.0,90.0,0.0,0.0,7247,7247,False,TPG-ISIB Three Pagodas - Tho Chu fault zone - Indochina-Sibumasu suture S of Mae Ping fault                               @absage,4668
4668,7254,7254,140.0,90.0,0.0,0.0,7247,7247,False,"TPG-ISIB @REF van Hinsbergen_++_2011 @DOI""10.1029/2011TC002908""    @absage",4669
4669,7254,7254,250.0,90.0,0.0,0.0,7247,7247,False,"TPG-ISIB @REF van Hinsbergen_++_2011 @DOI""10.1029/2011TC002908""    @absage",4670
4670,7255,7255,0.0,90.0,0.0,0.0,7247,7247,False,ICSM-ISIB Indochina-Sibumasu (Bentong-Raub) suture Malaysia and Sumatra - Indochina-Sibumasu suture S of Mae Ping fault   @absage,4671
4671,7255,7255,23.0,90.0,0.0,0.0,7247,7247,False,"ICSM-ISIB @REF van Hinsbergen_++_2011 @DOI""10.1029/2011TC002908""   @absage",4672
4672,7255,7255,40.0,-2.9699999999999998,79.58,1.98,7247,7247,False,"ICSM-ISIB @REF van Hinsbergen_++_2011 @DOI""10.1029/2011TC002908""   @absage",4673
4673,7255,7255,140.0,-2.9699999999999998,79.58,1.98,7247,7247,False,"ICSM-ISIB @REF van Hinsbergen_++_2011 @DOI""10.1029/2011TC002908""   @absage",4674
4674,7255,7255,250.0,-2.9699999999999998,79.58,1.98,7247,7247,False,"ICSM-ISIB @REF van Hinsbergen_++_2011 @DOI""10.1029/2011TC002908""   @absage",4675
4675,7256,7256,0.0,90.0,0.0,0.0,7247,7247,False,EIBB-ISIB Eastern Indochina Block boundary; East Vietnam Fault Zone; S of Mae Ping - Indochina-Sibumasu suture S of Mae Ping fault  @absage,4676
4676,7256,7256,140.0,90.0,0.0,0.0,7247,7247,False,"EIBB-ISIB @REF van Hinsbergen_++_2011 @DOI""10.1029/2011TC002908""   @absage",4677
4677,7256,7256,250.0,90.0,0.0,0.0,7247,7247,False,"EIBB-ISIB @REF van Hinsbergen_++_2011 @DOI""10.1029/2011TC002908""   @absage",4678
4678,7257,7257,0.0,90.0,0.0,0.0,7251,7251,False,OIBB-IDBU Outer Indo-Burma Wedge boundary - Inner-Outer Indo-Burma Wedge boundary                                         @absage,4679
4679,7257,7257,140.0,90.0,0.0,0.0,7251,7251,False,"OIBB-IDBU @REF van Hinsbergen_++_2011 @DOI""10.1029/2011TC002908""   @absage",4680
4680,7257,7257,250.0,90.0,0.0,0.0,7251,7251,False,"OIBB-IDBU @REF van Hinsbergen_++_2011 @DOI""10.1029/2011TC002908""   @absage",4681
4681,7258,7258,0.0,90.0,0.0,0.0,7250,7250,False,NANS-BANS Northern margin Andaman Sea - Neotethys suture Burma-Andaman; western boundary Burma-Andaman Block              @absage,4682
4682,7258,7258,140.0,90.0,0.0,0.0,7250,7250,False,"NANS-BANS @REF van Hinsbergen_++_2011 @DOI""10.1029/2011TC002908""   @absage",4683
4683,7258,7258,250.0,90.0,0.0,0.0,7250,7250,False,"NANS-BANS @REF van Hinsbergen_++_2011 @DOI""10.1029/2011TC002908""   @absage",4684
4684,7259,7259,0.0,90.0,0.0,0.0,7250,7250,False,BNSF-BANS Bangong-Nujiang west of Sagaing Fault: Jurassic-early Cretaceous Jadeitite - Neotethys suture Burma-Andaman; western boundary Burma-Andaman Block @absage,4685
4685,7259,7259,160.0,90.0,0.0,0.0,7250,7250,False,"BNSF-BANS @REF van Hinsbergen_++_2011 @DOI""10.1029/2011TC002908""   @absage",4686
4686,7260,7260,0.0,90.0,0.0,0.0,7249,7249,False,WOYS-SIWS Woyla suture Sumatra (~Melawai Fault) - Sibumasu-west-Sumatra Block suture                                      @absage,4687
4687,7260,7260,5.0,-32.12,8.3,-0.56,7249,7249,False,"WOYS-SIWS @REF van Hinsbergen_++_2011 @DOI""10.1029/2011TC002908""   @absage",4688
4688,7260,7260,23.0,-20.84,7.11,-3.35,7249,7249,False,"WOYS-SWIS @REF van Hinsbergen_++_2011 @DOI""10.1029/2011TC002908""   @absage",4689
4689,7260,7260,160.0,-20.84,7.11,-3.35,7249,7249,False,"WOYS-SWIS @REF van Hinsbergen_++_2011 @DOI""10.1029/2011TC002908""   @absage",4690
4690,7261,7261,0.0,90.0,0.0,0.0,402,402,False,ETAD-KAZ eastern boundary Tadjik Depression topology - Kazakhstan  @absage,4691
4691,7261,7261,23.0,36.81,69.18,-55.36,402,402,False,"ETAD-KAZ @REF van Hinsbergen_++_2011 @DOI""10.1029/2011TC002908""    @absage",4692
4692,7261,7261,160.0,36.81,69.18,-55.36,402,402,False,"ETAD-KAZ @REF van Hinsbergen_++_2011 @DOI""10.1029/2011TC002908""    @absage",4693
4693,7262,7262,0.0,90.0,0.0,0.0,402,402,False,CHPI-KAZ connection Chatkal-Peter I topology - Kazakhstan          @absage,4694
4694,7262,7262,23.0,-35.05,21.41,-0.62,402,402,False,"CHPI-KAZ @REF van Hinsbergen_++_2011 @DOI""10.1029/2011TC002908""    @absage",4695
4695,7262,7262,160.0,-35.05,21.41,-0.62,402,402,False,"CHPI-KAZ @REF van Hinsbergen_++_2011 @DOI""10.1029/2011TC002908""    @absage",4696
4696,7263,7263,0.0,90.0,0.0,0.0,402,402,False,SEMP-KAZ southeastern marin Peter I - Kazakhstan                   @absage,4697
4697,7263,7263,23.0,42.62,95.44,6.34,402,402,False,"SEMP-KAZ @REF van Hinsbergen_++_2011 @DOI""10.1029/2011TC002908""    @absage",4698
4698,7263,7263,160.0,42.62,95.44,6.34,402,402,False,"SEMP-KAZ @REF van Hinsbergen_++_2011 @DOI""10.1029/2011TC002908""    @absage",4699
4699,7264,7264,0.0,90.0,0.0,0.0,7250,7250,False,TGCP-BANS Tadjik-Ghissar-Chatkal-Peter I-Alai valley topology - Neotethys suture Burma-Andaman                            @absage,4700
4700,7264,7264,23.0,90.0,0.0,0.0,7250,7250,False,"TGCP-BANS @REF van Hinsbergen_++_2011 @DOI""10.1029/2011TC002908""   @absage",4701
4701,7265,7265,0.0,90.0,0.0,0.0,7246,7246,False,SHS-ICSB Shan Scarp - Indochina-Sibumasu (Bentong-Raub) suture N of Mae Ping fault                                        @absage,4702
4702,7265,7265,140.0,90.0,0.0,0.0,7246,7246,False,"SHS-ICSB @REF van Hinsbergen_++_2011 @DOI""10.1029/2011TC002908""    @absage",4703
4703,7265,7265,250.0,90.0,0.0,0.0,7246,7246,False,"SHS-ICSB @REF van Hinsbergen_++_2011 @DOI""10.1029/2011TC002908""    @absage",4704
4704,7266,7266,0.0,90.0,0.0,0.0,7246,7246,False,BNBS-ICSB Bangong Nujiang Burma South - Indochina-Sibumasu (Bentong-Raub) suture N of Mae Ping fault                      @absage,4705
4705,7266,7266,30.0,-37.63,26.52,-0.30000000000000004,7246,7246,False,"BNBS-ICSB @REF van Hinsbergen_++_2011 @DOI""10.1029/2011TC002908""   @absage",4706
4706,7266,7266,100.0,-37.63,26.52,-0.30000000000000004,7246,7246,False,"BNBS-ICSB @REF van Hinsbergen_++_2011 @DOI""10.1029/2011TC002908""   @absage @xo_ys",4707
4707,7266,7266,100.0,-33.12,-115.0,-36.22,7017,7017,False,BNBS-BNS Bangong Nujiang Burma South - Bangong Nujiang suture east of Karakoram fault                                     @absage,4708
4708,7266,7266,140.0,-33.12,-115.0,-36.22,7017,7017,False,"BNBS-BNS @REF van Hinsbergen_++_2011 @DOI""10.1029/2011TC002908""    @absage",4709
4709,7266,7266,250.0,-33.12,-115.0,-36.22,7017,7017,False,"BNBS-BNS @REF van Hinsbergen_++_2011 @DOI""10.1029/2011TC002908""    @absage",4710
4710,7267,7267,0.0,90.0,0.0,0.0,7269,7269,False,NSF1-IYBS Northward growing Sagaing Fault 1 - Indus Yarlung Burma South                                                   @absage,4711
4711,7267,7267,7.0,90.0,0.0,0.0,7269,7269,False,"NSF1-IYBS @REF van Hinsbergen_++_2011 @DOI""10.1029/2011TC002908""   @absage",4712
4712,7268,7268,0.0,90.0,0.0,0.0,7244,7244,False,NSF2-IYB Northward growing Sagaing Fault 2 - Indus Yarlung Burma North                                                    @absage,4713
4713,7268,7268,3.0,90.0,0.0,0.0,7244,7244,False,"NSF2-IYB @REF van Hinsbergen_++_2011 @DOI""10.1029/2011TC002908""    @absage",4714
4714,7269,7269,0.0,90.0,0.0,0.0,7246,7246,False,IYBS-ICSB Indus Yarlung Burma South - Indochina-Sibumasu (Bentong-Raub) suture N of Mae Ping fault                        @absage,4715
4715,7269,7269,20.0,-23.99,-83.11,-18.12,7246,7246,False,"IYBS-ICSB @REF van Hinsbergen_++_2011 @DOI""10.1029/2011TC002908""   @absage",4716
4716,7269,7269,30.0,-25.36,-79.69,-15.78,7246,7246,False,"IYBS-ICSB @REF van Hinsbergen_++_2011 @DOI""10.1029/2011TC002908""   @absage",4717
4717,7269,7269,50.0,-25.63,-80.94,-19.31,7246,7246,False,"IYBS-ICSB @REF van Hinsbergen_++_2011 @DOI""10.1029/2011TC002908""   @absage",4718
4718,7269,7269,140.0,90.0,0.0,0.0,7246,7246,False,"IYBS-ICSB @REF van Hinsbergen_++_2011 @DOI""10.1029/2011TC002908""   @absage",4719
4719,7269,7269,250.0,90.0,0.0,0.0,7246,7246,False,"IYBS-ICSB @REF van Hinsbergen_++_2011 @DOI""10.1029/2011TC002908""   @absage",4720
4720,7270,7270,0.0,90.0,0.0,0.0,7246,7246,False,TLB-ICSB Truncation Lhasa Burma against Sagaing - Indochina-Sibumasu (Bentong-Raub) suture N of Mae Ping fault            @absage,4721
4721,7270,7270,10.0,-28.79,-83.48,-6.57,7246,7246,False,"TLB-ICSB @REF van Hinsbergen_++_2011 @DOI""10.1029/2011TC002908""    @absage",4722
4722,7270,7270,20.0,-21.82,16.65,-0.31,7246,7246,False,"TLB-ICSB @REF van Hinsbergen_++_2011 @DOI""10.1029/2011TC002908""    @absage",4723
4723,7270,7270,30.0,8.45,70.4,-2.32,7246,7246,False,"TLB-ICSB @REF van Hinsbergen_++_2011 @DOI""10.1029/2011TC002908""    @absage",4724
4724,7270,7270,70.0,-21.53,-86.83,14.17,7246,7246,False,"TLB-ICSB @REF van Hinsbergen_++_2011 @DOI""10.1029/2011TC002908""    @absage",4725
4725,7270,7270,140.0,90.0,0.0,0.0,7246,7246,False,"TLB-ICSB @REF van Hinsbergen_++_2011 @DOI""10.1029/2011TC002908""    @absage",4726
4726,7270,7270,250.0,90.0,0.0,0.0,7246,7246,False,"TLB-ICSB @REF van Hinsbergen_++_2011 @DOI""10.1029/2011TC002908""    @absage",4727
4727,7271,7271,0.0,90.0,0.0,0.0,7246,7246,False,ETT-ICSB Extending Tibet topology - Indochina-Sibumasu (Bentong-Raub) suture N of Mae Ping fault                          @absage,4728
4728,7271,7271,10.0,90.0,0.0,0.0,7246,7246,False,"ETT-ICSB @REF van Hinsbergen_++_2011 @DOI""10.1029/2011TC002908""    @absage",4729
4729,7272,7272,50.0,90.0,0.0,0.0,501,501,False,GRIN-IND Greater India assuming 50 Ma collision - Inda craton      @absage,4730
4730,7272,7272,140.0,90.0,0.0,0.0,501,501,False,"GRIN-IND @REF van Hinsbergen_++_2011 @DOI""10.1029/2011TC002908""    @absage",4731
4731,7272,7272,250.0,90.0,0.0,0.0,501,501,False,"GRIN-IND @REF van Hinsbergen_++_2011 @DOI""10.1029/2011TC002908""    @absage",4732
4732,7300,7300,75.0,90.0,0.0,0.0,0,000,False,SZOE-000 intra-oceanic subduction zone creating ophiolites east    @absage,4733
4733,7300,7300,100.0,90.0,0.0,0.0,0,000,False,"SZOE-000 @REF van Hinsbergen_++_2011 @DOI""10.1029/2011TC002908""    @absage",4734
4734,7301,7301,65.0,90.0,0.0,0.0,0,000,False,SZOW-000 intra-oceanic subduction zone creating ophiolites west    @absage,4735
4735,7301,7301,68.0,10.63,56.46,-18.86,0,000,False,"SZOW-000 @REF van Hinsbergen_++_2011 @DOI""10.1029/2011TC002908""    @absage",4736
4736,7301,7301,71.0,8.67,57.6,-37.45,0,000,False,"SZOW-000 @REF van Hinsbergen_++_2011 @DOI""10.1029/2011TC002908""    @absage",4737
4737,7301,7301,75.0,6.68,58.01,-62.18,0,000,False,"SZOW-000 @REF van Hinsbergen_++_2011 @DOI""10.1029/2011TC002908""    @absage",4738
4738,7301,7301,100.0,6.68,58.01,-62.18,0,000,False,"SZOW-000 @REF van Hinsbergen_++_2011 @DOI""10.1029/2011TC002908""    @absage",4739
4739,7302,7302,50.0,90.0,0.0,0.0,501,501,False,OPE-IND ophiolites east - India craton                             @absage,4740
4740,7302,7302,75.0,90.0,0.0,0.0,501,501,False,"OPE-IND @REF van Hinsbergen_++_2011 @DOI""10.1029/2011TC002908""     @absage",4741
4741,7303,7303,50.0,90.0,0.0,0.0,501,501,False,OPW-IND ophiolites west - India craton                             @absage,4742
4742,7303,7303,100.0,90.0,0.0,0.0,501,501,False,"OPW-IND @REF van Hinsbergen_++_2011 @DOI""10.1029/2011TC002908""     @absage",4743
4743,7701,7701,0.0,90.0,0.0,0.0,715,715,False,TUN-AFR Tunisia-Africa,4744
4744,7701,7701,200.0,90.0,0.0,0.0,715,715,False,"TUN-AFR @REF Schettino_Turco_2011 @DOI""10.1130/B30064.1""",4745
4745,7701,7701,250.0,90.0,0.0,0.0,715,715,False,"TUN-AFR Tunisia-Africa Schettino and Turco, 2011",4746
4746,7701,7701,410.0,90.0,0.0,0.0,715,715,False,"TUN-AFR Tunisia-Africa Schettino and Turco, 2011",4747
4747,7701,7701,600.0,90.0,0.0,0.0,715,715,False,TUN-AFR MH 28012014 Changed to have No motion before 230Ma,4748
4748,7701,7701,610.0,90.0,0.0,0.0,715,715,False,TUN-AFR MH 28012014 Changed to have No motion before 230Ma,4749
4749,7750,7750,0.0,90.0,0.0,0.0,715,715,False,BUT-SMC	Butana-Sahara Metacraton,4750
4750,7750,7750,1010.0,90.0,0.0,0.0,715,715,False,BUT-SMC Collins et al. (submitted),4751
4751,7752,7752,0.0,90.0,0.0,0.0,715,715,False,WWES-SMC	Western West Ethiopian Shield-Sahara Metacraton,4752
4752,7752,7752,410.0,90.0,0.0,0.0,715,715,False,WWES-SMC,4753
4753,7752,7752,410.0,90.0,0.0,0.0,7750,7750,False,WWES-BUT Western West Ethiopian Shield-Butana Collins et al. (submitted),4754
4754,7752,7752,863.0,90.0,0.0,0.0,7750,7750,False,WWES-BUT Collins et al. (submitted),4755
4755,7753,7753,0.0,90.0,0.0,0.0,715,715,False,SES-SMC Southern Ethiopian Shield-Sahara Metacraton,4756
4756,7753,7753,520.0,90.0,0.0,0.0,715,715,False,SES-SMC,4757
4757,7753,7753,520.0,4.0,34.0,1.6099999999999999,701,701,False,SES-CON Southern Ethiopian Shield-Congo,4758
4758,7753,7753,900.0,4.0,34.0,1.6099999999999999,701,701,False,SES-CON Collins et al. (submitted),4759
4759,8011,8011,0.0,90.0,0.0,0.0,801,801,False,NAC-AUS North Australia Craton-Australia,4760
4760,8011,8011,550.0,90.0,0.0,0.0,801,801,False,NAC-AUS Li et al. (2011),4761
4761,8011,8011,650.0,-20.0,135.0,-40.0,801,801,False,NAC-AUS Li et al. (2011),4762
4762,8011,8011,1100.0,-20.0,135.0,-40.0,801,801,False,NAC-AUS Li et al. (2011),4763
4763,8012,8012,0.0,90.0,0.0,0.0,801,801,False,DMO-AUS	Delamarian Orogen-Australia,4764
4764,8012,8012,1010.0,90.0,0.0,0.0,801,801,False,DMO-AUS,4765
4765,8013,8013,0.0,90.0,0.0,0.0,801,801,False,TAS-AUS Tasmania-Australia,4766
4766,8013,8013,490.0,90.0,0.0,0.0,801,801,False,TAS-AUS,4767
4767,8013,8013,540.0,27.4513,12.1324,-16.3397,801,801,False,TAS-AUS,4768
4768,8013,8013,580.0,49.0899,-2.5926,-40.332,801,801,False,TAS-AUS,4769
4769,8013,8013,830.0,49.0899,-2.5926,-40.332,801,801,False,TAS-AUS,4770
4770,8013,8013,830.0,36.1646,150.8885,121.1846,101,101,False,TAS-LAU Tasmania-Laurentia,4771
4771,8013,8013,1140.0,36.1646,150.8885,121.1846,101,101,False,TAS-LAU Mulder et al. (2020),4772
4772,8014,8014,0.0,90.0,0.0,0.0,801,801,False,Mossman Orogen,4773
4773,8014,8014,1010.0,90.0,0.0,0.0,801,801,False,Mossman orogen,4774
4774,8015,8015,0.0,90.0,0.0,0.0,801,801,False,Thomson Orogen,4775
4775,8015,8015,1010.0,90.0,0.0,0.0,801,801,False,Thomson orogen,4776
4776,8016,8016,0.0,90.0,0.0,0.0,801,801,False,Lachlan Orogen,4777
4777,8016,8016,1010.0,90.0,0.0,0.0,801,801,False,Lachlan orogen,4778
4778,8017,8017,0.0,90.0,0.0,0.0,801,801,False,"New England Orogen, Sydney-Gunnehdah-Bowen Basins",4779
4779,8017,8017,410.0,90.0,0.0,0.0,801,801,False,"New England Orogen, Sydney-Gunnehdah-Bowen Basins",4780
4780,8021,8021,0.0,90.0,0.0,0.0,802,802,False,cTAM-MAW Central Transantarctic Mountains-Mawson,4781
4781,8021,8021,900.0,90.0,0.0,0.0,802,802,False,cTAM-MAW Mulder et al. (2019),4782
4782,8021,8021,900.0,21.394,115.455,127.38,101,101,False,cTAM-LAU Central Transantarctic Mountains-Laurentia Mulder et al. (2019),4783
4783,8021,8021,1140.0,21.394,115.455,127.38,101,101,False,cTAM-LAU Mulder et al. (2019),4784
4784,8022,8022,0.0,90.0,0.0,0.0,802,802,False,cDML-MAW	Central Dronning Maud Land-Mawson,4785
4785,8022,8022,410.0,90.0,0.0,0.0,802,802,False,cDML-MAW,4786
4786,8022,8022,410.0,-14.5823,158.1862,0.0002,8024,8024,False,cDML-DML Central Dronning Maud Land-Dronning Maud Land,4787
4787,8022,8022,1010.0,14.5823,-21.8138,-0.0002,8024,8024,False,cDML-DML,4788
4788,8023,8023,0.0,90.0,0.0,0.0,802,802,False,LHM-MAW Lutzow Holm Bay-Mawson,4789
4789,8023,8023,410.0,90.0,0.0,0.0,802,802,False,LHM-MAWn,4790
4790,8023,8023,410.0,90.0,0.0,0.0,8025,8025,False,LHM-SRD Lutzow Holm Bay-TSor Rondane (SE DML/TOAST),4791
4791,8023,8023,1010.0,90.0,0.0,0.0,8025,8025,False,LHM-SRD,4792
4792,8024,8024,0.0,90.0,0.0,0.0,802,802,False,DML-MAW	Dronning Maud Land-Mawson,4793
4793,8024,8024,410.0,90.0,0.0,0.0,802,802,False,DML-MAW,4794
4794,8024,8024,410.0,7.7999,146.0,-56.8002,77030,77030,False,DML-KAL Dronning Maud Land-Kalahari,4795
4795,8024,8024,1100.0,7.7999,146.0,-56.8002,77030,77030,False,DML-KAL,4796
4796,8025,8025,0.0,90.0,0.0,0.0,802,802,False,TST-MAW Toast Terrane (SE DML))-Mawson,4797
4797,8025,8025,410.0,90.0,0.0,0.0,802,802,False,TST-MAW,4798
4798,8025,8025,410.0,-14.5823,158.1862,0.0002,8024,8024,False,TST-DML Toast Terrane (SE DML)-Dronning Maud Land (Grunehogna),4799
4799,8025,8025,550.0,14.5823,-21.8138,-0.0002,8024,8024,False,TST-DML,4800
4800,8025,8025,550.0,6.8871,145.865,-56.2939,5032,5032,False,TST-AZN Toast Terrane (SE DML)-Azania,4801
4801,8025,8025,1010.0,6.8871,145.865,-56.2939,5032,5032,False,TST-AZN,4802
4802,8026,8026,0.0,90.0,0.0,0.0,802,802,False,CLB-MAW Coats Land Block-Mawson,4803
4803,8026,8026,410.0,90.0,0.0,0.0,802,802,False,CLB-MAW,4804
4804,8026,8026,410.0,90.0,0.0,0.0,8022,8022,False,CLB-cDML Coats Land Block-central Dronning Maud Land,4805
4805,8026,8026,560.0,90.0,0.0,0.0,8022,8022,False,CLB-cDML,4806
4806,8026,8026,560.0,7.7999,146.0,-56.8,77030,77030,False,CLB-KAL Coats Land Block-Kalahari,4807
4807,8026,8026,600.0,35.267,166.453,-79.0782,77030,77030,False,CLB-KAL,4808
4808,8026,8026,700.0,35.267,166.453,-79.0782,77030,77030,False,CLB-KAL,4809
4809,8026,8026,700.0,-25.9428,-168.1426,114.8851,101,101,False,CLB-LAU Coats Land Block-Laurentia,4810
4810,8026,8026,1140.0,-25.9428,-168.1426,114.8851,101,101,False,CLB-LAU @REF Loewy et al. 2011@DOI 10.1130/G32029.1,4811
4811,8027,8027,0.0,90.0,0.0,0.0,802,802,False,"unknown, potentially delete?",4812
4812,8027,8027,1010.0,90.0,0.0,0.0,802,802,False,"unknown, potentially delete?",4813
4813,8028,8028,0.0,90.0,0.0,0.0,802,802,False,"unknown, potentially delete?",4814
4814,8028,8028,1010.0,90.0,0.0,0.0,802,802,False,"unknown, potentially delete?",4815
4815,8029,8029,0.0,90.0,0.0,0.0,802,802,False,Ross-Delamarian Orogen,4816
4816,8029,8029,1010.0,90.0,0.0,0.0,802,802,False,Ross-Delamarian Orogen,4817
4817,8030,8030,0.0,90.0,0.0,0.0,802,802,False,Ross-Delamarian Orogen,4818
4818,8030,8030,1010.0,90.0,0.0,0.0,802,802,False,Ross-Delamarian Orogen,4819
4819,8031,8031,0.0,90.0,0.0,0.0,803,803,False,RKR-IAN Ruker - Indo-Antarctica,4820
4820,8031,8031,900.0,90.0,0.0,0.0,803,803,False,RKR-IAN,4821
4821,8031,8031,1000.0,0.0687,-25.3755,-4.666,803,803,False,RKR-IAN,4822
4822,8031,8031,1010.0,0.0687,-25.3755,-4.666,803,803,False,RKR-IAN,4823
4823,8151,8151,0.0,90.0,0.0,0.0,818,818,False,RSN-CSS Remnant Sandwich arc-Central Scotia Sea,4824
4824,8151,8151,17.0,90.0,0.0,0.0,818,818,False,"RSN-CSS @REF Eagles_Jokat_2014 @DOI""10.1016/j.tecto.2013.11.021"" @Au NW @T 2015",4825
4825,8151,8151,30.0,-66.91,-26.93,-4.07,818,818,False,RSN-CSS Appearance of now remnant arc,4826
4826,8151,8151,250.0,-64.74,-11.91,-4.12,818,818,False,"RSN-CSS @REF Eagles_Jokat_2014 @DOI""10.1016/j.tecto.2013.11.021"" @Au NW @T 2015",4827
4827,8171,8171,0.0,90.0,0.0,0.0,817,817,False,SHG-SGR Shag Rocks-South Georgia,4828
4828,8171,8171,16.7,90.0,0.0,0.0,817,817,False,"SHG-SGR @REF Eagles_Jokat_2014 @DOI""10.1016/j.tecto.2013.11.021"" @Au NW @T 2015",4829
4829,8171,8171,20.1,35.77,-28.28,1.58,817,817,False,"SHG-SGR @REF Eagles_Jokat_2014 @DOI""10.1016/j.tecto.2013.11.021"" @Au NW @T 2015",4830
4830,8171,8171,250.0,35.77,-28.28,1.58,817,817,False,SHG-SGR,4831
4831,8181,8181,0.0,90.0,0.0,0.0,8182,8182,False,TER-PIR Terror Rise-Pirie Bank,4832
4832,8181,8181,29.9,90.0,0.0,0.0,8182,8182,False,"TER-PIR @REF Eagles_++_2006 @DOI""10.1016/j.epsl.2005.11.060"" EPSL @Au NW @T 2015, Protector basin finishes opening, @CHRONID""11n2m""",4833
4833,8181,8181,33.5,71.21,133.42,8.31,8182,8182,False,"TER-PIR @REF Eagles_++_2006 @DOI""10.1016/j.epsl.2005.11.060"" EPSL @Au NW @T 2015, Protector basin opens,  @CHRONID""13o""",4834
4834,8181,8181,40.1,73.82,131.7,8.4,8182,8182,False,TER-PIR Calculated interactively by GPlates,4835
4835,8181,8181,250.0,71.21,133.42,8.31,8182,8182,False,"TER-PIR @REF Eagles_++_2006 @DOI""10.1016/j.epsl.2005.11.060"" EPSL @Au NW @T 2015",4836
4836,8182,8182,0.0,90.0,0.0,0.0,818,818,False,PIR-CSS Pirie Bank-Central Scotia Sea,4837
4837,8182,8182,34.7,90.0,0.0,0.0,818,818,False,"PIR-CSS @REF Eagles_++_2006 @DOI""10.1016/j.epsl.2005.11.060"" EPSL @Au NW @T 2015, Dove basin open, @CHRONID""15y""",4838
4838,8182,8182,40.1,67.35,132.54,11.82,818,818,False,"PIR-CSS @REF Eagles_++_2006 @DOI""10.1016/j.epsl.2005.11.060"" EPSL @Au NW @T 2015, opening of Dove Basin, older than chron @CHRONID""8o""",4839
4839,8182,8182,50.0,68.14,131.8,11.84,818,818,False,PIR-CSS extension in Dove Basin @Au NW @T 2015,4840
4840,8182,8182,250.0,68.14,131.8,11.84,818,818,False,PIR-CSS,4841
4841,8183,8183,0.0,90.0,0.0,0.0,818,818,False,BRU-CSS Bruce Bank-Central Scotia Sea,4842
4842,8183,8183,250.0,90.0,0.0,0.0,818,818,False,BRU-CSS,4843
4843,8184,8184,0.0,90.0,0.0,0.0,818,818,False,DIS-CSS Discovery bank-Central Scotia Sea,4844
4844,8184,8184,9.7,90.0,0.0,0.0,818,818,False,DIS-CSS,4845
4845,8184,8184,16.7,29.87,-34.44,-0.68,818,818,False,"DIS-CSS @REF Eagles_Jokat_2014 @DOI""10.1016/j.tecto.2013.11.021"" @Au NW @T 2015",4846
4846,8184,8184,250.0,29.87,-34.44,-0.68,818,818,False,DIS-CSS,4847
4847,8185,8185,0.0,90.0,0.0,0.0,8184,8184,False,HER-DIS Herdman Bank-Discovery Bank,4848
4848,8185,8185,26.6,22.56,11.19,-1.5899999999999999,8184,8184,False,"HER-DIS @REF Civile_++_2012 @DOI""10.1016/j.tecto.2012.05.002"" @Au NW @T 2015",4849
4849,8185,8185,250.0,22.56,11.19,-1.5899999999999999,8184,8184,False,HER-DIS,4850
4850,8186,8186,0.0,90.0,0.0,0.0,812,812,False,JNE-SOR Jane Bank-South Orkney microcontinent,4851
4851,8186,8186,9.7,90.0,0.0,0.0,812,812,False,JNE-SOR @xo_ys,4852
4852,8186,8186,9.7,-70.56,-39.58,2.08,8184,8184,False,"JNE-DIS @REF Eagles_Jokat_2014 @DOI""10.1016/j.tecto.2013.11.021"" @Au NW @T 2015, Jane Bank-Discovery bank",4853
4853,8186,8186,250.0,-70.56,-39.58,2.08,8184,8184,False,JNE-DIS,4854
4854,8191,8191,0.0,90.0,0.0,0.0,819,819,False,DAV-MAG Davis Bank-Magallanes plate,4855
4855,8191,8191,21.5,90.0,0.0,0.0,819,819,False,"DAV-MAG @REF Eagles_Jokat_2014 @DOI""10.1016/j.tecto.2013.11.021"" @Au NW @T 2015 @xo_ys",4856
4856,8191,8191,21.5,34.54,-25.82,4.25,818,818,False,"DAV-CSS Davis Bank-Central Scotia based on @REF Eagles_Jokat_2014 @DOI""10.1016/j.tecto.2013.11.021"" @Au NW @T 2015",4857
4857,8191,8191,26.6,33.83,-22.34,4.31,818,818,False,"DAV-CSS @REF Eagles_Jokat_2014 @DOI""10.1016/j.tecto.2013.11.021"" @Au NW @T 2015",4858
4858,8191,8191,30.1,33.83,-22.34,4.31,818,818,False,"DAV-CSS @REF Eagles_Jokat_2014 @DOI""10.1016/j.tecto.2013.11.021"" @Au NW @T 2015 @xo_ys",4859
4859,8191,8191,30.1,10.8723,-60.1992,-3.7797,201,201,False,"DAV-SAM Davis Bank-South America @REF Eagles_Jokat_2014 @DOI""10.1016/j.tecto.2013.11.021"" @Au NW @T 2015",4860
4860,8191,8191,250.0,10.8723,-60.1992,-3.7797,201,201,False,"DAV-SAM @REF Eagles_Jokat_2014 @DOI""10.1016/j.tecto.2013.11.021"" @Au NW @T 2015",4861
4861,8192,8192,0.0,90.0,0.0,0.0,8191,8191,False,BAR-DAV Barker/Aurora bank-Davis bank,4862
4862,8192,8192,26.6,36.59,-41.32,-2.27,8191,8191,False,BAR-DAV @REF Pandey_++_2010 @Au NW @T 2015,4863
4863,8192,8192,250.0,36.59,-41.32,-2.27,8191,8191,False,"BAR-DAV @REF Eagles_Jokat_2014 @DOI""10.1016/j.tecto.2013.11.021"" @Au NW @T 2015",4864
4864,8201,8201,0.0,90.0,0.0,0.0,817,817,False,TCS-SGR Trapped Central Scotia-South Georgia (for isochrons) @Au NW @T 2015,4865
4865,8201,8201,75.0,90.0,0.0,0.0,817,817,False,"TCS-SGR @REF Eagles_Jokat_2014 @DOI""10.1016/j.tecto.2013.11.021"" @Au NW @T 2015 @xo_ys",4866
4866,8201,8201,75.0,23.69,-41.19,-7.57,294,294,False,"TCS-FK @REF Eagles_Jokat_2014 @DOI""10.1016/j.tecto.2013.11.021"" Au NW @T 2015, rotations from This study (NW15)",4867
4867,8201,8201,250.0,23.69,-41.19,-7.57,294,294,False,"TCS-FK @REF Eagles_Jokat_2014 @DOI""10.1016/j.tecto.2013.11.021"" @Au NW @T 2015",4868
4868,8330,8330,0.0,90.0,0.0,0.0,801,801,False,LHR-AUS Lord Howe Rise - Australia,4869
4869,8330,8330,52.2,90.0,0.0,0.0,801,801,False,"LHR-AUS @REF Gaina_++_1998 @DOI""10.1029/98JB00386""",4870
4870,8330,8330,53.3,-14.19,130.41,-0.72,801,801,False,"LHR-AUS @REF Gaina_++_1998 @DOI""10.1029/98JB00386"" @CHRONID""AN24o""",4871
4871,8330,8330,55.9,-15.93,133.47,-2.11,801,801,False,"LHR-AUS @REF Gaina_++_1998 @DOI""10.1029/98JB00386"" @CHRONID""AN25y""",4872
4872,8330,8330,57.9,-16.93,136.23,-3.79,801,801,False,"LHR-AUS @REF Gaina_++_1998 @DOI""10.1029/98JB00386"" @CHRONID""AN26o""",4873
4873,8330,8330,61.3,-4.65,131.51,-4.43,801,801,False,"LHR-AUS @REF Gaina_++_1998 @DOI""10.1029/98JB00386"" @CHRONID""AN27o""",4874
4874,8330,8330,62.5,-4.71,132.68,-5.17,801,801,False,"LHR-AUS @REF Gaina_++_1998 @DOI""10.1029/98JB00386"" @CHRONID""AN28y""",4875
4875,8330,8330,64.0,-0.19,130.37,-5.46,801,801,False,"LHR-AUS @REF Gaina_++_1998 @DOI""10.1029/98JB00386"" @CHRONID""AN29y""",4876
4876,8330,8330,65.6,-3.99,131.8,-6.73,801,801,False,"LHR-AUS @REF Gaina_++_1998 @DOI""10.1029/98JB00386"" @CHRONID""AN30y""",4877
4877,8330,8330,67.7,-9.04,134.46,-8.83,801,801,False,"LHR-AUS @REF Gaina_++_1998 @DOI""10.1029/98JB00386"" @CHRONID""AN31y""",4878
4878,8330,8330,71.1,-14.72,139.04,-13.08,801,801,False,"LHR-AUS @REF Gaina_++_1998 @DOI""10.1029/98JB00386"" @CHRONID""AN32y""",4879
4879,8330,8330,73.6,-9.53,137.2,-12.94,801,801,False,"LHR-AUS @REF Gaina_++_1998 @DOI""10.1029/98JB00386"" @CHRONID""AN33y""",4880
4880,8330,8330,100.0,-9.66,-47.61,15.85,801,801,False,"LHR-AUS @REF Gaina_++_1998 @DOI""10.1029/98JB00386"" & @REF Matthews_++_2015 @DOI""10.1016/j.earscirev.2014.10.008""",4881
4881,8330,8330,250.0,-9.66,-47.61,15.85,801,801,False,LHR-AUS,4882
4882,8331,8331,0.0,90.0,0.0,0.0,8330,8330,False,NLHR-LHR Northern Lord Howe Rise-Lord Howe Rise,4883
4883,8331,8331,78.23,90.0,0.0,0.0,8330,8330,False,"NLHR-LHR @REF Gaina_++_1998 @DOI""10.1029/98JB00386"" @xo_ys",4884
4884,8331,8331,78.23,-5.6,136.21,-13.32,801,801,False,NLHR-LHR - LHR crossover,4885
4885,8331,8331,100.0,-16.55,148.5,-33.56,801,801,False,"NLHR-LHR @REF Gaina_++_1998 @DOI""10.1029/98JB00386"" & @REF Matthews_++_2015 @DOI""10.1016/j.earscirev.2014.10.008""",4886
4886,8331,8331,250.0,-16.55,148.5,-33.56,801,801,False,NLHR-LHR,4887
4887,8333,8333,0.0,90.0,0.0,0.0,8330,8330,False,SNFR-LHR South Norfolk Ridge - Lord Howe Rise,4888
4888,8333,8333,85.0,90.0,0.0,0.0,8330,8330,False,"SNFR-LHR @REF Grobys_++_2008 @DOI""10.1029/2007GC001691""",4889
4889,8333,8333,91.0,-36.4,168.4,5.5,8330,8330,False,"SNFR-LHR @REF Grobys_++_2008 @DOI""10.1029/2007GC001691""",4890
4890,8333,8333,100.0,-46.47,175.5,5.79,8330,8330,False,"SNFR-LHR @REF Grobys_++_2008 @DOI""10.1029/2007GC001691""",4891
4891,8333,8333,250.0,-46.47,175.5,5.79,8330,8330,False,"SNFR-LHR @REF Grobys_++_2008 @DOI""10.1029/2007GC001691""",4892
4892,8334,8334,0.0,90.0,0.0,0.0,8331,8331,False,NNFR-LHR North Norfolk Ridge - Lord Howe Rise,4893
4893,8334,8334,85.0,90.0,0.0,0.0,8331,8331,False,"NNFR-LHR @REF Grobys_++_2008 @DOI""10.1029/2007GC001691""",4894
4894,8334,8334,91.0,-36.4,168.4,5.5,8331,8331,False,"NNFR-LHR @REF Grobys_++_2008 @DOI""10.1029/2007GC001691""",4895
4895,8334,8334,100.0,0.13,151.7,-4.25,8331,8331,False,"NNFR-LHR @REF Grobys_++_2008 @DOI""10.1029/2007GC001691""",4896
4896,8334,8334,250.0,0.13,151.7,-4.25,8331,8331,False,"NNFR-LHR @REF Grobys_++_2008 @DOI""10.1029/2007GC001691""",4897
4897,8335,8335,0.0,90.0,0.0,0.0,8330,8330,False,RER-LHR Reinga Ridge - Lord Howe Rise,4898
4898,8335,8335,85.0,90.0,0.0,0.0,8330,8330,False,"RER-LHR @REF Grobys_++_2008 @DOI""10.1029/2007GC001691""",4899
4899,8335,8335,91.0,-38.2,174.9,6.4,8330,8330,False,"RER-LHR @REF Grobys_++_2008 @DOI""10.1029/2007GC001691""",4900
4900,8335,8335,100.0,-47.72,-179.79,6.64,8330,8330,False,"RER-LHR @REF Grobys_++_2008 @DOI""10.1029/2007GC001691""",4901
4901,8335,8335,250.0,-38.2,174.9,6.4,8330,8330,False,"RER-LHR @REF Grobys_++_2008 @DOI""10.1029/2007GC001691""",4902
4902,8680,8680,0.0,90.0,0.0,0.0,8330,8330,False,CLP-LHR Challenger Plateau-Lord Howe Rise,4903
4903,8680,8680,76.46,90.0,0.0,0.0,8330,8330,False,"CLP-LHR @REF Matthews_++_2015 @DOI""10.1016/j.earscirev.2014.10.008""",4904
4904,8680,8680,90.0,11.95,-28.96,2.2800000000000002,8330,8330,False,"CLP-LHR @REF Matthews_++_2015 @DOI""10.1016/j.earscirev.2014.10.008""",4905
4905,8680,8680,100.0,-8.36,162.3,-3.99,8330,8330,False,"CLP-LHR @REF Matthews_++_2015 @DOI""10.1016/j.earscirev.2014.10.008""",4906
4906,8680,8680,250.0,-8.36,162.3,-3.99,8330,8330,False,CLP-LHR,4907
4907,8690,8690,0.0,90.0,0.0,0.0,8691,8691,False,"NLHR-LHR for Aus-LHR Points @REF Gaina_++_1998 @DOI""10.1029/98JB00386"" & @REF Matthews_++_2015 @DOI""10.1016/j.earscirev.2014.10.008""",4908
4908,8690,8690,64.0,90.0,0.0,0.0,8691,8691,False,"NLHR-LHR for Aus-LHR Points @REF Gaina_++_1998 @DOI""10.1029/98JB00386"" & @REF Matthews_++_2015 @DOI""10.1016/j.earscirev.2014.10.008""",4909
4909,8690,8690,78.23,8.1,-35.62,-2.7199999999999998,8691,8691,False,"NLHR-LHR for Aus-LHR Points @REF Gaina_++_1998 @DOI""10.1029/98JB00386"" & @REF Matthews_++_2015 @DOI""10.1016/j.earscirev.2014.10.008""",4910
4910,8690,8690,250.0,8.1,-35.62,-2.7199999999999998,8691,8691,False,"NLHR-LHR for Aus-LHR Points @REF Gaina_++_1998 @DOI""10.1029/98JB00386"" & @REF Matthews_++_2015 @DOI""10.1016/j.earscirev.2014.10.008""",4911
4911,8691,8691,0.0,90.0,0.0,0.0,801,801,False,ALHR-AUS Alteration of 833 rotations as used in Aus-LHR points script - Australia,4912
4912,8691,8691,52.2,90.0,0.0,0.0,801,801,False,"ALHR-AUS @REF Gaina_++_1998 @DOI""10.1029/98JB00386"" & @REF Matthews_++_2015 @DOI""10.1016/j.earscirev.2014.10.008""",4913
4913,8691,8691,53.3,-14.19,130.41,-0.72,801,801,False,"ALHR-AUS @REF Gaina_++_1998 @DOI""10.1029/98JB00386"" & @REF Matthews_++_2015 @DOI""10.1016/j.earscirev.2014.10.008""",4914
4914,8691,8691,55.9,-15.93,133.47,-2.11,801,801,False,"ALHR-AUS @REF Gaina_++_1998 @DOI""10.1029/98JB00386"" & @REF Matthews_++_2015 @DOI""10.1016/j.earscirev.2014.10.008""",4915
4915,8691,8691,57.9,-16.93,136.23,-3.79,801,801,False,"ALHR-AUS @REF Gaina_++_1998 @DOI""10.1029/98JB00386"" & @REF Matthews_++_2015 @DOI""10.1016/j.earscirev.2014.10.008""",4916
4916,8691,8691,61.3,-4.65,131.51,-4.43,801,801,False,"ALHR-AUS @REF Gaina_++_1998 @DOI""10.1029/98JB00386"" & @REF Matthews_++_2015 @DOI""10.1016/j.earscirev.2014.10.008""",4917
4917,8691,8691,62.5,-4.71,132.68,-5.17,801,801,False,"ALHR-AUS @REF Gaina_++_1998 @DOI""10.1029/98JB00386"" & @REF Matthews_++_2015 @DOI""10.1016/j.earscirev.2014.10.008""",4918
4918,8691,8691,64.0,-0.19,130.37,-5.46,801,801,False,"ALHR-AUS @REF Gaina_++_1998 @DOI""10.1029/98JB00386"" & @REF Matthews_++_2015 @DOI""10.1016/j.earscirev.2014.10.008""",4919
4919,8691,8691,65.6,-3.99,131.8,-6.73,801,801,False,"ALHR-AUS @REF Gaina_++_1998 @DOI""10.1029/98JB00386"" & @REF Matthews_++_2015 @DOI""10.1016/j.earscirev.2014.10.008""",4920
4920,8691,8691,67.7,-9.04,134.46,-8.83,801,801,False,"ALHR-AUS @REF Gaina_++_1998 @DOI""10.1029/98JB00386"" & @REF Matthews_++_2015 @DOI""10.1016/j.earscirev.2014.10.008""",4921
4921,8691,8691,71.1,-14.72,139.04,-13.08,801,801,False,"ALHR-AUS @REF Gaina_++_1998 @DOI""10.1029/98JB00386"" & @REF Matthews_++_2015 @DOI""10.1016/j.earscirev.2014.10.008""",4922
4922,8691,8691,73.6,-9.53,137.2,-12.94,801,801,False,"ALHR-AUS @REF Gaina_++_1998 @DOI""10.1029/98JB00386"" & @REF Matthews_++_2015 @DOI""10.1016/j.earscirev.2014.10.008""",4923
4923,8691,8691,100.0,3.27,-42.59,18.34,801,801,False,"ALHR-AUS @REF Gaina_++_1998 @DOI""10.1029/98JB00386"" & @REF Matthews_++_2015 @DOI""10.1016/j.earscirev.2014.10.008""",4924
4924,8691,8691,250.0,3.27,-42.59,18.34,801,801,False,"ALHR-AUS @REF Gaina_++_1998 @DOI""10.1029/98JB00386"" & @REF Matthews_++_2015 @DOI""10.1016/j.earscirev.2014.10.008""",4925
4925,8824,8824,0.0,90.0,0.0,0.0,824,824,False,VIT-LAU Vitiaz Trench-Lau Ridge,4926
4926,8824,8824,12.0,11.38,-7.22,27.23,824,824,False,OVIT-LAU Vitiaz Trench-Lau Ridge,4927
4927,8824,8824,250.0,11.38,-7.22,27.23,824,824,False,OVIT-LAU Vitiaz Trench-Lau Ridge,4928
4928,8847,8847,0.0,90.0,0.0,0.0,901,901,False,"MALT-PAC Malaita Terrane, Solomon Islands",4929
4929,8847,8847,125.0,90.0,0.0,0.0,901,901,False,MALT-PAC,4930
4930,8853,8853,0.0,90.0,0.0,0.0,9923,9923,False,WSOL2-MEL2 West Solomon Sea that becomes fixed to Melanesian Basin,4931
4931,8853,8853,25.0,90.0,0.0,0.0,9923,9923,False,WSOL2-MEL2 West Solomon Sea that becomes fixed to Melanesian Basin MS @xo_ys @absage @REF Seton_++_(in prep),4932
4932,8853,8853,25.0,12.19,-10.07,22.63,853,853,False,WSOL2-MEL2 West Solomon Sea that becomes fixed to Melanesian Basin MS @absage @REF Seton_++_(in prep),4933
4933,8853,8853,40.0,12.19,-10.07,22.63,853,853,False,WSOL2-MEL2  @absage,4934
4934,8858,8858,0.0,90.0,0.0,0.0,833,833,False,NFR2-NFR Norfolk Ridge Block 2-Norfolk Ridge,4935
4935,8858,8858,90.0,90.0,0.0,0.0,833,833,False,"NFR2-NFR @REF Sdrolias_++_2004 @DOI""10.1016/j.tecto.2004.07.061"" @absage",4936
4936,8858,8858,100.0,3.0,-20.0,2.9,833,833,False,"NFR2-NFR @REF Sdrolias_++_2004 @DOI""10.1016/j.tecto.2004.07.061"" @absage",4937
4937,8858,8858,250.0,3.0,-20.0,2.9,833,833,False,NFR2-NFR @absage,4938
4938,8859,8859,0.0,90.0,0.0,0.0,834,834,False,NB1-NFR Norfolk Basin Block 1-Norfolk Ridge,4939
4939,8859,8859,18.0,90.0,0.0,0.0,834,834,False,"NB1-NFR @REF Sdrolias_++_2004 @DOI""10.1016/j.tecto.2004.07.061"" @absage",4940
4940,8859,8859,25.0,-26.0,168.23,-34.24,834,834,False,"NB1-NFR @REF Sdrolias_++_2004 @DOI""10.1016/j.tecto.2004.07.061"" @absage",4941
4941,8859,8859,100.0,-26.0,168.23,-34.24,834,834,False,NB1-NFR @absage,4942
4942,8860,8860,0.0,90.0,0.0,0.0,834,834,False,NB2-NFR Norfolk Basin Block 2-Norfolk Ridge,4943
4943,8860,8860,18.0,90.0,0.0,0.0,834,834,False,"NB2-NFR @REF Sdrolias_++_2004 @DOI""10.1016/j.tecto.2004.07.061"" @absage",4944
4944,8860,8860,25.0,-35.0,165.0,8.37,834,834,False,"NB2-NFR @REF Sdrolias_++_2004 @DOI""10.1016/j.tecto.2004.07.061""	@absage",4945
4945,8860,8860,100.0,-35.0,165.0,8.37,834,834,False,NB2-NFR @absage,4946
4946,8861,8861,0.0,90.0,0.0,0.0,834,834,False,NB3-NFR Norfolk Basin Block 3-Norfolk Ridge,4947
4947,8861,8861,18.0,90.0,0.0,0.0,834,834,False,"NB3-NFR @REF Sdrolias_++_2004 @DOI""10.1016/j.tecto.2004.07.061"" @absage",4948
4948,8861,8861,25.0,-10.0,175.0,-3.41,834,834,False,"NB3-NFR @REF Sdrolias_++_2004 @DOI""10.1016/j.tecto.2004.07.061"" @absage",4949
4949,8861,8861,100.0,-10.0,175.0,-3.41,834,834,False,NB3-NFR @absage,4950
4950,8862,8862,0.0,90.0,0.0,0.0,834,834,False,NB4-NFR Norfolk Basin Block 4-Norfolk Ridge,4951
4951,8862,8862,18.0,90.0,0.0,0.0,834,834,False,"NB4-NFR @REF Sdrolias_++_2004 @DOI""10.1016/j.tecto.2004.07.061"" @absage",4952
4952,8862,8862,25.0,-10.54,177.89,-4.48,834,834,False,"NB4-NFR @REF Sdrolias_++_2004 @DOI""10.1016/j.tecto.2004.07.061"" @absage",4953
4953,8862,8862,100.0,-10.54,177.89,-4.48,834,834,False,NB4-NFR @absage,4954
4954,8863,8863,0.0,90.0,0.0,0.0,834,834,False,NB5-NFR Norfolk Basin Block 5-Norfolk Ridge,4955
4955,8863,8863,18.0,90.0,0.0,0.0,834,834,False,"NB5-NFR @REF Sdrolias_++_2004 @DOI""10.1016/j.tecto.2004.07.061"" @absage",4956
4956,8863,8863,25.0,0.0,2.52,1.9300000000000002,834,834,False,"NB5-NFR @REF Sdrolias_++_2004 @DOI""10.1016/j.tecto.2004.07.061"" @absage",4957
4957,8863,8863,100.0,0.0,2.52,1.9300000000000002,834,834,False,NB5-NFR @absage,4958
4958,9000,9000,0.0,90.0,0.0,0.0,3,003,False,PTJ-000 Panthalassa triple junction-Spin Axis,4959
4959,9000,9000,250.0,21.74,-69.5,112.41,3,003,False,PTJ-000 Young et al. (2019),4960
4960,9000,9000,410.0,-5.84,78.81,-63.36,3,003,False,PTJ-000,4961
4961,999,999,450.0,-9.3209,64.2144,-42.4361,3,003,False,PTJ-000,4962
4962,9000,9000,500.0,-11.4644,62.5773,-38.5696,3,003,False,PTJ-000,4963
4963,9000,9000,520.0,-39.1113,76.4128,-35.2648,3,003,False,PTJ-000,4964
4964,9000,9000,530.0,-39.1113,76.4128,-35.2648,3,003,False,PTJ-000,4965
4965,9005,9005,250.0,90.0,0.0,0.0,701,701,False,RHEN-AFR Rheic Plate-Paleotethys plate Young et al. (2019),4966
4966,9005,9005,380.0,-4.0899,103.7417,-62.4047,701,701,False,RHEN-AFR Young et al. (2019),4967
4967,9005,9005,390.0,-6.2891,101.3118,-59.582300000000004,701,701,False,RHEN-AFR Young et al. (2019),4968
4968,9005,9005,400.0,-9.1543,100.2883,-58.0325,701,701,False,RHEN-AFR Young et al. (2019),4969
4969,9005,9005,410.0,-9.5,94.2,-54.66,701,701,False,RHEN-AFR Young et al. (2019),4970
4970,9005,9005,420.0,-9.5,94.2,-54.66,701,701,False,RHEN-AFR  Young et al. (2019),4971
4971,9006,9006,250.0,22.6236,-29.1923,58.7142,701,701,False,PT-AFR Paleotethys Plate-Africa Young et al. (2019),4972
4972,9006,9006,270.0,22.2551,-39.5284,99.0512,701,701,False,PT-AFR Young et al. (2019),4973
4973,9006,9006,275.0,-14.8949,140.2361,-98.0758,701,701,False,PT-AFR Young et al. (2019),4974
4974,9006,9006,276.0,-0.3148,158.2396,-89.2644,701,701,False,PT-AFR Young et al. (2019),4975
4975,9006,9006,301.0,1.611,161.3454,-94.8698,701,701,False,PT-AFR Young et al. (2019),4976
4976,9006,9006,310.0,1.5902,161.2673,-93.8068,701,701,False,PT-AFR Young et al. (2019),4977
4977,9006,9006,320.0,1.7279,161.7084,-89.6665,701,701,False,PT-AFR Young et al. (2019),4978
4978,9006,9006,330.0,1.5203,158.071,-84.8044,701,701,False,PT-AFR Young et al. (2019),4979
4979,9006,9006,340.0,-2.427,152.135,-83.4922,701,701,False,PT-AFR Young et al. (2019),4980
4980,9006,9006,350.0,-3.8738,149.12,-75.6711,701,701,False,PT-AFR Young et al. (2019),4981
4981,9006,9006,360.0,-3.9626,148.386,-63.948,701,701,False,PT-AFR Young et al. (2019),4982
4982,9006,9006,370.0,-4.1114,150.734,-52.2638,701,701,False,PT-AFR Young et al. (2019),4983
4983,9006,9006,390.0,-1.0333,-178.7965,-32.2028,701,701,False,PT-AFR Young et al. (2019),4984
4984,9006,9006,400.0,-6.5022,-150.7858,-34.7506,701,701,False,PT-AFR Young et al. (2019),4985
4985,9006,9006,410.0,20.7375,-130.8889,-37.4997,701,701,False,PT-AFR Young et al. (2019),4986
4986,9006,9006,420.0,22.889,-132.2731,-41.1844,701,701,False,PT-AFR Young et al. (2019),4987
4987,9006,9006,1000.0,22.889,-132.2731,-41.1844,701,701,False,PT-AFR Young et al. (2019),4988
4988,9006,9006,1010.0,22.889,-132.2731,-41.1844,701,701,False,PT-AFR Young et al. (2019),4989
4989,9007,9007,0.0,90.0,0.0,0.0,701,701,False,"PTW-AFR Paleotethys Plate West-Africa (Gondwana)  @REF Domeier_Torsvik_2014 @DOI""10.1016/j.gsf.2014.01.002""",4990
4990,9007,9007,250.0,-2.87,150.08,-45.34,701,701,False,"PTW-AFR   @REF Domeier_Torsvik_2014 @DOI""10.1016/j.gsf.2014.01.002"" POLE_RECALCULATED-@REF Matthews_et_al_2016 @DOI""10.1016/j.gloplacha.2016.10.002""",4991
4991,9007,9007,340.0,-7.49,-60.5,84.05,701,701,False,"PTW-AFR    @REF Domeier_Torsvik_2014 @DOI""10.1016/j.gsf.2014.01.002"" POLE_RECALCULATED-@REF Matthews_et_al_2016 @DOI""10.1016/j.gloplacha.2016.10.002""",4992
4992,9007,9007,350.0,-13.35,-59.02,83.02,701,701,False,"PTW-AFR   @REF Domeier_Torsvik_2014 @DOI""10.1016/j.gsf.2014.01.002"" POLE_RECALCULATED-@REF Matthews_et_al_2016 @DOI""10.1016/j.gloplacha.2016.10.002""",4993
4993,9007,9007,360.0,16.96,122.68,-83.66,701,701,False,"PTW-AFR   @REF Domeier_Torsvik_2014 @DOI""10.1016/j.gsf.2014.01.002"" POLE_RECALCULATED-@REF Matthews_et_al_2016 @DOI""10.1016/j.gloplacha.2016.10.002""",4994
4994,9007,9007,370.0,18.89,126.94,-89.51,701,701,False,"PTW-AFR   @REF Domeier_Torsvik_2014 @DOI""10.1016/j.gsf.2014.01.002"" POLE_RECALCULATED-@REF Matthews_et_al_2016 @DOI""10.1016/j.gloplacha.2016.10.002""",4995
4995,9007,9007,420.0,18.89,126.94,-89.51,701,701,False,"PTW-AFR  @REF Domeier_Torsvik_2014 @DOI""10.1016/j.gsf.2014.01.002""  POLE_RECALCULATED-@REF Matthews_et_al_2016 @DOI""10.1016/j.gloplacha.2016.10.002""",4996
4996,9008,9008,250.0,90.0,0.0,0.0,701,701,False,"PTSE-AFR Paleotethys Plate Southeast-Africa (Pangea)  @REF Domeier_Torsvik_2014 @DOI""10.1016/j.gsf.2014.01.002""",4997
4997,9008,9008,265.0,-35.04,136.99,-87.87,701,701,False,"PTSE-AFR  @REF Domeier_Torsvik_2014 @DOI""10.1016/j.gsf.2014.01.002""  POLE_RECALCULATED-@REF Matthews_et_al_2016 @DOI""10.1016/j.gloplacha.2016.10.002""",4998
4998,9008,9008,270.0,34.25,-44.23,79.39,701,701,False,"PTSE-AFR  @REF Domeier_Torsvik_2014 @DOI""10.1016/j.gsf.2014.01.002""  POLE_RECALCULATED-@REF Matthews_et_al_2016 @DOI""10.1016/j.gloplacha.2016.10.002""",4999
4999,9008,9008,275.0,33.35,-47.56,72.74,701,701,False,"PTSE-AFR  @REF Domeier_Torsvik_2014 @DOI""10.1016/j.gsf.2014.01.002""  POLE_RECALCULATED-@REF Matthews_et_al_2016 @DOI""10.1016/j.gloplacha.2016.10.002""",5000
5000,9008,9008,280.0,-29.66,131.99,-70.41,701,701,False,"PTSE-AFR  @REF Domeier_Torsvik_2014 @DOI""10.1016/j.gsf.2014.01.002""  POLE_RECALCULATED-@REF Matthews_et_al_2016 @DOI""10.1016/j.gloplacha.2016.10.002""",5001
5001,9008,9008,290.0,-25.02,131.82,-67.41,701,701,False,"PTSE-AFR  @REF Domeier_Torsvik_2014 @DOI""10.1016/j.gsf.2014.01.002""  POLE_RECALCULATED-@REF Matthews_et_al_2016 @DOI""10.1016/j.gloplacha.2016.10.002""",5002
5002,9008,9008,300.0,20.57,-47.78,64.46,701,701,False,"PTSE-AFR  @REF Domeier_Torsvik_2014 @DOI""10.1016/j.gsf.2014.01.002""  POLE_RECALCULATED-@REF Matthews_et_al_2016 @DOI""10.1016/j.gloplacha.2016.10.002""",5003
5003,9008,9008,420.0,20.57,-47.78,64.46,701,701,False,"PTSE-AFR  @REF Domeier_Torsvik_2014 @DOI""10.1016/j.gsf.2014.01.002""  POLE_RECALCULATED-@REF Matthews_et_al_2016 @DOI""10.1016/j.gloplacha.2016.10.002""",5004
5004,9009,9009,250.0,79.5848,-143.891,-69.5852,401,401,False,MOK1-SIB Mongol-Okhotsk Plate 1-Siberia Young et al. (2019),5005
5005,9009,9009,260.0,81.0747,130.551,-66.7872,401,401,False,MOK1-SIB Young et al. (2019),5006
5006,9009,9009,270.0,73.0751,107.12,-66.9426,401,401,False,MOK1-SIB Young et al. (2019),5007
5007,9009,9009,280.0,68.8561,97.3404,-69.8933,401,401,False,MOK1-SIB Young et al. (2019),5008
5008,9009,9009,290.0,64.6167,91.2198,-73.2663,401,401,False,MOK1-SIB Young et al. (2019),5009
5009,9009,9009,300.0,60.6222,83.9406,-80.6655,401,401,False,MOK1-SIB Young et al. (2019),5010
5010,9009,9009,310.0,54.2274,78.9301,-86.047,401,401,False,MOK1-SIB Young et al. (2019),5011
5011,9009,9009,320.0,43.3693,70.6702,-101.738,401,401,False,MOK1-SIB Young et al. (2019),5012
5012,9009,9009,330.0,33.9079,79.1947,-102.294,401,401,False,MOK1-SIB Young et al. (2019),5013
5013,9009,9009,340.0,-33.8432,-94.3486,114.4235,401,401,False,MOK1-SIB Young et al. (2019),5014
5014,9009,9009,350.0,35.1431,86.8214,-123.6401,401,401,False,MOK1-SIB Young et al. (2019),5015
5015,9009,9009,360.0,36.3748,88.0903,-134.98,401,401,False,MOK1-SIB Young et al. (2019),5016
5016,9009,9009,370.0,39.9575,87.2401,-150.77,401,401,False,MOK1-SIB Young et al. (2019),5017
5017,9009,9009,410.0,41.0341,78.9547,-194.792,401,401,False,MOK1-SIB Young et al. (2019),5018
5018,9010,9010,250.0,-2.9941,-90.7424,139.1954,9009,9009,False,MOK1-MOK2 Mongol-Okhotsk Plate 1-Mongol-Okhotsk Plate 2,5019
5019,9010,9010,260.0,6.5538,-89.2118,121.215,9009,9009,False,MOK1-MOK2 Young et al. (2019),5020
5020,9010,9010,270.0,13.6663,-88.0372,110.342,9009,9009,False,MOK1-MOK2 Young et al. (2019),5021
5021,9010,9010,280.0,21.7292,-86.6128,100.434,9009,9009,False,MOK1-MOK2 Young et al. (2019),5022
5022,9010,9010,290.0,30.9347,-84.769,91.8419,9009,9009,False,MOK1-MOK2 Young et al. (2019),5023
5023,9010,9010,300.0,32.1259,-78.0105,75.3315,9009,9009,False,MOK1-MOK2 Young et al. (2019),5024
5024,9010,9010,310.0,48.5714,-70.6122,73.0078,9009,9009,False,MOK1-MOK2 Young et al. (2019),5025
5025,9010,9010,320.0,60.2887,-31.4621,70.0639,9009,9009,False,MOK1-MOK2 Young et al. (2019),5026
5026,9010,9010,330.0,63.0236,8.9588,76.6354,9009,9009,False,MOK1-MOK2 Young et al. (2019),5027
5027,9010,9010,340.0,-61.1412,-150.399,-85.8198,9009,9009,False,MOK1-MOK2 Young et al. (2019),5028
5028,9010,9010,350.0,54.5673,43.5102,102.96,9009,9009,False,MOK1-MOK2 Young et al. (2019),5029
5029,9010,9010,410.0,43.0133,70.28,203.22,9009,9009,False,MOK1-MOK2 Young et al. (2019),5030
5030,9011,9011,351.0,28.52,42.58,-45.92,9009,9009,False,"SPUD-MOK1 @REF Domeier_Torsvik_2014 @DOI""10.1016/j.gsf.2014.01.002"" POLE_RECALCULATED-@REF Matthews_et_al_2016 @DOI""10.1016/j.gloplacha.2016.10.002""",5031
5031,9011,9011,360.0,-38.7,-153.7,40.25,9009,9009,False,"SPUD-MOK1   @REF Domeier_Torsvik_2014 @DOI""10.1016/j.gsf.2014.01.002"" POLE_RECALCULATED-@REF Matthews_et_al_2016 @DOI""10.1016/j.gloplacha.2016.10.002""",5032
5032,9011,9011,410.0,6.5600000000000005,-132.46,0.18,9009,9009,False,"SPUD-MOK1 @REF Domeier_Torsvik_2014 @DOI""10.1016/j.gsf.2014.01.002"" POLE_RECALCULATED-@REF Matthews_et_al_2016 @DOI""10.1016/j.gloplacha.2016.10.002""",5033
5033,9011,9011,420.0,6.5600000000000005,-132.46,0.18,9009,9009,False,"SPUD-MOK1 @REF Domeier_Torsvik_2014 @DOI""10.1016/j.gsf.2014.01.002"" POLE_RECALCULATED-@REF Matthews_et_al_2016 @DOI""10.1016/j.gloplacha.2016.10.002""",5034
5034,9012,9012,250.0,59.4145,-76.7304,-35.3207,1001,1001,False,CTO-KAZ Central Tianshan-Kazakhstan,5035
5035,9012,9012,360.0,63.5599,-71.9661,-33.9944,1001,1001,False,"CTO-KAZ collision @REF Gao_et_al_2011 @DOI""10.1016/j.tecto.2011.01.001""",5036
5036,9012,9012,410.0,69.4209,-18.6745,-42.0071,1001,1001,False,CTO-KAZ Y18-- ajy implement,5037
5037,9012,9012,1000.0,69.4209,-18.6745,-42.0071,1001,1001,False,CTO-KAZ Y18-- ajy implement,5038
5038,9013,9013,250.0,81.7035,-27.1589,-61.4159,430,430,False,PAO1-AMU Paleoasian ocean plate 1-Amuria Young et al. (2019),5039
5039,9013,9013,270.0,69.3723,-120.0419,-59.6218,430,430,False,PAO1-AMU Young et al. (2019),5040
5040,9013,9013,280.0,64.9715,-109.8237,-58.118,430,430,False,PAO1-AMU Young et al. (2019),5041
5041,9013,9013,290.0,59.3374,-105.4489,-56.2553,430,430,False,PAO1-AMU Young et al. (2019),5042
5042,9013,9013,300.0,56.3607,-103.4053,-57.9197,430,430,False,PAO1-AMU Young et al. (2019),5043
5043,9013,9013,310.0,65.7178,-97.6692,-58.831,430,430,False,PAO1-AMU Young et al. (2019),5044
5044,9013,9013,330.0,82.4352,-21.3127,-63.2238,430,430,False,PAO1-AMU Young et al. (2019),5045
5045,9013,9013,340.0,86.9662,47.9162,-71.9195,430,430,False,PAO1-AMU Young et al. (2019),5046
5046,9013,9013,350.0,78.3462,21.6058,-64.1554,430,430,False,PAO1-AMU Young et al. (2019),5047
5047,9013,9013,361.0,64.9266,45.9376,-75.1099,430,430,False,PAO1-AMU Young et al. (2019),5048
5048,9013,9013,380.0,66.1713,58.2235,-81.2099,430,430,False,PAO1-AMU Young et al. (2019),5049
5049,9013,9013,390.0,63.822,58.3133,-81.8868,430,430,False,PAO1-AMU Young et al. (2019),5050
5050,9013,9013,400.0,61.4815,58.2166,-82.6662,430,430,False,PAO1-AMU Young et al. (2019),5051
5051,9013,9013,410.0,56.564,53.7504,-81.2345,430,430,False,PAO1-AMU  Young et al. (2019),5052
5052,9013,9013,1000.0,56.564,53.7504,-81.2345,430,430,False,PAO1-AMU  Young et al. (2019),5053
5053,9014,9014,250.0,41.3951,-124.237,126.776,9013,9013,False,PAO2-PAO1 Paleoasian ocean plate 1-Paleoasian ocean plate 2  Young et al. (this study),5054
5054,9014,9014,260.0,33.0604,-143.9278,97.0992,9013,9013,False,PAO2-PAO1 Young et al. (2019),5055
5055,9014,9014,270.0,23.6519,-141.8438,96.5549,9013,9013,False,PAO2-PAO1 Young et al. (2019),5056
5056,9014,9014,275.0,21.2192,-140.0134,95.519,9013,9013,False,PAO2-PAO1 Young et al. (2019),5057
5057,9014,9014,280.0,17.1161,-137.088,93.9117,9013,9013,False,PAO2-PAO1 Young et al. (2019),5058
5058,9014,9014,290.0,13.6175,-136.334,93.3026,9013,9013,False,PAO2-PAO1 Young et al. (2019),5059
5059,9014,9014,300.0,10.4168,-134.6324,92.1145,9013,9013,False,PAO2-PAO1 Young et al. (2019),5060
5060,9014,9014,310.0,16.4715,-136.6944,96.0542,9013,9013,False,PAO2-PAO1 Young et al. (2019),5061
5061,9014,9014,320.0,18.4571,-132.885,89.5176,9013,9013,False,PAO2-PAO1 Young et al. (2019),5062
5062,9014,9014,340.0,31.4987,-123.9227,69.391,9013,9013,False,PAO2-PAO1 Young et al. (2019),5063
5063,9014,9014,350.0,-29.5323,56.1315,-63.1324,9013,9013,False,PAO2-PAO1 Young et al. (2019),5064
5064,9014,9014,353.0,-32.6919,56.3492,-60.7375,9013,9013,False,PAO2-PAO1 Young et al. (2019),5065
5065,9014,9014,361.0,-49.6329,57.9119,-52.3137,9013,9013,False,PAO2-PAO1 Young et al. (2019),5066
5066,9014,9014,370.0,-51.5793,56.8923,-45.2873,9013,9013,False,PAO2-PAO1 Young et al. (2019),5067
5067,9014,9014,380.0,-53.4711,56.1131,-32.8844,9013,9013,False,PAO2-PAO1 Young et al. (2019),5068
5068,9014,9014,390.0,-54.4495,55.7825,-21.1584,9013,9013,False,PAO2-PAO1 Young et al. (2019),5069
5069,9014,9014,400.0,-56.1585,55.2371,-12.7093,9013,9013,False,PAO2-PAO1 Young et al. (2019),5070
5070,9014,9014,410.0,90.0,0.0,0.0,9013,9013,False,PAO2-PAO1 Young et al. (2019),5071
5071,9014,9014,1000.0,90.0,0.0,0.0,9013,9013,False,PAO2-PAO1 Young et al. (2019),5072
5072,9015,9015,260.0,40.06,77.01,-74.69,101,101,False,"SMO-NAM west Slide Mountain Plate-North America @REF Domeier_Torsvik_2014 @DOI""10.1016/j.gsf.2014.01.002"" POLE_RECALCULATED-@REF Matthews_et_al_2016 @DOI""10.1016/j.gloplacha.2016.10.002""",5073
5073,9015,9015,265.0,14.33,76.26,-68.98,101,101,False,"SMO-NAM  @REF Domeier_Torsvik_2014 @DOI""10.1016/j.gsf.2014.01.002""   POLE_RECALCULATED-@REF Matthews_et_al_2016 @DOI""10.1016/j.gloplacha.2016.10.002""  22.6481   -93.3325    40.7655",5074
5074,9015,9015,270.0,42.92,75.34,-68.18,101,101,False,"SMO-NAM  @REF Domeier_Torsvik_2014 @DOI""10.1016/j.gsf.2014.01.002""   POLE_RECALCULATED-@REF Matthews_et_al_2016 @DOI""10.1016/j.gloplacha.2016.10.002""",5075
5075,9015,9015,280.0,46.28,73.49,-66.99,101,101,False,"SMO-NAM  @REF Domeier_Torsvik_2014 @DOI""10.1016/j.gsf.2014.01.002""   POLE_RECALCULATED-@REF Matthews_et_al_2016 @DOI""10.1016/j.gloplacha.2016.10.002""",5076
5076,9015,9015,410.0,46.28,73.49,-66.99,101,101,False,"SMO-NAM  @REF Domeier_Torsvik_2014 @DOI""10.1016/j.gsf.2014.01.002""   POLE_RECALCULATED-@REF Matthews_et_al_2016 @DOI""10.1016/j.gloplacha.2016.10.002""",5077
5077,9015,9015,420.0,46.28,73.49,-66.99,101,101,False,"SMO-NAM  @REF Domeier_Torsvik_2014 @DOI""10.1016/j.gsf.2014.01.002""   POLE_RECALCULATED-@REF Matthews_et_al_2016 @DOI""10.1016/j.gloplacha.2016.10.002""",5078
5078,9015,9015,430.0,46.28,73.49,-66.99,101,101,False,"SMO-NAM  @REF Domeier_Torsvik_2014 @DOI""10.1016/j.gsf.2014.01.002""   POLE_RECALCULATED-@REF Matthews_et_al_2016 @DOI""10.1016/j.gloplacha.2016.10.002""",5079
5079,9016,9016,250.0,-44.62,-17.52,55.55,602,602,False,"PAPS-SCH Minor Paleoasian Plate South-South China @REF Domeier_Torsvik_2014 @DOI""10.1016/j.gsf.2014.01.002"" POLE_RECALCULATED-@REF Matthews_et_al_2016 @DOI""10.1016/j.gloplacha.2016.10.002""",5080
5080,9016,9016,260.0,-40.73,-24.6,56.05,602,602,False,"PAPS-SCH    @REF Domeier_Torsvik_2014 @DOI""10.1016/j.gsf.2014.01.002""  POLE_RECALCULATED-@REF Matthews_et_al_2016 @DOI""10.1016/j.gloplacha.2016.10.002""",5081
5081,9016,9016,270.0,-36.16,-31.78,58.03,602,602,False,"PAPS-SCH   @REF Domeier_Torsvik_2014 @DOI""10.1016/j.gsf.2014.01.002""  POLE_RECALCULATED-@REF Matthews_et_al_2016 @DOI""10.1016/j.gloplacha.2016.10.002""",5082
5082,9016,9016,280.0,-36.16,-31.78,58.03,602,602,False,"PAPS-SCH  @REF Domeier_Torsvik_2014 @DOI""10.1016/j.gsf.2014.01.002""   POLE_RECALCULATED-@REF Matthews_et_al_2016 @DOI""10.1016/j.gloplacha.2016.10.002""",5083
5083,9016,9016,410.0,-36.16,-31.78,58.03,602,602,False,"PAPS-SCH  @REF Domeier_Torsvik_2014 @DOI""10.1016/j.gsf.2014.01.002""   POLE_RECALCULATED-@REF Matthews_et_al_2016 @DOI""10.1016/j.gloplacha.2016.10.002""",5084
5084,9016,9016,420.0,-36.16,-31.78,58.03,602,602,False,"PAPS-SCH  @REF Domeier_Torsvik_2014 @DOI""10.1016/j.gsf.2014.01.002""   POLE_RECALCULATED-@REF Matthews_et_al_2016 @DOI""10.1016/j.gloplacha.2016.10.002""",5085
5085,9016,9016,430.0,-36.16,-31.78,58.03,602,602,False,"PAPS-SCH  @REF Domeier_Torsvik_2014 @DOI""10.1016/j.gsf.2014.01.002""   POLE_RECALCULATED-@REF Matthews_et_al_2016 @DOI""10.1016/j.gloplacha.2016.10.002""",5086
5086,9017,9017,250.0,90.0,0.0,0.0,101,101,False,"POO-NAM microplate between Laurentia and Gondwana-North America (Laurussia)  @REF Domeier_Torsvik_2014 @DOI""10.1016/j.gsf.2014.01.002""",5087
5087,9017,9017,360.0,7.92,-156.96,78.9,101,101,False,"POO-NAM  @REF Domeier_Torsvik_2014 @DOI""10.1016/j.gsf.2014.01.002""  POLE_RECALCULATED-@REF Matthews_et_al_2016 @DOI""10.1016/j.gloplacha.2016.10.002""",5088
5088,9017,9017,370.0,11.96,-163.7,85.2,101,101,False,"POO-NAM   @REF Domeier_Torsvik_2014 @DOI""10.1016/j.gsf.2014.01.002""  POLE_RECALCULATED-@REF Matthews_et_al_2016 @DOI""10.1016/j.gloplacha.2016.10.002""",5089
5089,9017,9017,410.0,11.96,-163.7,85.2,101,101,False,"POO-NAM  @REF Domeier_Torsvik_2014 @DOI""10.1016/j.gsf.2014.01.002""  POLE_RECALCULATED-@REF Matthews_et_al_2016 @DOI""10.1016/j.gloplacha.2016.10.002""",5090
5090,9017,9017,420.0,11.96,-163.7,85.2,101,101,False,"POO-NAM  @REF Domeier_Torsvik_2014 @DOI""10.1016/j.gsf.2014.01.002""  POLE_RECALCULATED-@REF Matthews_et_al_2016 @DOI""10.1016/j.gloplacha.2016.10.002""",5091
5091,9017,9017,430.0,11.96,-163.7,85.2,101,101,False,"POO-NAM  @REF Domeier_Torsvik_2014 @DOI""10.1016/j.gsf.2014.01.002""  POLE_RECALCULATED-@REF Matthews_et_al_2016 @DOI""10.1016/j.gloplacha.2016.10.002""",5092
5092,9019,9019,0.0,90.0,0.0,0.0,0,000,False,NRO-000 North Rheic Ocean-Spin Axis Domeier (2016),5093
5093,9019,9019,400.0,90.0,0.0,0.0,0,000,False,NRO-000	Domeier 2016,5094
5094,9019,9019,410.0,-17.19,21.31,-35.35,0,000,False,NRO-000	Domeier 2016,5095
5095,9019,9019,420.0,-11.35,19.9,-28.14,0,000,False,NRO-000	Domeier 2016,5096
5096,9019,9019,430.0,-2.22,10.75,-14.97,0,000,False,NRO-000	Domeier 2016,5097
5097,9019,9019,435.0,1.57,13.21,-8.0,0,000,False,NRO-000	Domeier 2016,5098
5098,9019,9019,440.0,31.71,65.82,-1.42,0,000,False,NRO-000	Domeier 2016,5099
5099,9019,9019,450.0,28.69,157.1,-7.19,0,000,False,NRO-000	Domeier 2016,5100
5100,9019,9019,500.0,90.0,0.0,0.0,0,000,False,NRO-000	Domeier 2016,5101
5101,9019,9019,510.0,90.0,0.0,0.0,0,000,False,NRO-000	Domeier 2016,5102
5102,9020,9020,0.0,90.0,0.0,0.0,0,000,False,SRO-000	South Rheic Ocean-Spin Axis Domeier (2016),5103
5103,9020,9020,410.0,67.59,-5.1,25.52,0,000,False,SRO-000 Domeier (2016),5104
5104,9020,9020,420.0,49.099,45.3233,17.6609,0,000,False,SRO-000 Domeier (2016),5105
5105,9020,9020,450.0,49.099,45.3233,17.6609,0,000,False,SRO-000 Domeier (2016),5106
5106,9020,9020,460.0,49.099,45.3233,17.6609,0,000,False,SRO-000 Domeier (2016),5107
5107,9021,9021,0.0,-25.61,-74.5,237.48,16150,16150,False,"FTALX-AXB Farallon trapped crust in Alexander Plate (isochron rotations)-Alexander BAB isochron rotations, @REF @REF Matthews_et_al_2016 @DOI""10.1016/j.gloplacha.2016.10.002"", @AU SZ & KJM @T 2015",5108
5108,9021,9021,230.0,-25.61,-74.5,237.48,16150,16150,False,"FTALX-AXB @REF @REF Matthews_et_al_2016 @DOI""10.1016/j.gloplacha.2016.10.002"", @AU SZ & KJM @T 2015 @xo_os",5109
5109,9021,9021,230.0,34.49,102.76,-221.66,16111,16111,False,FTALX-ALX Farallon trapped crust in Alexander Plate (isochron rotations)-Alexander Terrane,5110
5110,9021,9021,250.0,34.49,102.76,-221.66,16111,16111,False,"FTALX-ALX Farallon trapped crust in Alexander Plate (isochron rotations)-Alexander Terrane SZ & KJM 2015, @REF Matthews_et_al_2016 @DOI""10.1016/j.gloplacha.2016.10.002""",5111
5111,9021,9021,270.0,35.9675,99.9857,-220.7767,16111,16111,False,"FTALX-ALX Farallon trapped crust in Alexander Plate (isochron rotations)-Alexander Terrane SZ & KJM 2015, @REF Matthews_et_al_2016 @DOI""10.1016/j.gloplacha.2016.10.002"" @xo_of   @DOI""10.1016/j.gsf.2014.01.002""",5112
5112,9021,9021,270.0,90.0,0.0,0.0,902,902,False,"FTALX-FAR Farallon trapped crust in Alexander Plate (isochron rotations)-Farallon, SZ & KJM 2015, @REF Matthews_et_al_2016 @DOI""10.1016/j.gloplacha.2016.10.002""",5113
5113,9021,9021,345.0,90.0,0.0,0.0,902,902,False,"FTALX-FAR Farallon trapped crust in Alexander Plate (isochron rotations)-Farallon, SZ & KJM 2015, @REF Matthews_et_al_2016 @DOI""10.1016/j.gloplacha.2016.10.002""",5114
5114,9021,9021,410.0,90.0,0.0,0.0,0,000,False,WIO-000 Western Iapetus Ocean-Spin Axis Domeier (2016) NB plateID clash,5115
5115,9021,9021,450.0,-53.69,-7.17,111.2,0,000,False,WIO-000 Domeier (2016),5116
5116,9021,9021,460.0,-49.43,1.15,112.68,0,000,False,WIO-000 Domeier (2016),5117
5117,9021,9021,470.0,-44.94,9.13,112.3,0,000,False,WIO-000 Domeier (2016),5118
5118,9021,9021,480.0,-42.57,12.54,114.7,0,000,False,WIO-000 Domeier (2016),5119
5119,9021,9021,490.0,-40.23,12.2,122.61,0,000,False,WIO-000 Domeier (2016),5120
5120,9021,9021,500.0,-36.11,18.33,123.34,0,000,False,WIO-000 Domeier (2016),5121
5121,9021,9021,510.0,-35.47,16.18,134.4,0,000,False,WIO-000 Domeier (2016),5122
5122,9022,9022,510.0,-35.47,16.18,134.4,0,000,False,WIO-000 Domeier (2016),5123
5123,9800,9800,850.0,7.21,-74.26,-19.16,701,701,False,?unknown? potentially an earlier iteration of ocean basins,5124
5124,9800,9800,1000.0,-27.25,21.95,31.62,701,701,False,?unknown? potentially an earlier iteration of ocean basins,5125
5125,9800,9800,1010.0,-27.25,21.95,31.62,701,701,False,?unknown? potentially an earlier iteration of ocean basins,5126
5126,9801,9801,850.0,-1.0,-8.54,54.64,302,302,False,?unknown? potentially an earlier iteration of ocean basins,5127
5127,9801,9801,1000.0,-25.69,-21.92,32.45,302,302,False,?unknown? potentially an earlier iteration of ocean basins,5128
5128,9801,9801,1010.0,-25.69,-21.92,32.45,302,302,False,?unknown? potentially an earlier iteration of ocean basins,5129
5129,9804,9804,700.0,-40.32,31.59,39.24,0,000,False,Southern Mirovoi Ocean (subducting under Baltica-SF-Iskel),5130
5130,9804,9804,780.0,-28.62,28.93,37.32,0,000,False,Southern Mirovoi Ocean (subducting under Baltica-SF-Iskel),5131
5131,9804,9804,800.0,-64.331,159.2077,134.9908,0,000,False,Southern Mirovoi Ocean (subducting under Baltica-SF-Iskel),5132
5132,9804,9804,850.0,77.8309,-26.3369,-107.2749,98040,98040,False,Southern Mirovoi Ocean (subducting under Baltica-SF-Iskel),5133
5133,9804,9804,1000.0,-47.3302,173.885,167.174,98040,98040,False,Southern Mirovoi Ocean (subducting under Baltica-SF-Iskel),5134
5134,9804,9804,1010.0,-47.3302,173.885,167.174,98040,98040,False,Southern Mirovoi Ocean (subducting under Baltica-SF-Iskel),5135
5135,9805,9805,780.0,58.84,114.34,23.89,715,715,False,?unknown? potentially an earlier iteration of ocean basins,5136
5136,9805,9805,870.0,59.53,112.55,18.81,715,715,False,?unknown? potentially an earlier iteration of ocean basins,5137
5137,9805,9805,930.0,90.0,0.0,0.0,715,715,False,?unknown? potentially an earlier iteration of ocean basins,5138
5138,9805,9805,940.0,90.0,0.0,0.0,715,715,False,?unknown? potentially an earlier iteration of ocean basins,5139
5139,9806,9806,0.0,90.0,0.0,0.0,501,501,False,?unknown? potentially an earlier iteration of ocean basins,5140
5140,9806,9806,780.0,-10.3,-87.44,13.73,501,501,False,?unknown? potentially an earlier iteration of ocean basins,5141
5141,9806,9806,870.0,-12.57,-85.35,12.87,501,501,False,?unknown? potentially an earlier iteration of ocean basins,5142
5142,9806,9806,930.0,90.0,0.0,0.0,501,501,False,?unknown? potentially an earlier iteration of ocean basins,5143
5143,9806,9806,940.0,90.0,0.0,0.0,501,501,False,?unknown? potentially an earlier iteration of ocean basins,5144
5144,9807,9807,0.0,90.0,0.0,0.0,101,101,False,?unknown? potentially an earlier iteration of ocean basins,5145
5145,9807,9807,870.0,51.15,88.09,18.76,101,101,False,?unknown? potentially an earlier iteration of ocean basins,5146
5146,9807,9807,930.0,90.0,0.0,0.0,101,101,False,?unknown? potentially an earlier iteration of ocean basins,5147
5147,9807,9807,940.0,90.0,0.0,0.0,101,101,False,?unknown? potentially an earlier iteration of ocean basins,5148
5148,9808,9808,590.0,22.47,140.63,41.78,715,715,False,?unknown? potentially an earlier iteration of ocean basins,5149
5149,9808,9808,630.0,19.79,141.55,31.53,715,715,False,?unknown? potentially an earlier iteration of ocean basins,5150
5150,9808,9808,700.0,19.79,141.55,31.53,715,715,False,?unknown? potentially an earlier iteration of ocean basins,5151
5151,9808,9808,750.0,90.0,0.0,0.0,715,715,False,?unknown? potentially an earlier iteration of ocean basins,5152
5152,9808,9808,760.0,90.0,0.0,0.0,715,715,False,?unknown? potentially an earlier iteration of ocean basins,5153
5153,9809,9809,0.0,90.0,0.0,0.0,501,501,False,?unknown? potentially an earlier iteration of ocean basins,5154
5154,9809,9809,600.0,14.37,179.08,-56.32,501,501,False,?unknown? potentially an earlier iteration of ocean basins,5155
5155,9809,9809,650.1,4.61,-162.07,-33.34,501,501,False,?unknown? potentially an earlier iteration of ocean basins,5156
5156,9809,9809,700.0,90.0,0.0,0.0,501,501,False,?unknown? potentially an earlier iteration of ocean basins,5157
5157,9809,9809,710.0,90.0,0.0,0.0,501,501,False,?unknown? potentially an earlier iteration of ocean basins,5158
5158,9862,9862,0.0,90.0,0.0,0.0,859,859,False,SSC-WTP South Santa Cruz Basin-West Torres Plateau,5159
5159,9862,9862,200.0,90.0,0.0,0.0,859,859,False,SSC-WTP @REF Seton_++_(in prep),5160
5160,9922,9922,0.0,90.0,0.0,0.0,816,816,False,MELN1-PSOL Melanesian Sea northeast-present day solomon sea,5161
5161,9922,9922,12.0,90.0,0.0,0.0,816,816,False,MELN1-NWB @REF Seton_++_(in prep) @xo_ys     @absage,5162
5162,9922,9922,12.0,9.83,167.4,-32.84,827,827,False,MELN1-NHB Melanesian Sea  northeast-New hebrides @absage @REF Seton_++_(in prep),5163
5163,9922,9922,200.0,9.83,167.4,-32.84,827,827,False,MELN1-NHB,5164
5164,9923,9923,0.0,90.0,0.0,0.0,829,829,False,MELS1-NWB Melanesia Basin (Solomon Sea) south flank-North Woodlark Basin,5165
5165,9923,9923,12.0,90.0,0.0,0.0,829,829,False,MELS1-NWB @REF Seton_++_(in prep)  @xo_ys @absage,5166
5166,9923,9923,12.0,-31.69,-58.86,14.51,847,847,False,MELS1-MELA Melanesia Basin (Solomon Sea) south flank-Melanesia Arc  @absage,5167
5167,9923,9923,25.0,-31.69,-58.86,14.51,847,847,False,MELS1-MELA @REF Seton_++_(in prep) @xo_ys @absage,5168
5168,9923,9923,25.0,12.19,-10.07,22.63,860,860,False,MELS1-WRR  Melanesia Basin (Solomon Sea) south flank-West Rennell Ridge  @absage,5169
5169,9923,9923,50.0,12.19,-10.07,22.63,860,860,False,MELS1-WRR @REF Seton_++_(in prep) @xo_ys @absage,5170
5170,9923,9923,50.0,12.19,-10.07,22.63,881,881,False,MELS1-EMO2 Melanesia Basin (Solomon Sea) south flank-Emo Basin @absage,5171
5171,9923,9923,200.0,12.19,-10.07,22.63,881,881,False,MELS1-EMO2 @REF Seton_++_(in prep),5172
5172,10191.0,10191.0,540.0,24.1587,-75.2446,8.579,0.0,0.0,0.0,,5173.0
5173,10191.0,10191.0,550.0,90.0,0.0,0.0,0.0,0.0,0.0,,5174.0
5174,10191.0,10191.0,560.0,90.0,0.0,0.0,0.0,0.0,0.0,,5175.0
5175,16101,16101,0.0,90.0,0.0,0.0,16104,16104,False,STK-YTT Stikinia Terrane - Yukon-Tanana Terrane,5176
5176,16101,16101,610.0,90.0,0.0,0.0,16104,16104,False,STK-YTT,5177
5177,16102,16102,0.0,90.0,0.0,0.0,16104,16104,False,QES-YTT Quesnellia Terrane - Yukon-Tanana Terrane,5178
5178,16102,16102,610.0,90.0,0.0,0.0,16104,16104,False,QES-YTT,5179
5179,16103,16103,0.0,90.0,0.0,0.0,101,101,False,SMT-NAM Slide Mountain Terrane-North America,5180
5180,16103,16103,610.0,90.0,0.0,0.0,101,101,False,SMT-NAM,5181
5181,16104,16104,0.0,90.0,0.0,0.0,101,101,False,YTT-NAM Yukon-Tanana Terrane - North America,5182
5182,16104,16104,230.0,90.0,0.0,0.0,101,101,False,YTT-NAM @absage Slide Mountain Ocean final suturing,5183
5183,16104,16104,250.0,46.7408,-123.957,40.5366,101,101,False,"YTT-NAM @REF Slide Mountain Ocean initial closure, @REF Matthews_et_al_2016 @DOI""10.1016/j.gloplacha.2016.10.002"" @absage @xo_ys",5184
5184,16104,16104,250.0,-20.3227,-74.5719,-232.042,902,902,False,"YTT-FAR Yukon-Tanana Terrane - Farallon, @REF Matthews_et_al_2016 @DOI""10.1016/j.gloplacha.2016.10.002""",5185
5185,16104,16104,260.0,-24.2983,-74.431,-227.4776,902,902,False,"YTT-FAR Yukon-Tanana Terrane - Farallon, @REF Matthews_et_al_2016 @DOI""10.1016/j.gloplacha.2016.10.002""",5186
5186,16104,16104,270.0,-22.751,-73.6201,-228.2115,902,902,False,"YTT-FAR Yukon-Tanana Terrane - Farallon, @REF Matthews_et_al_2016 @DOI""10.1016/j.gloplacha.2016.10.002"" @xo_ys",5187
5187,16104,16104,270.0,20.4162,-108.5561,43.9387,101,101,False,"YTT-NAM Seton et al., 2012, GS12, @REF Matthews_et_al_2016 @DOI""10.1016/j.gloplacha.2016.10.002"" @absage",5188
5188,16104,16104,360.0,-55.4513,14.2549,12.2316,101,101,False,YTT-NAM Yukon-Tanana rifts from Laurentian margin Nelson et al. 2006  @absage,5189
5189,16104,16104,610.0,-55.4513,14.2549,12.2316,101,101,False,YTT-NAM,5190
5190,16105,16105,0.0,90.0,0.0,0.0,101,101,False,YTUP-NAM Yukon-Tanana UPLAND - North America,5191
5191,16105,16105,610.0,90.0,0.0,0.0,101,101,False,YTUP-NAM,5192
5192,16106,16106,0.0,90.0,0.0,0.0,101,101,False,CSR-NAM Cassiar Terrane-North America,5193
5193,16106,16106,610.0,90.0,0.0,0.0,101,101,False,CSR-NAM,5194
5194,16107,16107,0.0,90.0,0.0,0.0,101,101,False,KOO-NAM Kootenay Terrane-North America,5195
5195,16107,16107,610.0,90.0,0.0,0.0,101,101,False,KOO-NAM,5196
5196,16110,16110,0.0,90.0,0.0,0.0,16111,16111,False,WRG-ALX Wrangellia Terrane-Alexander Terrane,5197
5197,16110,16110,610.0,90.0,0.0,0.0,16111,16111,False,WRG-ALX,5198
5198,16111,16111,0.0,90.0,0.0,0.0,101,101,False,ALX-NAM Alexander Terrane - North America,5199
5199,16111,16111,140.0,90.0,0.0,0.0,101,101,False,"ALX-NAM @REF @REF Matthews_et_al_2016 @DOI""10.1016/j.gloplacha.2016.10.002"" Final Wrangellia/Alexander collision with NAM @absage",5200
5200,16111,16111,155.0,37.03,-1.54,-1.77,101,101,False,"ALX-NAM @REF @REF Matthews_et_al_2016 @DOI""10.1016/j.gloplacha.2016.10.002"" @absage",5201
5201,16111,16111,170.0,27.13,-13.47,-2.64,101,101,False,"ALX-NAM @REF @REF Matthews_et_al_2016 @DOI""10.1016/j.gloplacha.2016.10.002"" Start of rifting between Wrangellia/Alexander and NAM @absage",5202
5202,16111,16111,180.0,27.13,-13.47,-2.64,101,101,False,"ALX-NAM @REF @REF Matthews_et_al_2016 @DOI""10.1016/j.gloplacha.2016.10.002"" Initial collision of Wrangellia/Alexander with NAM @xo_ys @absage",5203
5203,16111,16111,180.0,42.0936,125.233,186.121,902,902,False,"ALX-FAR @REF @REF Matthews_et_al_2016 @DOI""10.1016/j.gloplacha.2016.10.002"" Alexander Terrane-Farallon Plate @absage",5204
5204,16111,16111,230.0,42.0936,125.233,186.121,902,902,False,"ALX-FAR @REF Shephard_++_2013 @DOI""10.1016/j.earscirev.2013.05.012"" Beginning of Cache Creek Ocean closure,  @Au GS, @T 2013 @xo_ys @absage",5205
5205,16111,16111,230.0,21.259,64.939,-48.4018,101,101,False,"ALX-NAM Alexander Terrane-NAM @REF Matthews_et_al_2016 @DOI""10.1016/j.gloplacha.2016.10.002""",5206
5206,16111,16111,250.0,6.5666,67.0817,-51.7258,101,101,False,"ALX-NAM Alexander Terrane-NAM @REF Matthews_et_al_2016 @DOI""10.1016/j.gloplacha.2016.10.002""",5207
5207,16111,16111,270.0,-4.3536,58.4514,-64.5663,101,101,False,"ALX-NAM Alexander Terrane-NAM @REF Matthews_et_al_2016 @DOI""10.1016/j.gloplacha.2016.10.002""",5208
5208,16111,16111,360.0,41.6378,-13.5979,-31.9601,101,101,False,"ALX-NAM Alexander Terrane-NAM @REF Matthews_et_al_2016 @DOI""10.1016/j.gloplacha.2016.10.002"" @xo_ys",5209
5209,16111,16111,360.0,2.383,174.2635,31.0956,302,302,False,"ALX-BAL Alexander Terrane-Baltic Shield @REF Matthews_et_al_2016 @DOI""10.1016/j.gloplacha.2016.10.002""",5210
5210,16111,16111,400.0,51.8674,-39.9536,-69.5091,302,302,False,"ALX-BAL Rifting of Alexander from Baltica (following Klakas Orogeny), @REF Matthews_et_al_2016 @DOI""10.1016/j.gloplacha.2016.10.002"" @absage",5211
5211,16111,16111,610.0,51.8674,-39.9536,-69.5091,302,302,False,"ALX-BAL @REF Matthews_et_al_2016 @DOI""10.1016/j.gloplacha.2016.10.002""",5212
5212,16112,16112,0.0,90.0,0.0,0.0,16110,16110,False,PNT-WRG Peninsular Terrane-Wrangellia Terrane,5213
5213,16112,16112,610.0,90.0,0.0,0.0,16110,16110,False,PNT-WRG,5214
5214,16113,16113,0.0,90.0,0.0,0.0,101,101,False,CCT-NAM Cache Creek Terrane-North America,5215
5215,16113,16113,610.0,90.0,0.0,0.0,101,101,False,CCT-NAM,5216
5216,16121,16121,0.0,90.0,0.0,0.0,101,101,False,CHG1-NAM Chugach Terrane1-North America,5217
5217,16121,16121,250.0,90.0,0.0,0.0,101,101,False,"CHG1-NAM @REF Shephard_++_2013 @DOI""10.1016/j.earscirev.2013.05.012"" @Au GS, @T 2012 @absage",5218
5218,16122,16122,0.0,90.0,0.0,0.0,16111,16111,False,CHG2-ALX Chugach Terrane2 - Alexander Terrane,5219
5219,16122,16122,200.0,90.0,0.0,0.0,16111,16111,False,"CHG2-ALX @REF Shephard_++_2013 @DOI""10.1016/j.earscirev.2013.05.012"" @Au GS, @T 2012 @absage",5220
5220,16122,16122,250.0,90.0,0.0,0.0,16111,16111,False,"CHG2-ALX @REF Shephard_++_2013 @DOI""10.1016/j.earscirev.2013.05.012"" @Au GS, @T 2012 @xo_ys",5221
5221,16122,16122,250.0,90.0,0.0,0.0,126,126,False,"CHG2-TBG Chugach Terrane2 - Talkeetna-Bonanza Subduction Zone  Seton et al., 2012 @REF Shephard_++_2013, @DOI""10.1016/j.earscirev.2013.05.012""",5222
5222,16122,16122,610.0,90.0,0.0,0.0,126,126,False,CHG2-TBG,5223
5223,16123,16123,0.0,90.0,0.0,0.0,101,101,False,YAK-NAM Yakutat Terrane-North America,5224
5224,16123,16123,200.0,90.0,0.0,0.0,101,101,False,"YAK-NAM @REF Shephard_++_2013 @DOI""10.1016/j.earscirev.2013.05.012"" @Au GS, @T 2012 @absage",5225
5225,16123,16123,250.0,90.0,0.0,0.0,101,101,False,"YAK-NAM @REF Shephard_++_2013 @DOI""10.1016/j.earscirev.2013.05.012"" @Au GS, @T 2012",5226
5226,16124,16124,0.0,90.0,0.0,0.0,101,101,False,WSMR-NAM Metamorphic rocks b/w Stikinia and Wrangellia-North America,5227
5227,16124,16124,200.0,90.0,0.0,0.0,101,101,False,"WSMR-NAM @REF Shephard_++_2013 @DOI""10.1016/j.earscirev.2013.05.012"" @Au GS, @T 2012 @absage",5228
5228,16124,16124,250.0,90.0,0.0,0.0,101,101,False,"WSMR-NAM @REF Shephard_++_2013 @DOI""10.1016/j.earscirev.2013.05.012"" @Au GS, @T 2012",5229
5229,16130,16130,0.0,90.0,0.0,0.0,101,101,False,ALE-NAM Aleutian chain-North America,5230
5230,16130,16130,200.0,90.0,0.0,0.0,101,101,False,"ALE-NAM @REF Shephard_++_2013 @DOI""10.1016/j.earscirev.2013.05.012"" @Au GS, @T 2012 @absage",5231
5231,16130,16130,250.0,90.0,0.0,0.0,101,101,False,"ALE-NAM @REF Shephard_++_2013 @DOI""10.1016/j.earscirev.2013.05.012"" @Au GS, @T 2012",5232
5232,16140,16140,0.0,90.0,0.0,0.0,101,101,False,BER-NAM Bering Shelf-North America,5233
5233,16140,16140,200.0,90.0,0.0,0.0,101,101,False,"BER-NAM @REF Shephard_++_2013 @DOI""10.1016/j.earscirev.2013.05.012"" @Au GS, @T 2012 @absage",5234
5234,16140,16140,250.0,90.0,0.0,0.0,101,101,False,"BER-NAM @REF Shephard_++_2013 @DOI""10.1016/j.earscirev.2013.05.012"" @Au GS, @T 2012",5235
5235,16141,16141,0.0,90.0,0.0,0.0,101,101,False,OBS-NAM Outer Bering Shelf-North America,5236
5236,16141,16141,200.0,90.0,0.0,0.0,101,101,False,"OBS-NAM @REF Shephard_++_2013 @DOI""10.1016/j.earscirev.2013.05.012"" @Au GS, @T 2012 @absage",5237
5237,16141,16141,250.0,90.0,0.0,0.0,101,101,False,"OBS-NAM @REF Shephard_++_2013 @DOI""10.1016/j.earscirev.2013.05.012"" @Au GS, @T 2012",5238
5238,16150,16150,0.0,20.8365,-8.823,-5.1666,131,131,False,"AXB-CCO @REF @REF Matthews_et_al_2016 @DOI""10.1016/j.gloplacha.2016.10.002"" @Au KJM, @T 2015, Alexander BAB isochron rotations-Cache Creek Ocean",5239
5239,16150,16150,230.0,-20.8365,171.177,5.1666,131,131,False,"AXB-CCO @REF @REF Matthews_et_al_2016 @DOI""10.1016/j.gloplacha.2016.10.002"" @AU KJM, @T 2015 @xo_os",5240
5240,16150,16150,230.0,27.07,50.89,22.97,16111,16111,False,"AXB-ALX @REF @REF Matthews_et_al_2016 @DOI""10.1016/j.gloplacha.2016.10.002"" @Au KJM, @T 2015, Alexander BAB isochron rotations-Alexander Terrane",5241
5241,16150,16150,610.0,27.07,50.89,22.97,16111,16111,False,"AXB-ALX Alexander BAB isochron rotations-Alexander Terrane, @REF Matthews_et_al_2016 @DOI""10.1016/j.gloplacha.2016.10.002""",5242
5242,16151,16151,0.0,-32.0406,-56.5443,197.0717,16150,16150,False,"TCCO-AXB @REF @REF Matthews_et_al_2016 @DOI""10.1016/j.gloplacha.2016.10.002"" @Au KJM, @T 2015, Trapped Farallon crust in Cache Creek-Alexander BAB isochron rotations",5243
5243,16151,16151,230.0,32.0406,123.4557,-197.0717,16150,16150,False,"TCCO-AXB @REF @REF Matthews_et_al_2016 @DOI""10.1016/j.gloplacha.2016.10.002"" @AU KJM, @T 2015 @xo_os",5244
5244,16151,16151,230.0,90.0,0.0,0.0,902,902,False,"TCCO-FAR @REF @REF Matthews_et_al_2016 @DOI""10.1016/j.gloplacha.2016.10.002"" @Au KJM, @T 2015, Trapped Farallon crust in Cache Creek-Farallon",5245
5245,16151,16151,610.0,90.0,0.0,0.0,902,902,False,"TCCO-AXB Trapped Farallon crust in Cache Creek-Farallon, @REF Matthews_et_al_2016 @DOI""10.1016/j.gloplacha.2016.10.002""",5246
5246,16152,16152,0.0,43.9235,126.742,154.3407,902,902,False,"TALX-FAR @REF @REF Matthews_et_al_2016 @DOI""10.1016/j.gloplacha.2016.10.002"" @Au KJM, @T 2015, iso rot - trapped crust from Alexander BAB-Farallon",5247
5247,16152,16152,142.0,43.9235,126.742,154.3407,902,902,False,"TALX-FAR @REF @REF Matthews_et_al_2016 @DOI""10.1016/j.gloplacha.2016.10.002"" @Au KJM, @T 2015 @xo_os",5248
5248,16152,16152,142.0,90.0,0.0,0.0,101,101,False,"TALX-NAM @REF @REF Matthews_et_al_2016 @DOI""10.1016/j.gloplacha.2016.10.002"" @Au KJM, @T 2015, trapped crust from Alexander BAB-North America",5249
5249,16152,16152,610.0,90.0,0.0,0.0,101,101,False,"TALX-NAM iso rot - trapped crust from Alexander BAB-Farallon, @REF Matthews_et_al_2016 @DOI""10.1016/j.gloplacha.2016.10.002""",5250
5250,18100,18100,0.0,90.0,0.0,0.0,103,103,False,AACM-NSL North Slope Alaska Province or AACM (Arctic Alaska-Chukotka Microplate) - North Slope Alaska,5251
5251,18100,18100,250.0,90.0,0.0,0.0,103,103,False,AACM-NSL,5252
5252,18102,18102,0.0,90.0,0.0,0.0,103,103,False,RUBY-NSL Ruby Terrane-North Slope Alaska,5253
5253,18102,18102,610.0,90.0,0.0,0.0,103,103,False,RUBY-NSL,5254
5254,18103,18103,0.0,90.0,0.0,0.0,103,103,False,ANG-NSL Angayucham Terrane-North Slope Alaska,5255
5255,18103,18103,610.0,90.0,0.0,0.0,103,103,False,ANG-NSL,5256
5256,18104,18104,0.0,90.0,0.0,0.0,103,103,False,FWT-NSL Farewell Terrane-North Slope Alaska,5257
5257,18104,18104,610.0,90.0,0.0,0.0,103,103,False,FWT-NSL,5258
5258,18105,18105,0.0,90.0,0.0,0.0,103,103,False,GNT-NSL Goodnews Terrane-North Slope Alaska,5259
5259,18105,18105,250.0,90.0,0.0,0.0,103,103,False,GNT-NSL,5260
5260,18106,18106,0.0,90.0,0.0,0.0,103,103,False,KOY-NSL Koyukuk Terrane-North Slope Alaska,5261
5261,18106,18106,610.0,90.0,0.0,0.0,103,103,False,KOY-NSL18202 410.0   90.0    0.0    0.0  112,5262
5262,18107,18107,0.0,90.0,0.0,0.0,101,101,False,KSZ-NAM Koyukuk Subduction Zone pre-reversal 160-142.5Ma - North America,5263
5263,18107,18107,142.6,90.0,0.0,0.0,101,101,False,"KSZ-NAM @REF Shephard_++_2013 @DOI""10.1016/j.earscirev.2013.05.012"" @Au GS, @T 2012  @absage",5264
5264,18107,18107,160.0,-1.6600000000000001,-71.37,2.85,101,101,False,"KSZ-NAM @REF Shephard_++_2013 @DOI""10.1016/j.earscirev.2013.05.012"" @Au GS, @T 2012  @absage",5265
5265,18107,18107,250.0,-1.6600000000000001,-71.37,2.85,101,101,False,"KSZ-NAM @REF Shephard_++_2013 @DOI""10.1016/j.earscirev.2013.05.012"" @Au GS, @T 2012",5266
5266,18108,18108,0.0,90.0,0.0,0.0,103,103,False,TOG-NSL Togiak Terrane-North Slope Alaska,5267
5267,18108,18108,250.0,90.0,0.0,0.0,103,103,False,TOG-NSL,5268
5268,18150,18150,0.0,90.0,0.0,0.0,103,103,False,NSLM-NSL North Slope Microplate of AACM-North Slope Alaska,5269
5269,18150,18150,250.0,90.0,0.0,0.0,103,103,False,NSLM-NSL,5270
5270,18200,18200,0.0,90.0,0.0,0.0,112,112,False,CHUM-CHP Chukchi microcontinent and North Chukchi Basin Province 18200 general-Chukchi cap,5271
5271,18200,18200,250.0,90.0,0.0,0.0,112,112,False,CHUM-CHP @absage,5272
5272,18202,18202,0.0,90.0,0.0,0.0,112,112,False,SNC-CHP South North Chukchi Basin-Chukchi Cap,5273
5273,18202,18202,610.0,90.0,0.0,0.0,112,112,False,SNCB-CHP,5274
5274,18203,18203,0.0,90.0,0.0,0.0,112,112,False,NCB-CHP North Chukchi Basin-Chukchi Cap,5275
5275,18203,18203,610.0,90.0,0.0,0.0,112,112,False,NCB-CHP,5276
5276,20041,20041,0.0,90.0,0.0,0.0,101,101,False,YCT1-NAM @REF Sandwell_++_2014 GoM MOR consistent with deforming mesh.  Rotation angle tuned to fit. DB 2014,5277
5277,20041,20041,130.0,90.0,0.0,0.0,101,101,False,YCT1-NAM,5278
5278,20041,20041,150.0,26.58,-84.36,-18.0,101,101,False,YCT1-NAM,5279
5279,20113.0,20113.0,520.0,59.5854,164.8593,12.5313,201.0,201.0,0.0,,5280.0
5280,20113,20113,540.0,90.0,0.0,0.0,201,201,False,Southern Iapetus being subducted under Amazonia,5281
5281,20113,20113,600.0,90.0,0.0,0.0,201,201,False,Southern Iapetus being subducted under Amazonia,5282
5282,20113,20113,610.0,90.0,0.0,0.0,201,201,False,Southern Iapetus being subducted under Amazonia,5283
5283,22011,22011,0.0,90.0,0.0,0.0,201,201,False,Fold belts between Amazonia and Brasiliano Lineament,5284
5284,22011,22011,1010.0,90.0,0.0,0.0,201,201,False,Fold belts between Amazonia and Brasiliano Lineament,5285
5285,22012,22012,0.0,90.0,0.0,0.0,201,201,False,Fold belts between Amazonia and Brasiliano Lineament,5286
5286,22012,22012,1010.0,90.0,0.0,0.0,201,201,False,Fold belts between Amazonia and Brasiliano Lineament,5287
5287,22013,22013,0.0,90.0,0.0,0.0,0,000,False,,5288
5288,22013,22013,1000.0,90.0,0.0,0.0,0,000,False,,5289
5289,22031,22031,0.0,90.0,0.0,0.0,201,201,False,Pampia,5290
5290,22031,22031,1010.0,90.0,0.0,0.0,201,201,False,Pampia,5291
5291,22032,22032,0.0,90.0,0.0,0.0,201,201,False,PAM-AMA	Pampia-Amazonia,5292
5292,22032,22032,520.0,90.0,0.0,0.0,201,201,False,PAM-AMA @xo_yf,5293
5293,22032,22032,520.0,49.0492,-31.1977,55.7995,701,701,False,PAM-CON Pampia-Congo,5294
5294,22032,22032,560.0,-30.6121,173.372,-40.6711,701,701,False,PAM-CON,5295
5295,22032,22032,560.0,12.7468,-28.4088,-81.0856,101,101,False,PAM-LAU Pampia-Laurentia,5296
5296,22032,22032,1010.0,12.7468,-28.4088,-81.0856,101,101,False,PAM-LAU,5297
5297,22034,22034,0.0,90.0,0.0,0.0,22032,22032,False,Pampia,5298
5298,22034,22034,1010.0,90.0,0.0,0.0,22032,22032,False,Pampia,5299
5299,22041,22041,0.0,90.0,0.0,0.0,202,202,False,Northern RDLP,5300
5300,22041,22041,410.0,90.0,0.0,0.0,202,202,False,Northern RDLP,5301
5301,22041,22041,410.0,90.0,0.0,0.0,201,201,False,nRDLP-AMA Northern RDLP-Amazonia,5302
5302,22041,22041,520.0,90.0,0.0,0.0,201,201,False,nRDLP-AMA,5303
5303,22041,22041,520.0,49.0492,-31.1977,55.7995,701,701,False,nRDLP-CON Northern RDLP-Congo,5304
5304,22041,22041,550.0,75.9933,12.0098,59.1081,701,701,False,nRDLP-CON,5305
5305,22041,22041,590.0,60.71,91.86,91.06,701,701,False,nRDLP-CON,5306
5306,22041,22041,590.0,-0.09,120.01,149.52,101,101,False,nRDLP-LAU Northern RDLP-Laurentia,5307
5307,22041,22041,1100.0,-0.09,120.01,149.52,101,101,False,nRDLP-LAU,5308
5308,22042,22042,0.0,90.0,0.0,0.0,290,290,False,Southern RDLP (Salado Microplate),5309
5309,22042,22042,410.0,90.0,0.0,0.0,290,290,False,southern RDLP,5310
5310,22042,22042,410.0,33.02,119.48,-8.5,22041,22041,False,southern RDLP,5311
5311,22042,22042,1000.0,33.02,119.48,-8.5,22041,22041,False,southern RDLP,5312
5312,22042,22042,1010.0,33.02,119.48,-8.5,22041,22041,False,southern RDLP,5313
5313,22043,22043,0.0,90.0,0.0,0.0,202,202,False,Nico Perez Terrane,5314
5314,22043,22043,410.0,90.0,0.0,0.0,202,202,False,Nico Perez Terrane,5315
5315,22043,22043,410.0,90.0,0.0,0.0,22041,22041,False,Nico Perez Terrane,5316
5316,22043,22043,1000.0,90.0,0.0,0.0,22041,22041,False,Nico Perez Terrane,5317
5317,22043,22043,1010.0,90.0,0.0,0.0,22041,22041,False,Nico Perez Terrane,5318
5318,22052,22052,0.0,90.0,0.0,0.0,201,201,False,BOR-AMA Borborema-Amazonia,5319
5319,22052,22052,540.0,90.0,0.0,0.0,201,201,False,BOR-AMA,5320
5320,22052,22052,540.0,50.1848,-33.0235,55.2924,715,715,False,BOR-SMC Borborema-Sahara Metacraton,5321
5321,22052,22052,1010.0,50.1848,-33.0235,55.2924,715,715,False,BOR-SMC,5322
5322,22053,22053,0.0,90.0,0.0,0.0,201,201,False,PP-AMA Parana Panema-Amazonia,5323
5323,22053,22053,520.0,90.0,0.0,0.0,201,201,False,PP-AMA,5324
5324,22053,22053,520.0,90.0,0.0,0.0,22055,22055,False,PP-GM Parana Panema-Goias Massif,5325
5325,22053,22053,680.0,90.0,0.0,0.0,22055,22055,False,PP-GM,5326
5326,22053,22053,680.0,64.5013,5.4262,-4.8316,206,206,False,PP-SF Parana Panema-Sao Francisco,5327
5327,22053,22053,750.0,-49.1554,-73.2047,39.7918,206,206,False,PP-SF,5328
5328,22053,22053,750.0,0.67,103.22,-30.82,201,201,False,PP-AMA Parana Panema-Amazonia,5329
5329,22053,22053,1100.0,0.67,103.22,-30.82,201,201,False,PP-AMA,5330
5330,22054,22054,0.0,90.0,0.0,0.0,201,201,False,Fold belts around SF on eastern side of transbrasiliano lineament,5331
5331,22054,22054,410.0,90.0,0.0,0.0,201,201,False,Fold belts around SF on eastern side of transbrasiliano lineament,5332
5332,22054,22054,410.0,90.0,0.0,0.0,206,206,False,Fold belts around SF on eastern side of transbrasiliano lineament,5333
5333,22054,22054,1010.0,90.0,0.0,0.0,206,206,False,Fold belts around SF on eastern side of transbrasiliano lineament,5334
5334,22055,22055,0.0,90.0,0.0,0.0,201,201,False,Goias Massif,5335
5335,22055,22055,410.0,90.0,0.0,0.0,201,201,False,Goias Massif,5336
5336,22055,22055,410.0,90.0,0.0,0.0,206,206,False,Goias Massif,5337
5337,22055,22055,650.0,90.0,0.0,0.0,206,206,False,Goias Massif,5338
5338,22055,22055,680.0,64.5013,5.4262,-4.8316,206,206,False,Goias Massif,5339
5339,22055,22055,1010.0,64.5013,5.4262,-4.8316,206,206,False,Goias Massif,5340
5340,22056,22056,0.0,90.0,0.0,0.0,22052,22052,False,PEAL-NBB PEAL-North Borborema,5341
5341,22056,22056,950.0,90.0,0.0,0.0,22052,22052,False,PEAL-NBB PEAL-North Borborema,5342
5342,22056,22056,1000.0,1.5171000000000001,124.2402,17.5205,22052,22052,False,PEAL-NBB PEAL-North Borborema,5343
5343,22056,22056,1010.0,1.5171000000000001,124.2402,17.5205,22052,22052,False,PEAL-NBB PEAL-North Borborema,5344
5344,22601,22601,0.0,90.0,0.0,0.0,2901,2901,False,Southern Cuyania,5345
5345,22601,22601,410.0,90.0,0.0,0.0,2901,2901,False,CUY-PAM Cuyania (Precordillera)-Pampia Domeier (2016),5346
5346,22601,22601,410.0,33.02,119.48,-8.5,201,201,False,CUY-AMA Cuyania (Precordillera)-Amazonia Domeier (2016),5347
5347,22601,22601,450.0,33.02,119.48,-8.5,201,201,False,"CUY-AMA Domeier (2016), recalcualted relative to Amazonia",5348
5348,22601,22601,460.0,47.2157,129.6992,-19.9635,201,201,False,,5349
5349,22601,22601,500.0,-16.2688,-92.7312,-48.9357,201,201,False,"CUY-AMA, @xo_of",5350
5350,22601,22601,500.0,5.7443,-53.6626,-107.094,101,101,False,"CUY-AMA Domeier (2016), recalcualted relative to Laurentia",5351
5351,22601,22601,600.0,5.7443,-53.6626,-107.094,101,101,False,"CUY-AMA Domeier (2016), recalcualted relative to Laurentia",5352
5352,22601,22601,610.0,5.7443,-53.6626,-107.094,101,101,False,"CUY-AMA Domeier (2016), recalcualted relative to Laurentia",5353
5353,22602,22602,0.0,90.0,0.0,0.0,202,202,False,Northern Cuyania,5354
5354,22602,22602,410.0,90.0,0.0,0.0,202,202,False,Northern Cuyania,5355
5355,22602,22602,410.0,33.02,119.48,8.5,22601,22601,False,Northern Cuyania,5356
5356,22602,22602,1010.0,33.02,119.48,8.5,22601,22601,False,Northern Cuyania,5357
5357,28011,28011,0.0,90.0,0.0,0.0,28800,28800,False,SPB-FLI South Patagonian Batholith-Falkland Islands,5358
5358,28011,28011,610.0,90.0,0.0,0.0,28800,28800,False,SPB-DMB,5359
5359,28800,28800,0.0,90.0,0.0,0.0,283,283,False,DMB-NPM Deseado Massif Block-North Patagonian Massif,5360
5360,28800,28800,125.0,90.0,0.0,0.0,283,283,False,"DMB-NPM @REF Heine_++_2013 @DOI""10.5194/se-4-215-2013"" @AU""CHHEI"" @T""2011-Mar""	@absage",5361
5361,28800,28800,145.0,-41.11,-73.68,2.3,283,283,False,"DMB-NPM @REF Heine_++_2013 @DOI""10.5194/se-4-215-2013"" @AU""CHHEI; ALY"" @T""2012-01-05"" @absage",5362
5362,28800,28800,300.0,-41.11,-73.68,2.3,283,283,False,DMB-NPM End of Gondwanide collision Domeier & Torsvik 2014 KTM2014,5363
5363,28800,28800,310.0,-38.71,-73.48,-21.51,283,283,False,DMB-NPM Gondwanide collision Domeier & Torsvik 2014,5364
5364,28800,28800,342.0,16.6278,-91.6242,-16.5337,283,283,False,DMB-NPM,5365
5365,28800,28800,390.0,-78.0734,-48.0229,9.8845,283,283,False,"DMB-NPM Arequipa-Antofalla rifting @REF Bahlburg_Herve?_1997 @DOI""10.1130/0016-7606(1997)109<0869:GEATTO>2.3.CO;2""",5366
5366,28800,28800,610.0,-78.0734,-48.0229,9.8845,283,283,False,DMB-NPM,5367
5367,28900,28900,0.0,90.0,0.0,0.0,2881,2881,False,FIM-SJUB Falkland Islands/Malvinas Microplate-San Julian Block (deforming region),5368
5368,28900,28900,175.0,90.0,0.0,0.0,2881,2881,False,"FIM-SJUB @REF Heine_++_2013 @DOI""10.5194/se-4-215-2013"" @AU""CHHEI;ALY"" @T""2012-01-04"" @absage",5369
5369,28900,28900,250.0,90.0,0.0,0.0,2881,2881,False,FIM-SJUB  @absage @xo_ys,5370
5370,28900,28900,250.0,32.88,-30.2,58.4,701,701,False,FIM-AFR Falkland Islands/Malvinas Microplate-Africa  Heine et al. 2013,5371
5371,28900,28900,610.0,32.88,-30.2,58.4,701,701,False,FIM-AFR,5372
5372,29800,29800,0.0,90.0,0.0,0.0,28900,28900,False,"MEB-FIM Maurice Ewing Bank-Falkland Islands/Malvinas Microplate @C""specifed rel to FIM, was Gastre SAM before REF."" @REF""Macdonald.MPG.03""",5373
5373,29800,29800,124.1,90.0,0.0,0.0,28900,28900,False,MEB-FIM,5374
5374,29800,29800,140.0,-40.53,-52.32,-8.71,28900,28900,False,"MEB-FIM @REF Heine_++_2013 @DOI""10.5194/se-4-215-2013"" @AU""CHHEI"" @T""2012-07-03"" @C""XOVER"" @absage @xo_ys",5375
5375,29800,29800,140.0,47.93,-33.82,55.89,701,701,False,"MEB-FIM @REF Heine_++_2013 @DOI""10.5194/se-4-215-2013"" @AU""CHHEI"" @T""2012-07-03"" @C""Calculated interactively by GPlates"" @absage",5376
5376,29800,29800,610.0,47.93,-33.82,55.89,701,701,False,"MEB-AFR CHHEI2012  @REF Domeier_Torsvik_2014 @DOI""10.1016/j.gsf.2014.01.002""",5377
5377,41200,41200,0.0,90.0,0.0,0.0,401,401,False,SAO-SIB South Anuyi Ocean-Siberia,5378
5378,41200,41200,250.0,90.0,0.0,0.0,401,401,False,"SAO-SIB South Anuyi Ocean-Siberia @REF Shephard_++_2013, @DOI""10.1016/j.earscirev.2013.05.012""",5379
5379,42100,42100,0.0,90.0,0.0,0.0,101,101,False,NSDL-NAM Northern Siberian Shelf De Long Islands-North America,5380
5380,42100,42100,120.9,90.0,0.0,0.0,101,101,False,"NSDL-NAM @REF Shephard_++_2013, @DOI""10.1016/j.earscirev.2013.05.012""",5381
5381,42100,42100,126.6,-28.18,36.07,3.0,101,101,False,"NSDL-NAM @REF Shephard_++_2013, @DOI""10.1016/j.earscirev.2013.05.012""",5382
5382,42100,42100,129.3,-48.75,35.94,7.14,101,101,False,"NSDL-NAM @REF Shephard_++_2013, @DOI""10.1016/j.earscirev.2013.05.012""",5383
5383,42100,42100,131.5,-50.01,34.24,11.55,101,101,False,"NSDL-NAM @REF Shephard_++_2013, @DOI""10.1016/j.earscirev.2013.05.012""",5384
5384,42100,42100,138.0,-58.43,33.1,18.09,101,101,False,"NSDL-NAM @REF Shephard_++_2013, @DOI""10.1016/j.earscirev.2013.05.012""",5385
5385,42100,42100,142.5,-51.43,35.28,17.84,101,101,False,"NSDL-NAM @REF Shephard_++_2013, @DOI""10.1016/j.earscirev.2013.05.012""",5386
5386,42100,42100,195.0,-46.6,38.04,19.36,101,101,False,"NSDL-NAM @REF Shephard_++_2013, @DOI""10.1016/j.earscirev.2013.05.012""",5387
5387,42100,42100,610.0,-46.6,38.04,19.36,101,101,False,NSDL-NAM GS12,5388
5388,42101,42101,0.0,90.0,0.0,0.0,42100,42100,False,KSI-NSDL Kotel'nyi New Siberian Islands-Northern Siberian Shelf De Long Islands,5389
5389,42101,42101,610.0,90.0,0.0,0.0,42100,42100,False,KSI-NSDL GS12,5390
5390,42102,42102,0.0,90.0,0.0,0.0,42100,42100,False,NVB-NSDL Novaya Block-Northern Siberian Shelf De Long Islands,5391
5391,42102,42102,610.0,90.0,0.0,0.0,42100,42100,False,NVB-NSDL GS12,5392
5392,42103,42103,0.0,90.0,0.0,0.0,42100,42100,False,VTB-NSDL Vil'kitski Trough Basin-Northern Siberian Shelf De Long Islands,5393
5393,42103,42103,610.0,90.0,0.0,0.0,42100,42100,False,VTB-NSDL GS12,5394
5394,42150,42150,0.0,90.0,0.0,0.0,42100,42100,False,ESM-NSDL East Siberian Microplate-Northern Siberian Shelf De Long Islands,5395
5395,42150,42150,610.0,90.0,0.0,0.0,42100,42100,False,ESM-NSDL GS12,5396
5396,42200,42200,0.0,90.0,0.0,0.0,42100,42100,False,NSS2-NSDL Northern Siberian Shelf Province 2 general-Northern Siberian Shelf De Long Islands,5397
5397,42200,42200,300.0,90.0,0.0,0.0,42100,42100,False,NSS2-NSDL,5398
5398,42201,42201,0.0,90.0,0.0,0.0,42200,42200,False,SAN-NSS2 South Anuyi Block-Northern Siberian Shelf Province 2,5399
5399,42201,42201,250.0,90.0,0.0,0.0,42200,42200,False,"SAN-NSS2 @REF Shephard_++_2013, @DOI""10.1016/j.earscirev.2013.05.012""",5400
5400,42300,42300,0.0,90.0,0.0,0.0,103,103,False,WRA-NSL Wrangel Island (South of deformation zone) Province-North Slope Alaska,5401
5401,42300,42300,250.0,90.0,0.0,0.0,103,103,False,"WRA-NSL @REF Shephard_++_2013, @DOI""10.1016/j.earscirev.2013.05.012""	@xo_ys",5402
5402,42300,42300,250.0,-84.13,88.04,17.08,43300,43300,False,"WRA-CKP Wrangel Island (South of deformation zone) Province-Chukotka Peninsula  @REF Shephard_++_2013, @DOI""10.1016/j.earscirev.2013.05.012""",5403
5403,42300,42300,610.0,-84.13,88.04,17.08,43300,43300,False,WRA-CKP,5404
5404,42400,42400,0.0,90.0,0.0,0.0,401,401,False,LAP-SIB Laptev Sea Province 42400 general-Siberia,5405
5405,42400,42400,250.0,90.0,0.0,0.0,401,401,False,"LAP-SIB @REF Shephard_++_2013, @DOI""10.1016/j.earscirev.2013.05.012""",5406
5406,43101,43101,0.0,90.0,0.0,0.0,401,401,False,CVK-SIB Central Verkhoyansk Province general-Siberia,5407
5407,43101,43101,1010.0,90.0,0.0,0.0,401,401,False,"CVK-SIB Central Verkhoyansk Province general-Siberia @REF Shephard_++_2013, @DOI""10.1016/j.earscirev.2013.05.012""",5408
5408,43102,43102,0.0,90.0,0.0,0.0,401,401,False,WVK-SIB Western Verkhoyansk-Siberia,5409
5409,43102,43102,1010.0,90.0,0.0,0.0,401,401,False,"WVK-SIB Western Verkhoyansk Province general-Siberia @REF Shephard_++_2013, @DOI""10.1016/j.earscirev.2013.05.012""",5410
5410,43200,43200,0.0,90.0,0.0,0.0,101,101,False,KOST-NAM Kolyma-Omolon Superterrane Province general - North America,5411
5411,43200,43200,53.0,90.0,0.0,0.0,101,101,False,"KOST-NAM @REF Shephard_++_2013, @DOI""10.1016/j.earscirev.2013.05.012""  @xo_ys",5412
5412,43200,43200,53.0,-59.15,-36.66,-12.37,401,401,False,KOST-SIB Kolyma-Omolon Superterrane Province general - Siberia,5413
5413,43200,43200,140.0,-59.15,-36.66,-12.37,401,401,False,"KOST-SIB @REF Shephard_++_2013, @DOI""10.1016/j.earscirev.2013.05.012""",5414
5414,43200,43200,160.0,78.97,162.1,13.52,401,401,False,"KOST-SIB @REF Shephard_++_2013, @DOI""10.1016/j.earscirev.2013.05.012""",5415
5415,43200,43200,1100.0,78.97,162.1,13.52,401,401,False,KOST-SIB GS12,5416
5416,43201,43201,0.0,90.0,0.0,0.0,43200,43200,False,OMT-KOST Omolon Province - Kolyma-Omolon Superterrane,5417
5417,43201,43201,165.0,90.0,0.0,0.0,43200,43200,False,"OMT-KOST @REF Shephard_++_2013, @DOI""10.1016/j.earscirev.2013.05.012""",5418
5418,43201,43201,180.0,45.06,-91.81,2.6,43200,43200,False,"OMT-KOST @REF Shephard_++_2013, @DOI""10.1016/j.earscirev.2013.05.012""",5419
5419,43201,43201,1100.0,45.06,-91.81,2.6,43200,43200,False,OMT-KOST GS12,5420
5420,43202,43202,0.0,90.0,0.0,0.0,43200,43200,False,CHE-KOST Chersky Range - Kolyma-Omolon Superterrane Province general,5421
5421,43202,43202,610.0,90.0,0.0,0.0,43200,43200,False,CHE-KOST GS12,5422
5422,43203,43203,0.0,90.0,0.0,0.0,43201,43201,False,PRK-OMT Prikolyma Terrane-Omolon Terrane,5423
5423,43203,43203,610.0,90.0,0.0,0.0,43201,43201,False,"PRK-OMT Prikolyma Terrane - Omolon Terrane @REF Shephard_++_2013, @DOI""10.1016/j.earscirev.2013.05.012""",5424
5424,43204,43204,0.0,90.0,0.0,0.0,43200,43200,False,OMU-KOST Omulevka Terrane - Kolyma-Omolon Superterrane,5425
5425,43204,43204,610.0,90.0,0.0,0.0,43200,43200,False,"OMU-KOST Omulevka Terrane - Kolyma-Omolon Superterrane @REF Shephard_++_2013, @DOI""10.1016/j.earscirev.2013.05.012""",5426
5426,43205,43205,0.0,90.0,0.0,0.0,43200,43200,False,ALZ-KOST Alazeya Terrane - Kolyma-Omolon Superterrane,5427
5427,43205,43205,610.0,90.0,0.0,0.0,43200,43200,False,"ALZ-KOST Alazeya Terrane - Kolyma-Omolon Superterrane @REF Shephard_++_2013, @DOI""10.1016/j.earscirev.2013.05.012""",5428
5428,43206,43206,0.0,90.0,0.0,0.0,43201,43201,False,OLO-OMT Oloy Terrane-Omolon Terrane,5429
5429,43206,43206,610.0,90.0,0.0,0.0,43201,43201,False,"OLO-OMT Oloy Terrane - Omolon Terrane @REF Shephard_++_2013, @DOI""10.1016/j.earscirev.2013.05.012""",5430
5430,43207,43207,0.0,90.0,0.0,0.0,43201,43201,False,YRK-OMT Yarakvaam Terrane - Omolon Terrane,5431
5431,43207,43207,610.0,90.0,0.0,0.0,43201,43201,False,"YRK-OMT Yarakvaam Terrane - Omolon Terrane @REF Shephard_++_2013, @DOI""10.1016/j.earscirev.2013.05.012""",5432
5432,43300,43300,0.0,90.0,0.0,0.0,42100,42100,False,CSBP-NSDL Chukotka Peninsula and South Bering Sea Province general-Northern Siberian Shelf De Long Islands,5433
5433,43300,43300,610.0,90.0,0.0,0.0,42100,42100,False,"CSBP-NSDL Chukotka Peninsula and South Bering Sea Province general-Northern Siberian Shelf De Long Islands @REF Shephard_++_2013, @DOI""10.1016/j.earscirev.2013.05.012""",5434
5434,43301,43301,0.0,90.0,0.0,0.0,43300,43300,False,BSE-CSBP Bering Strait East (Nome Alaska)-Chukotka Peninsula and South Bering Sea Province,5435
5435,43301,43301,610.0,90.0,0.0,0.0,43300,43300,False,"BSE-CSBP Bering Strait East (Nome Alaska)-Chukotka Peninsula and South Bering Sea Province @REF Shephard_++_2013, @DOI""10.1016/j.earscirev.2013.05.012""",5436
5436,43400,43400,0.0,90.0,0.0,0.0,401,401,False,VOP-SIB Viligia/Okhotsk Province general-Siberia,5437
5437,43400,43400,120.0,90.0,0.0,0.0,401,401,False,"VOP-SIB @REF Shephard_++_2013, @DOI""10.1016/j.earscirev.2013.05.012""",5438
5438,43400,43400,200.0,-2.37,57.35,-3.69,401,401,False,"VOP-SIB @REF Shephard_++_2013, @DOI""10.1016/j.earscirev.2013.05.012""",5439
5439,43400,43400,610.0,-2.37,57.35,-3.69,401,401,False,"VOP-SIB Viligia/Okhotsk Province 43400 general-Siberia @REF Shephard_++_2013, @DOI""10.1016/j.earscirev.2013.05.012""",5440
5440,44100,44100,0.0,90.0,0.0,0.0,406,406,False,EKAM-KAM East Kamchatka and Vetlovskiy Terranes-Kamchatka peninsula,5441
5441,44100,44100,610.0,90.0,0.0,0.0,406,406,False,"EKAM-KAM East Kamchatka and Vetlovskiy Terranes-Kamchatka peninsula @REF Shephard_++_2013, @DOI""10.1016/j.earscirev.2013.05.012""",5442
5442,44101,44101,0.0,90.0,0.0,0.0,43200,43200,False,NKAM-KOST North Kamchatka-Kolyma-Omolon Superterrane Province,5443
5443,44101,44101,610.0,90.0,0.0,0.0,43200,43200,False,NKAM-KOST North Kamchatka-Kolyma-Omolon Superterrane Province,5444
5444,44102,44102,0.0,90.0,0.0,0.0,44101,44101,False,KKAM-NKAM Koryak/Kamchatka-North Kamchatka,5445
5445,44102,44102,610.0,90.0,0.0,0.0,44101,44101,False,"KKAM-NKAM @REF Shephard_++_2013, @DOI""10.1016/j.earscirev.2013.05.012""",5446
5446,44103,44103,0.0,90.0,0.0,0.0,44101,44101,False,KAMO-NKAM East Kamchatka/Okhotsk-North Kamchatka,5447
5447,44103,44103,610.0,90.0,0.0,0.0,44101,44101,False,"KAMO-NKAM @REF Shephard_++_2013, @DOI""10.1016/j.earscirev.2013.05.012""",5448
5448,50302,50302,0.0,90.0,0.0,0.0,503,503,False,Omani basement,5449
5449,50302,50302,1010.0,90.0,0.0,0.0,503,503,False,Omani Basement,5450
5450,50501,50501,0.0,90.0,0.0,0.0,505,505,False,INCT-IRN iso north of Cimmerian terranes,5451
5451,50501,50501,1100.0,90.0,0.0,0.0,505,505,False,iso north of Cimmerian terranes  Mller et al. (2016),5452
5452,50601,50601,0.0,90.0,0.0,0.0,506,506,False,HEL-AFF Helmand-Farah,5453
5453,50601,50601,1010.0,90.0,0.0,0.0,506,506,False,HEL-AFF,5454
5454,50602,50602,0.0,90.0,0.0,0.0,50601,50601,False,MAK-HEL Makran-Helmand,5455
5455,50602,50602,610.0,90.0,0.0,0.0,50601,50601,False,MAK-HEL,5456
5456,53001,53001,0.0,-52.9992,138.9854,-58.3587,530,530,False,CMT3-LHA @REF Matthews_++_in prep @absage,5457
5457,53001,53001,190.0,-52.9992,138.9854,-58.3587,530,530,False,CMT3-LHA @REF Matthews_++_in prep @absage  @xo_os,5458
5458,53001,53001,190.0,76.46,161.37,-1.03,606,606,False,CMT3-LHA @REF Matthews_++_in prep @absage,5459
5459,53001,53001,1100.0,-76.46,-18.63,1.03,606,606,False,CMT3-LHA @absage,5460
5460,53401,53401,0.0,90.0,0.0,0.0,534,534,False,CMT4-CMT2 @absage,5461
5461,53401,53401,1100.0,90.0,0.0,0.0,534,534,False,CMT4-CMT2 @absage,5462
5462,58011.0,58011.0,0.0,40.7355,-2.3393,56.822,505.0,505.0,0.0,,5463.0
5463,58011,58011,250.0,47.915,7.6586,62.61,505,505,False,Mazar-Kangxiwar BAB Isochron @xo_of,5464
5464,59011,59011,0.0,90.0,0.0,0.0,715,715,False,Tokar Barka to Arabia,5465
5465,59011,59011,410.0,90.0,0.0,0.0,715,715,False,Covered Tokar Barka,5466
5466,59011,59011,410.0,90.0,0.0,0.0,5901,5901,False,Covered Tokar Barka,5467
5467,59011,59011,1000.0,90.0,0.0,0.0,5901,5901,False,Covered Tokar Barka,5468
5468,59011,59011,1010.0,90.0,0.0,0.0,5901,5901,False,Covered Tokar Barka,5469
5469,59061,59061,0.0,90.0,0.0,0.0,508,508,False,Midyan to Arabia,5470
5470,59061,59061,600.0,90.0,0.0,0.0,508,508,False,Covered Midyan,5471
5471,59061,59061,600.0,33.0,20.9999,-3.0,5906,5906,False,Covered Midyan,5472
5472,59061,59061,1010.0,33.0,20.9999,-3.0,5906,5906,False,Covered Midyan,5473
5473,59161,59161,0.0,90.0,0.0,0.0,715,715,False,SALMC-SMC Sa'al Metamorphic Complex-Sahara Metacraton,5474
5474,59161,59161,410.0,90.0,0.0,0.0,715,715,False,SALMC-SMC,5475
5475,59161,59161,410.0,30.0516,23.6575,12.0352,508,508,False,SALMC-SAL Sa'al Metamorphic Complex-SAL,5476
5476,59161,59161,1010.0,30.0516,23.6575,12.0352,508,508,False,SALMC-SAL,5477
5477,60112,60112,410.0,90.0,0.0,0.0,6013,6013,False,Subduction under North Qinling,5478
5478,60112,60112,510.0,90.0,0.0,0.0,6013,6013,False,Subduction under North Qinling,5479
5479,60201,60201,0.0,90.0,0.0,0.0,602,602,False,HAI-SCH Hainan Island-South China,5480
5480,60201,60201,37.0,90.0,0.0,0.0,602,602,False,"HAI-SCH @REF Zahirovic_++_2014 @DOI""10.5194/se-5-227-2014"", Opening of Beibuwan Basin from 70 to 30 Ma  @absage",5481
5481,60201,60201,66.0,-51.8,43.08,0.92,602,602,False,"HAI-SCH @REF Zahirovic_++_2014 @DOI""10.5194/se-5-227-2014"", Opening of Beibuwan Basin from 70 to 30 Ma  @absage",5482
5482,60201,60201,1010.0,-51.8,43.08,0.92,602,602,False,HAI-SCH,5483
5483,60301,60301,0.0,90.0,0.0,0.0,604,604,False,SWA-ICB Sukhothai terrane- Annamia,5484
5484,60301,60301,230.0,90.0,0.0,0.0,604,604,False,SWA-ICB SW Annamia subduction zone/backarc plate-Cimmerian-Neotethys Plate  @ref Singharajwarapan & Berry 2000,5485
5485,60301,60301,250.0,37.8938,101.4927,-18.9093,604,604,False,SWA-IBC Sukhothai terrane-Annamia,5486
5486,60301,60301,270.0,24.1836,-106.638,-11.3902,604,604,False,"SWA-ICB Permian extension of Nan BAB @REF Singharajwarapana_and_Berry_2000 @DOI""10.1016/S1367-9120(00)00017-1""",5487
5487,60301,60301,300.0,70.9028,-81.5825,-1.4378,604,604,False,SWA-ICB,5488
5488,60301,60301,1010.0,70.9028,-81.5825,-1.4378,604,604,False,SWA-ICB,5489
5489,60302,60302,0.0,90.0,0.0,0.0,603,603,False,MP2-SBM Malay Peninsula 2-Sino Burma Malaya,5490
5490,60302,60302,1010.0,90.0,0.0,0.0,603,603,False,MP2-SBM,5491
5491,60401,60401,0.0,90.0,0.0,0.0,604,604,False,SIM-ICH Simao-Indochina,5492
5492,60401,60401,1010.0,90.0,0.0,0.0,604,604,False,SIM-ICH Simao (Metcalfe 1994)-Indochina,5493
5493,60402,60402,0.0,90.0,0.0,0.0,60401,60401,False,SICH-ICH South Indochina-Indochina following @REF Hall_2002,5494
5494,60402,60402,1010.0,90.0,0.0,0.0,60401,60401,False,SICH-ICH South Indochina-Indochina following Hall 2002,5495
5495,60403,60403,0.0,90.0,0.0,0.0,604,604,False,ICH1-ICH Indochina sliver 1 - Indochina (Khorat platform),5496
5496,60403,60403,15.0,90.0,0.0,0.0,604,604,False,"ICH1-ICH @REF Zahirovic_++_2014 @DOI""10.5194/se-5-227-2014"" @absage",5497
5497,60403,60403,44.0,-63.56,51.45,-0.08,604,604,False,"ICH1-ICH @REF Zahirovic_++_2014 @DOI""10.5194/se-5-227-2014"" Inferred internal deformation concurrent with RRF based on timings from @REF Lee_Lawver_1995 @DOI""10.1016/0040-1951(95)00023-2"" @absage",5498
5498,60403,60403,1010.0,-63.56,51.45,-0.08,604,604,False,"ICH1-ICH @REF Zahirovic_++_2014 @DOI""10.5194/se-5-227-2014""",5499
5499,60404,60404,0.0,90.0,0.0,0.0,60403,60403,False,ICH2-ICH1 Indochina sliver 2 - Indochina sliver 1,5500
5500,60404,60404,15.0,90.0,0.0,0.0,60403,60403,False,"ICH2-ICH1 @REF Zahirovic_++_2014 @DOI""10.5194/se-5-227-2014"" @absage",5501
5501,60404,60404,44.0,-25.73,-62.87,-1.1,60403,60403,False,"ICH2-ICH1 @REF Zahirovic_++_2014 @DOI""10.5194/se-5-227-2014"" Inferred internal deformation concurrent with RRF based on timings from @REF Lee_Lawver_1995 @DOI""10.1016/0040-1951(95)00023-2"" @absage",5502
5502,60404,60404,1010.0,-25.73,-62.87,-1.1,60403,60403,False,"ICH2-ICH1 @REF Zahirovic_++_2014 @DOI""10.5194/se-5-227-2014""",5503
5503,60405,60405,0.0,90.0,0.0,0.0,60404,60404,False,ICH3-ICH2 Indochina sliver 3 - Indochina sliver 2,5504
5504,60405,60405,15.0,90.0,0.0,0.0,60404,60404,False,"ICH3-ICH2 @REF Zahirovic_++_2014 @DOI""10.5194/se-5-227-2014"" @absage",5505
5505,60405,60405,44.0,15.62,-112.61,1.09,60404,60404,False,"ICH3-ICH2 @REF Zahirovic_++_2014 @DOI""10.5194/se-5-227-2014"" Inferred internal deformation concurrent with RRF based on timings from @REF Lee_Lawver_1995 @DOI""10.1016/0040-1951(95)00023-2"" @absage",5506
5506,60405,60405,1010.0,15.62,-112.61,1.09,60404,60404,False,"ICH3-ICH2 @REF Zahirovic_++_2014 @DOI""10.5194/se-5-227-2014""",5507
5507,60406,60406,0.0,90.0,0.0,0.0,60405,60405,False,ICH4-ICH3 Indochina sliver 4 - Indochina sliver 3,5508
5508,60406,60406,15.0,90.0,0.0,0.0,60405,60405,False,ICH4-ICH3 @absage,5509
5509,60406,60406,44.0,-19.83,-77.57,5.16,60405,60405,False,"ICH5-ICH3 @REF Zahirovic_++_2014 @DOI""10.5194/se-5-227-2014"" @absage",5510
5510,60406,60406,1010.0,-19.83,-77.57,5.16,60405,60405,False,ICH4-ICH3,5511
5511,60601,60601,0.0,90.0,0.0,0.0,616,616,False,INCT-LHA iso north of Cimmerian terranes,5512
5512,60601,60601,1100.0,90.0,0.0,0.0,616,616,False,isoisochrons north of Cimmerian terranes,5513
5513,61401,61401,0.0,90.0,0.0,0.0,614,614,False,KLM4-KLM Kalimantan 4-Kalimantan (Borneo core),5514
5514,61401,61401,250.0,90.0,0.0,0.0,614,614,False,KLM4-KLM,5515
5515,61403,61403,0.0,90.0,0.0,0.0,614,614,False,CRF-KLM Crocker Formation-Kalimantan (Borneo core),5516
5516,61403,61403,250.0,90.0,0.0,0.0,614,614,False,CRF-KLM,5517
5517,61404,61404,0.0,90.0,0.0,0.0,613,613,False,LUC-SCS Luconia-Southside South China Sea,5518
5518,61404,61404,250.0,90.0,0.0,0.0,613,613,False,LUC-SCS Luconia-Southside South China Sea,5519
5519,61404,61404,1010.0,90.0,0.0,0.0,613,613,False,LUC-SCS,5520
5520,61405,61405,0.0,90.0,0.0,0.0,614,614,False,EKLM-KLM Easternmost Kalimantan-Kalimantan (Borneo core),5521
5521,61405,61405,80.0,90.0,0.0,0.0,614,614,False,"EKLM-KLM @REF Zahirovic_++_2014 @DOI""10.5194/se-5-227-2014"" @xo_ys",5522
5522,61405,61405,80.0,71.63,-12.7,-5.29,736,736,False,"EKLM-EJAV Easternmost Kalimantan-East Java, Final suturing along Luk-Ulo-Meratus  @REF Zahirovic_++_2014 @DOI""10.5194/se-5-227-2014""",5523
5523,61405,61405,90.0,0.23,-69.72,36.21,736,736,False,"EKLM-EJAV @REF Zahirovic_++_2014 @DOI""10.5194/se-5-227-2014""",5524
5524,61405,61405,110.0,3.55,-66.27,86.78,736,736,False,"EKLM-EJAV @REF Zahirovic_++_2014 @DOI""10.5194/se-5-227-2014"" Collision with intra-oceanic subduction zone",5525
5525,61405,61405,610.0,3.55,-66.27,86.78,736,736,False,EKLM-EJAV,5526
5526,61406,61406,0.0,90.0,0.0,0.0,61407,61407,False,SPAL2-SAB South Palawan 2 - Sabah,5527
5527,61406,61406,65.0,-6.64,-62.69,54.07,61407,61407,False,"SPAL2-SAB @REF Zahirovic_++_2014 @DOI""10.5194/se-5-227-2014"" @absage",5528
5528,61406,61406,250.0,-6.64,-62.69,54.07,61407,61407,False,"SPAL2-SAB @REF Zahirovic_++_2014 @DOI""10.5194/se-5-227-2014""",5529
5529,61407,61407,0.0,90.0,0.0,0.0,61413,61413,False,SAB-KLM1 Sabah-Kalimantan 1,5530
5530,61407,61407,45.0,-5.92,-62.68,-63.43,61413,61413,False,"SAB-KLM1 @REF Zahirovic_++_2014 @DOI""10.5194/se-5-227-2014"" @absage",5531
5531,61407,61407,50.0,-4.45,-60.43,-55.83,61413,61413,False,"SAB-KLM1 @REF Zahirovic_++_2014 @DOI""10.5194/se-5-227-2014"" @absage",5532
5532,61407,61407,55.0,-1.24,-55.83,-40.53,61413,61413,False,"SAB-KLM1 @REF Zahirovic_++_2014 @DOI""10.5194/se-5-227-2014"" @absage",5533
5533,61407,61407,65.0,-2.03,-57.2,-44.6,61413,61413,False,"SAB-KLM1 @REF Zahirovic_++_2014 @DOI""10.5194/se-5-227-2014"" @absage",5534
5534,61407,61407,200.0,-2.03,-57.2,-44.6,61413,61413,False,SAB-KLM1,5535
5535,61411,61411,0.0,90.0,0.0,0.0,735,735,False,KLM2-SEM Kalimantan 2 - Semitau,5536
5536,61411,61411,200.0,90.0,0.0,0.0,735,735,False,KLM2-SEM,5537
5537,61412,61412,0.0,90.0,0.0,0.0,61411,61411,False,KLM3-KLM2 Kalimantan 3 - Kalimantan 2,5538
5538,61412,61412,45.0,90.0,0.0,0.0,61411,61411,False,"KLM3-KLM2 @REF Zahirovic_++_2014 @DOI""10.5194/se-5-227-2014"" @absage",5539
5539,61412,61412,65.0,-1.01,-67.07,51.2,61411,61411,False,"KLM3-KLM2 @REF Zahirovic_++_2014 @DOI""10.5194/se-5-227-2014"" @absage",5540
5540,61412,61412,200.0,-1.01,-67.07,51.2,61411,61411,False,KLM3-KLM2,5541
5541,61413,61413,0.0,90.0,0.0,0.0,61412,61412,False,KLM1-KLM3 Kalimantan 1 (Accretionary prism) - Kalimantan 3,5542
5542,61413,61413,200.0,90.0,0.0,0.0,61412,61412,False,KLM1-KLM3,5543
5543,61501,61501,0.0,90.0,0.0,0.0,615,615,False,BH1-PNG Bird's Head Plate 1 - Papua New Guinea,5544
5544,61501,61501,10.0,4.77,-45.83,16.51,615,615,False,"BH1-PNG Flexure of Proto Banda Sea slab leading to rotation of Bird's Head, following @REF Heine_++_2012 @absage",5545
5545,61501,61501,1010.0,4.77,-45.83,16.51,615,615,False,BH1-PNG,5546
5546,61502,61502,0.0,90.0,0.0,0.0,61501,61501,False,BH2-BH1 Bird's Head Plate 2 - Bird's Head Plate 1,5547
5547,61502,61502,142.0,90.0,0.0,0.0,61501,61501,False,"BH2-BH1 @REF Zahirovic_++_2014 @DOI""10.5194/se-5-227-2014"" @absage",5548
5548,61502,61502,155.0,1.73,-44.3,-19.12,61501,61501,False,"BH2-BH1 @REF Zahirovic_++_2014 @DOI""10.5194/se-5-227-2014"" @absage",5549
5549,61502,61502,1010.0,1.73,-44.3,-19.12,61501,61501,False,BH2-BH1,5550
5550,61601,61601,0.0,90.0,0.0,0.0,616,616,False,WQIA-EQIA West Qiangtang-East Qiangtang,5551
5551,61601,61601,250.0,90.0,0.0,0.0,616,616,False,WQIA-EQIA West Qiangtang (South Qiangtang)-(North Qiangtang/North Tibet)),5552
5552,61601,61601,275.0,38.2773,87.6282,-38.6357,616,616,False,WQIA-EQIA West Qiangtang (South Qiangtang)-(North Qiangtang/North Tibet)),5553
5553,61601,61601,275.0,47.3942,178.675,-10.9776,501,501,False,WQIA-EQIA West Qiangtang (South Qiangtang)-East Qiangtang,5554
5554,61601,61601,1010.0,47.3942,178.675,-10.9776,501,501,False,WQIA-IND  @REF Zahirovic_++_InPrep,5555
5555,61602,61602,0.0,90.0,0.0,0.0,606,606,False,AMD-LHA Amdo-Lhasa,5556
5556,61602,61602,610.0,90.0,0.0,0.0,606,606,False,AMD-LHA,5557
5557,64701,64701,0.0,90.0,0.0,0.0,647,647,False,MLP2-MLP East Malay Peninsula (east of Bentong-Raub Suture)-Malay Peninsula,5558
5558,64701,64701,190.0,40.9685,117.896,-11.0035,647,647,False,MLP2-MLP,5559
5559,64701,64701,275.0,40.9685,117.896,-11.0035,647,647,False,MLP2-MLP,5560
5560,64701,64701,410.0,40.9685,117.896,-11.0035,647,647,False,MLP2-MLP,5561
5561,64701,64701,410.0,6.7836,123.414,74.4233,801,801,False,MLP2-MLP East Malay Peninsula (east of Bentong-Raub Suture)-Malay Peninsula,5562
5562,64701.0,64701.0,1010.0,-4.8792,-54.7062,-70.0309,801.0,801.0,0.0,,5563.0
5563,65702,65702,0.0,90.0,0.0,0.0,657,657,False,EJAV1-EJAV Easternmost Java (recent arc)-East (central) Java,5564
5564,65702,65702,250.0,90.0,0.0,0.0,657,657,False,EJAV1-EJAV,5565
5565,67301,67301,0.0,90.0,0.0,0.0,673,673,False,NWSUM1-SUM Northwest Sumatra 1 - North Sumatra,5566
5566,67301,67301,1010.0,90.0,0.0,0.0,673,673,False,NWSUM1-SUM,5567
5567,67302,67302,0.0,90.0,0.0,0.0,673,673,False,NWSUM2-SUM Northwest Sumatra 2 - North Sumatra,5568
5568,67302,67302,1010.0,90.0,0.0,0.0,673,673,False,NWSUM2-SUM,5569
5569,67303,67303,0.0,90.0,0.0,0.0,673,673,False,SUN-SUM Sunda Oroclines,5570
5570,67303,67303,10.0,90.0,0.0,0.0,673,673,False,"SUN-SUM @REF Zahirovic_++_2014 @DOI""10.5194/se-5-227-2014"" @absage",5571
5571,67303,67303,25.0,2.1,104.94,-7.21,673,673,False,"SUN-SUM @REF Zahirovic_++_2014 @DOI""10.5194/se-5-227-2014"" @absage",5572
5572,67303,67303,50.0,-2.1,-75.06,11.21,673,673,False,"SUN-SUM @REF Zahirovic_++_2014 @DOI""10.5194/se-5-227-2014"" @absage",5573
5573,67303,67303,250.0,-2.1,-75.06,11.21,673,673,False,"SUN-SUM @REF Zahirovic_++_2014 @DOI""10.5194/se-5-227-2014""",5574
5574,67304,67304,0.0,90.0,0.0,0.0,67303,67303,False,"SUN-SUN @REF Zahirovic_++_2014 @DOI""10.5194/se-5-227-2014"", Sunda Oroclines",5575
5575,67304,67304,10.0,90.0,0.0,0.0,67303,67303,False,"SUN-SUN @REF Zahirovic_++_2014 @DOI""10.5194/se-5-227-2014"" @absage",5576
5576,67304,67304,25.0,1.55,105.43,-6.97,67303,67303,False,"SUN-SUN @REF Zahirovic_++_2014 @DOI""10.5194/se-5-227-2014"" @absage",5577
5577,67304,67304,50.0,-1.55,-74.57,10.84,67303,67303,False,"SUN-SUN @REF Zahirovic_++_2014 @DOI""10.5194/se-5-227-2014"" @absage",5578
5578,67304,67304,250.0,-1.55,-74.57,10.84,67303,67303,False,"SUN-SUN @REF Zahirovic_++_2014 @DOI""10.5194/se-5-227-2014""",5579
5579,67305,67305,0.0,90.0,0.0,0.0,67304,67304,False,"SUN-SUN @REF Zahirovic_++_2014 @DOI""10.5194/se-5-227-2014"", Sunda Oroclines",5580
5580,67305,67305,10.0,90.0,0.0,0.0,67304,67304,False,"SUN-SUN @REF Zahirovic_++_2014 @DOI""10.5194/se-5-227-2014"" @absage",5581
5581,67305,67305,25.0,0.89,106.38,-0.68,67304,67304,False,"SUN-SUN @REF Zahirovic_++_2014 @DOI""10.5194/se-5-227-2014"" @absage",5582
5582,67305,67305,50.0,-0.89,-73.62,1.06,67304,67304,False,"SUN-SUN @REF Zahirovic_++_2014 @DOI""10.5194/se-5-227-2014"" @absage",5583
5583,67305,67305,250.0,-0.89,-73.62,1.06,67304,67304,False,"SUN-SUN @REF Zahirovic_++_2014 @DOI""10.5194/se-5-227-2014""",5584
5584,67306,67306,0.0,90.0,0.0,0.0,67305,67305,False,"SUN-SUN @REF Zahirovic_++_2014 @DOI""10.5194/se-5-227-2014"", Sunda Oroclines",5585
5585,67306,67306,10.0,90.0,0.0,0.0,67305,67305,False,"SUN-SUN @REF Zahirovic_++_2014 @DOI""10.5194/se-5-227-2014"" @absage",5586
5586,67306,67306,25.0,0.31,106.24,-2.47,67305,67305,False,"SUN-SUN @REF Zahirovic_++_2014 @DOI""10.5194/se-5-227-2014"" @absage",5587
5587,67306,67306,50.0,-0.31,-73.76,3.84,67305,67305,False,"SUN-SUN @REF Zahirovic_++_2014 @DOI""10.5194/se-5-227-2014"" @absage",5588
5588,67306,67306,250.0,-0.31,-73.76,3.84,67305,67305,False,"SUN-SUN @REF Zahirovic_++_2014 @DOI""10.5194/se-5-227-2014""",5589
5589,67307,67307,0.0,90.0,0.0,0.0,67306,67306,False,"SUN-SUN @REF Zahirovic_++_2014 @DOI""10.5194/se-5-227-2014"", Sunda Oroclines",5590
5590,67307,67307,10.0,90.0,0.0,0.0,67306,67306,False,"SUN-SUN @REF Zahirovic_++_2014 @DOI""10.5194/se-5-227-2014"" @absage",5591
5591,67307,67307,25.0,0.1,-73.06,2.39,67306,67306,False,"SUN-SUN @REF Zahirovic_++_2014 @DOI""10.5194/se-5-227-2014"" @absage",5592
5592,67307,67307,50.0,0.1,-73.06,3.7199999999999998,67306,67306,False,"SUN-SUN @REF Zahirovic_++_2014 @DOI""10.5194/se-5-227-2014"" @absage",5593
5593,67307,67307,250.0,0.1,-73.06,3.7199999999999998,67306,67306,False,"SUN-SUN @REF Zahirovic_++_2014 @DOI""10.5194/se-5-227-2014""",5594
5594,67308,67308,0.0,90.0,0.0,0.0,67307,67307,False,"SUN-SUN @REF Zahirovic_++_2014 @DOI""10.5194/se-5-227-2014"", Sunda Oroclines",5595
5595,67308,67308,10.0,90.0,0.0,0.0,67307,67307,False,"SUN-SUN @REF Zahirovic_++_2014 @DOI""10.5194/se-5-227-2014"" @absage",5596
5596,67308,67308,25.0,0.14,-72.58,3.05,67307,67307,False,"SUN-SUN @REF Zahirovic_++_2014 @DOI""10.5194/se-5-227-2014"" @absage",5597
5597,67308,67308,50.0,0.14,-72.58,4.75,67307,67307,False,"SUN-SUN @REF Zahirovic_++_2014 @DOI""10.5194/se-5-227-2014"" @absage",5598
5598,67308,67308,250.0,0.14,-72.58,4.75,67307,67307,False,"SUN-SUN @REF Zahirovic_++_2014 @DOI""10.5194/se-5-227-2014""",5599
5599,67309,67309,0.0,90.0,0.0,0.0,67308,67308,False,"SUN-SUN @REF Zahirovic_++_2014 @DOI""10.5194/se-5-227-2014"", Sunda Oroclines",5600
5600,67309,67309,10.0,90.0,0.0,0.0,67308,67308,False,"SUN-SUN @REF Zahirovic_++_2014 @DOI""10.5194/se-5-227-2014"" @absage",5601
5601,67309,67309,25.0,0.78,-72.5,4.96,67308,67308,False,"SUN-SUN @REF Zahirovic_++_2014 @DOI""10.5194/se-5-227-2014"" @absage",5602
5602,67309,67309,50.0,0.78,-72.5,7.72,67308,67308,False,"SUN-SUN @REF Zahirovic_++_2014 @DOI""10.5194/se-5-227-2014"" @absage",5603
5603,67309,67309,250.0,0.78,-72.5,7.72,67308,67308,False,"SUN-SUN @REF Zahirovic_++_2014 @DOI""10.5194/se-5-227-2014""",5604
5604,67310,67310,0.0,90.0,0.0,0.0,67309,67309,False,"SUN-SUN @REF Zahirovic_++_2014 @DOI""10.5194/se-5-227-2014"", Sunda Oroclines",5605
5605,67310,67310,10.0,90.0,0.0,0.0,67309,67309,False,"SUN-SUN @REF Zahirovic_++_2014 @DOI""10.5194/se-5-227-2014"" @absage",5606
5606,67310,67310,25.0,1.42,-73.41,4.37,67309,67309,False,"SUN-SUN @REF Zahirovic_++_2014 @DOI""10.5194/se-5-227-2014"" @absage",5607
5607,67310,67310,50.0,1.42,-73.41,6.8,67309,67309,False,"SUN-SUN @REF Zahirovic_++_2014 @DOI""10.5194/se-5-227-2014"" @absage",5608
5608,67310,67310,250.0,1.42,-73.41,6.8,67309,67309,False,"SUN-SUN @REF Zahirovic_++_2014 @DOI""10.5194/se-5-227-2014""",5609
5609,67311,67311,0.0,90.0,0.0,0.0,67310,67310,False,"SUN-SUN @REF Zahirovic_++_2014 @DOI""10.5194/se-5-227-2014"", Sunda Oroclines",5610
5610,67311,67311,10.0,90.0,0.0,0.0,67310,67310,False,"SUN-SUN @REF Zahirovic_++_2014 @DOI""10.5194/se-5-227-2014"" @absage",5611
5611,67311,67311,25.0,1.03,-73.26,5.41,67310,67310,False,"SUN-SUN @REF Zahirovic_++_2014 @DOI""10.5194/se-5-227-2014"" @absage",5612
5612,67311,67311,50.0,1.03,-73.26,8.41,67310,67310,False,"SUN-SUN @REF Zahirovic_++_2014 @DOI""10.5194/se-5-227-2014"" @absage",5613
5613,67311,67311,250.0,1.03,-73.26,8.41,67310,67310,False,"SUN-SUN @REF Zahirovic_++_2014 @DOI""10.5194/se-5-227-2014""",5614
5614,67312,67312,0.0,90.0,0.0,0.0,67311,67311,False,"SUN-SUN @REF Zahirovic_++_2014 @DOI""10.5194/se-5-227-2014"", Sunda Oroclines",5615
5615,67312,67312,10.0,90.0,0.0,0.0,67311,67311,False,"SUN-SUN @REF Zahirovic_++_2014 @DOI""10.5194/se-5-227-2014"" @absage",5616
5616,67312,67312,25.0,1.28,-72.98,3.45,67311,67311,False,"SUN-SUN @REF Zahirovic_++_2014 @DOI""10.5194/se-5-227-2014"" @absage",5617
5617,67312,67312,50.0,1.28,-72.98,5.36,67311,67311,False,"SUN-SUN @REF Zahirovic_++_2014 @DOI""10.5194/se-5-227-2014"" @absage",5618
5618,67312,67312,250.0,1.28,-72.98,5.36,67311,67311,False,"SUN-SUN @REF Zahirovic_++_2014 @DOI""10.5194/se-5-227-2014""",5619
5619,67313,67313,0.0,90.0,0.0,0.0,67312,67312,False,"SUN-SUN @REF Zahirovic_++_2014 @DOI""10.5194/se-5-227-2014"", Sunda Oroclines",5620
5620,67313,67313,10.0,90.0,0.0,0.0,67312,67312,False,"SUN-SUN @REF Zahirovic_++_2014 @DOI""10.5194/se-5-227-2014"" @absage",5621
5621,67313,67313,25.0,1.62,-73.34,1.9500000000000002,67312,67312,False,"SUN-SUN @REF Zahirovic_++_2014 @DOI""10.5194/se-5-227-2014"" @absage",5622
5622,67313,67313,50.0,1.62,-73.34,3.03,67312,67312,False,"SUN-SUN @REF Zahirovic_++_2014 @DOI""10.5194/se-5-227-2014"" @absage",5623
5623,67313,67313,250.0,1.62,-73.34,3.03,67312,67312,False,"SUN-SUN @REF Zahirovic_++_2014 @DOI""10.5194/se-5-227-2014""",5624
5624,67314,67314,0.0,90.0,0.0,0.0,67313,67313,False,"SUN-SUN @REF Zahirovic_++_2014 @DOI""10.5194/se-5-227-2014"", Sunda Oroclines",5625
5625,67314,67314,10.0,90.0,0.0,0.0,67313,67313,False,"SUN-SUN @REF Zahirovic_++_2014 @DOI""10.5194/se-5-227-2014"" @absage",5626
5626,67314,67314,25.0,0.67,-71.18,0.81,67313,67313,False,"SUN-SUN @REF Zahirovic_++_2014 @DOI""10.5194/se-5-227-2014"" @absage",5627
5627,67314,67314,50.0,0.67,-71.18,1.26,67313,67313,False,"SUN-SUN @REF Zahirovic_++_2014 @DOI""10.5194/se-5-227-2014"" @absage",5628
5628,67314,67314,250.0,0.67,-71.18,1.26,67313,67313,False,"SUN-SUN @REF Zahirovic_++_2014 @DOI""10.5194/se-5-227-2014""",5629
5629,67315,67315,0.0,90.0,0.0,0.0,67314,67314,False,"SUN-SUN @REF Zahirovic_++_2014 @DOI""10.5194/se-5-227-2014"", Sunda Oroclines",5630
5630,67315,67315,10.0,90.0,0.0,0.0,67314,67314,False,"SUN-SUN @REF Zahirovic_++_2014 @DOI""10.5194/se-5-227-2014"" @absage",5631
5631,67315,67315,25.0,3.14,-69.41,3.15,67314,67314,False,"SUN-SUN @REF Zahirovic_++_2014 @DOI""10.5194/se-5-227-2014"" @absage",5632
5632,67315,67315,50.0,3.14,-69.41,4.9,67314,67314,False,"SUN-SUN @REF Zahirovic_++_2014 @DOI""10.5194/se-5-227-2014"" @absage",5633
5633,67315,67315,250.0,3.14,-69.41,4.9,67314,67314,False,"SUN-SUN @REF Zahirovic_++_2014 @DOI""10.5194/se-5-227-2014""",5634
5634,67316,67316,0.0,90.0,0.0,0.0,67315,67315,False,"SUN-SUN @REF Zahirovic_++_2014 @DOI""10.5194/se-5-227-2014"", Sunda Oroclines",5635
5635,67316,67316,10.0,90.0,0.0,0.0,67315,67315,False,"SUN-SUN @REF Zahirovic_++_2014 @DOI""10.5194/se-5-227-2014"" @absage",5636
5636,67316,67316,25.0,3.5300000000000002,-68.53,2.24,67315,67315,False,"SUN-SUN @REF Zahirovic_++_2014 @DOI""10.5194/se-5-227-2014"" @absage",5637
5637,67316,67316,50.0,3.5300000000000002,-68.53,3.48,67315,67315,False,"SUN-SUN @REF Zahirovic_++_2014 @DOI""10.5194/se-5-227-2014"" @absage",5638
5638,67316,67316,250.0,3.5300000000000002,-68.53,3.48,67315,67315,False,"SUN-SUN @REF Zahirovic_++_2014 @DOI""10.5194/se-5-227-2014""",5639
5639,67317,67317,0.0,90.0,0.0,0.0,67316,67316,False,"SUN-SUN @REF Zahirovic_++_2014 @DOI""10.5194/se-5-227-2014"", Sunda Oroclines",5640
5640,67317,67317,10.0,90.0,0.0,0.0,67316,67316,False,"SUN-SUN @REF Zahirovic_++_2014 @DOI""10.5194/se-5-227-2014"" @absage",5641
5641,67317,67317,25.0,3.01,-67.73,0.96,67316,67316,False,"SUN-SUN @REF Zahirovic_++_2014 @DOI""10.5194/se-5-227-2014"" @absage",5642
5642,67317,67317,50.0,3.01,-67.73,1.49,67316,67316,False,"SUN-SUN @REF Zahirovic_++_2014 @DOI""10.5194/se-5-227-2014"" @absage",5643
5643,67317,67317,250.0,3.01,-67.73,1.49,67316,67316,False,"SUN-SUN @REF Zahirovic_++_2014 @DOI""10.5194/se-5-227-2014""",5644
5644,67350,67350,0.0,90.0,0.0,0.0,673,673,False,WOY-SUM Woyla Arc terranes - Sumatra,5645
5645,67350,67350,75.0,90.0,0.0,0.0,673,673,False,"WOY-SUM Woyla Arc terranes ? Sumatra, @REF Zahirovic_++_2014 @DOI""10.5194/se-5-227-2014""",5646
5646,67350,67350,85.0,37.43,-79.96,-14.34,673,673,False,"WOY-SUM @REF Zahirovic_++_2014 @DOI""10.5194/se-5-227-2014""",5647
5647,67350,67350,100.0,38.81,-59.53,-20.98,673,673,False,"WOY-SUM @REF Zahirovic_++_2014 @DOI""10.5194/se-5-227-2014""",5648
5648,67350,67350,115.0,64.47,55.34,-11.4,673,673,False,"WOY-SUM @REF Zahirovic_++_2014 @DOI""10.5194/se-5-227-2014""",5649
5649,67350,67350,150.0,90.0,0.0,0.0,673,673,False,"WOY-SUM @REF Zahirovic_++_2014 @DOI""10.5194/se-5-227-2014""",5650
5650,67350,67350,610.0,90.0,0.0,0.0,673,673,False,WOY-SUM,5651
5651,67351,67351,0.0,90.0,0.0,0.0,67350,67350,False,BAR-WOY Barisan - Woyla terranes,5652
5652,67351,67351,12.1,15.8,129.1,2.1,67350,67350,False,"BAR-WOY @REF Zahirovic_++_2014 @DOI""10.5194/se-5-227-2014""",5653
5653,67351,67351,20.1,-7.18,148.5,2.67,67350,67350,False,"BAR-WOY @REF Zahirovic_++_2014 @DOI""10.5194/se-5-227-2014""",5654
5654,67351,67351,610.0,-7.18,148.5,2.67,67350,67350,False,"BAR-WOY @REF Zahirovic_++_2014 @DOI""10.5194/se-5-227-2014""",5655
5655,67352,67352,0.0,90.0,0.0,0.0,67350,67350,False,WOY-SUM Woyla Arc terranes - Sumatra,5656
5656,67352,67352,610.0,90.0,0.0,0.0,67350,67350,False,WOY-SUM,5657
5657,68601,68601,0.0,90.0,0.0,0.0,686,686,False,SUMA-BSS Sumatra Arc-Barisan/South Sumatra,5658
5658,68601,68601,200.0,90.0,0.0,0.0,686,686,False,SUMA-BSS,5659
5659,69701,69701,0.0,90.0,0.0,0.0,697,697,False,"TPA1-TPA Central Toricelli, Prince Alexander, Finisterre Arc",5660
5660,69701,69701,3.0,1.1,-36.21,-16.25,697,697,False,"TPA1-TPA @REF Zahirovic_++_2014 @DOI""10.5194/se-5-227-2014"" @absage",5661
5661,69701,69701,6.0,2.17,-38.79,-31.32,697,697,False,"TPA1-TPA @REF Zahirovic_++_2014 @DOI""10.5194/se-5-227-2014"" @absage",5662
5662,69701,69701,10.0,3.11,-38.07,-21.68,697,697,False,"TPA1-TPA @REF Zahirovic_++_2014 @DOI""10.5194/se-5-227-2014"" @absage",5663
5663,69701,69701,17.0,2.22,-37.74,-20.3,697,697,False,"TPA1-TPA @REF Zahirovic_++_2014 @DOI""10.5194/se-5-227-2014"" @absage",5664
5664,69701,69701,20.0,3.48,-37.89,-17.03,697,697,False,"TPA1-TPA @REF Zahirovic_++_2014 @DOI""10.5194/se-5-227-2014"" @absage",5665
5665,69701,69701,21.0,9.98,-39.37,-11.31,697,697,False,"TPA1-TPA @REF Zahirovic_++_2014 @DOI""10.5194/se-5-227-2014"" @absage",5666
5666,69701,69701,25.0,-0.4,-35.49,-20.52,697,697,False,"TPA1-TPA @REF Zahirovic_++_2014 @DOI""10.5194/se-5-227-2014"" @absage",5667
5667,69701,69701,30.0,-2.61,-32.52,-21.5,697,697,False,"TPA1-TPA @REF Zahirovic_++_2014 @DOI""10.5194/se-5-227-2014"" @absage",5668
5668,69701,69701,40.0,-1.78,-38.07,-23.11,697,697,False,TPA1-TPA Rollback-induced opening of Caroline Plate following @REF Hall_2002 @absage,5669
5669,69701,69701,200.0,-1.78,-38.07,-23.11,697,697,False,"TPA1-TPA @REF Zahirovic_++_2014 @DOI""10.5194/se-5-227-2014""",5670
5670,69702,69702,0.0,90.0,0.0,0.0,69701,69701,False,"TPA2-TPA Eastern Toricelli, Prince Alexander, Finisterre Arc",5671
5671,69702,69702,10.0,3.01,-33.57,-18.07,69701,69701,False,"TPA2-TPA @REF Zahirovic_++_2014 @DOI""10.5194/se-5-227-2014"" @absage",5672
5672,69702,69702,20.0,2.0,-34.15,-25.92,69701,69701,False,"TPA2-TPA @REF Zahirovic_++_2014 @DOI""10.5194/se-5-227-2014"" @absage",5673
5673,69702,69702,25.0,4.3,-34.54,-16.22,69701,69701,False,"TPA2-TPA @REF Zahirovic_++_2014 @DOI""10.5194/se-5-227-2014"" @absage",5674
5674,69702,69702,29.0,4.73,-35.34,-24.49,69701,69701,False,"TPA2-TPA @REF Zahirovic_++_2014 @DOI""10.5194/se-5-227-2014"" @absage",5675
5675,69702,69702,200.0,4.73,-35.34,-24.49,69701,69701,False,"TPA2-TPA @REF Zahirovic_++_2014 @DOI""10.5194/se-5-227-2014""",5676
5676,70822,70822,0.0,90.0,0.0,0.0,3203,3203,False,GKAB2-IBZ Grande Kabylie2-Ibiza,5677
5677,70822,70822,19.0,90.0,0.0,0.0,3203,3203,False,"GKAB2-IBZ @REF Schettino_Turco_2006 @DOI""10.1111/j.1365-246X.2006.02997.x""",5678
5678,70822,70822,28.0,33.14,-1.08,15.2,3203,3203,False,"GKAB2-IBZ @REF Schettino_Turco_2006 @DOI""10.1111/j.1365-246X.2006.02997.x""",5679
5679,70822,70822,610.0,33.14,-1.08,15.2,3203,3203,False,GKAB2-IBZ,5680
5680,70833,70833,0.0,90.0,0.0,0.0,3203,3203,False,GKAB3-IBZ Grande Kabylie3-Ibiza,5681
5681,70833,70833,19.0,90.0,0.0,0.0,3203,3203,False,"GKAB3-IBZ @REF Schettino_Turco_2006 @DOI""10.1111/j.1365-246X.2006.02997.x""",5682
5682,70833,70833,28.0,33.14,-1.08,13.2,3203,3203,False,"GKAB3-IBZ @REF Schettino_Turco_2006 @DOI""10.1111/j.1365-246X.2006.02997.x""",5683
5683,70833,70833,610.0,33.14,-1.08,13.2,3203,3203,False,GKAB3-IBZ,5684
5684,70844,70844,0.0,90.0,0.0,0.0,3202,3202,False,GKAB4-MAL Grande Kabylie4-Mallorca,5685
5685,70844,70844,19.0,90.0,0.0,0.0,3202,3202,False,"GKAB4-MAL @REF Schettino_Turco_2006 @DOI""10.1111/j.1365-246X.2006.02997.x""",5686
5686,70844,70844,20.0,33.14,-1.08,15.5,3202,3202,False,"GKAB4-MAL @REF Schettino_Turco_2006 @DOI""10.1111/j.1365-246X.2006.02997.x""",5687
5687,70844,70844,610.0,33.14,-1.08,15.5,3202,3202,False,GKAB4-MAL,5688
5688,77011,77011,0.0,90.0,0.0,0.0,701,701,False,Zambezi Belt-Central Africa,5689
5689,77011,77011,1010.0,90.0,0.0,0.0,701,701,False,Zambezi Belt,5690
5690,77012,77012,0.0,90.0,0.0,0.0,701,701,False,Lufilian Belt-Central Africa,5691
5691,77012,77012,1010.0,90.0,0.0,0.0,701,701,False,Lufilian Belt,5692
5692,77013,77013,0.0,90.0,0.0,0.0,701,701,False,Damara Belt-Central Africa,5693
5693,77013,77013,1010.0,90.0,0.0,0.0,701,701,False,Damara Belt,5694
5694,77014,77014,0.0,90.0,0.0,0.0,701,701,False,Kaoka Belt-Central Africa,5695
5695,77014,77014,1010.0,90.0,0.0,0.0,701,701,False,Kaoka Belt,5696
5696,77015,77015,0.0,90.0,0.0,0.0,701,701,False,Oubanguides Belt-Central Africa,5697
5697,77015,77015,410.0,90.0,0.0,0.0,701,701,False,Oubanguides Belt-Central Africa,5698
5698,77016,77016,0.0,90.0,0.0,0.0,701,701,False,Yaounde Domain-Central Africa,5699
5699,77016,77016,1010.0,90.0,0.0,0.0,701,701,False,Yaounde Domain,5700
5700,77017,77017,0.0,90.0,0.0,0.0,701,701,False,Adamawa-Yade Domain-Central Africa,5701
5701,77017,77017,1010.0,90.0,0.0,0.0,701,701,False,Adamawa-Yade Domain,5702
5702,77018,77018,0.0,90.0,0.0,0.0,701,701,False,Western Cameroon Domain-Central Africa,5703
5703,77018,77018,1010.0,90.0,0.0,0.0,701,701,False,Western Cameroon,5704
5704,77019,77019,0.0,90.0,0.0,0.0,701,701,False,Oubanguides Belt-Central Africa,5705
5705,77019,77019,1010.0,90.0,0.0,0.0,701,701,False,Oubanguides,5706
5706,77021,77021,0.0,90.0,0.0,0.0,702,702,False,Central Madagascar-Madagascar,5707
5707,77021,77021,520.0,90.0,0.0,0.0,702,702,False,,5708
5708,77021,77021,520.0,-6.8294,-57.0552,15.7569,5032,5032,False,,5709
5709,77021,77021,1000.0,-6.8294,-57.0552,15.7569,5032,5032,False,Central Madagascar,5710
5710,77021,77021,1010.0,-6.8294,-57.0552,15.7569,5032,5032,False,Central Madagascar,5711
5711,77022,77022,0.0,90.0,0.0,0.0,702,702,False,Southern Madagascar-Madagascar,5712
5712,77022.0,77022.0,520.0,90.0,0.0,0.0,702.0,702.0,0.0,,5713.0
5713,77022.0,77022.0,520.0,-6.8294,-57.0552,15.7569,5032.0,5032.0,0.0,,5714.0
5714,77022.0,77022.0,1000.0,-6.8294,-57.0552,15.7569,5032.0,5032.0,0.0,,5715.0
5715,77022.0,77022.0,1010.0,-6.8294,-57.0552,15.7569,5032.0,5032.0,0.0,,5716.0
5716,77023,77023,0.0,90.0,0.0,0.0,702,702,False,Bemarivio Belt-Madagascar,5717
5717,77023,77023,410.0,90.0,0.0,0.0,702,702,False,Bemarivo Belt,5718
5718,77023,77023,410.0,90.0,0.0,0.0,77021,77021,False,Bemarivo Belt,5719
5719,77023,77023,1010.0,90.0,0.0,0.0,77021,77021,False,Bemarivo Belt,5720
5720,77024,77024,0.0,90.0,0.0,0.0,702,702,False,reworked crust?,5721
5721,77024,77024,520.0,90.0,0.0,0.0,702,702,False,reworked crust?,5722
5722,77024.0,77024.0,520.0,-6.8294,-57.0552,15.7569,5032.0,5032.0,0.0,,5723.0
5723,77024.0,77024.0,610.0,-6.8294,-57.0552,15.7569,5032.0,5032.0,0.0,,5724.0
5724,77030,77030,0.0,90.0,0.0,0.0,701,701,False,KAL-CON	Kalahari-Congo,5725
5725,77030,77030,550.0,90.0,0.0,0.0,701,701,False,KAL-CON,5726
5726,77030,77030,650.0,-26.9078,135.311,37.816,701,701,False,KAL-CON,5727
5727,77030,77030,700.0,-26.9078,135.311,37.816,701,701,False,KAL-CON,5728
5728,77030,77030,700.0,15.102,-25.2783,-157.5464,101,101,False,KAL-LAU Kalarai-Laurentia @REF Mulder et al. (2019),5729
5729,77030,77030,900.0,15.102,-25.2783,-157.5464,101,101,False,KAL-LAU @REF Mulder et al. (2019),5730
5730,77030,77030,1030.0,15.102,-25.2783,-157.5464,101,101,False,KAL-LAU @REF Mulder et al. (2019),5731
5731,77030,77030,1100.0,20.2855,-15.8357,-135.8064,101,101,False,KAL-LAU @REF Mulder et al. (2019),5732
5732,77030,77030,1140.0,20.2855,-15.8357,-135.8064,101,101,False,KAL-LAU @REF Mulder et al. (2019),5733
5733,77031,77031,0.0,90.0,0.0,0.0,77030,77030,False,Gariep Belt,5734
5734,77031,77031,1010.0,90.0,0.0,0.0,77030,77030,False,Gariep Belt,5735
5735,77032,77032,0.0,90.0,0.0,0.0,77030,77030,False,Saladania Belt,5736
5736,77032,77032,1010.0,90.0,0.0,0.0,77030,77030,False,Saladania Belt,5737
5737,77091,77091,0.0,90.0,0.0,0.0,709,709,False,EAO deformed crust?-Somalia,5738
5738,77091,77091,610.0,90.0,0.0,0.0,709,709,False,EAO deformed crust?,5739
5739,77131,77131,0.0,90.0,0.0,0.0,701,701,False,Congo on Mozambique Block,5740
5740,77131,77131,1000.0,90.0,0.0,0.0,701,701,False,Mozambique Belt-Mozambique,5741
5741,77141,77141,0.0,90.0,0.0,0.0,714,714,False,SNWA-NWA Sahara on NW Africa-North West Africa,5742
5742,77141,77141,410.0,90.0,0.0,0.0,714,714,False,SNWA-NWA Sahara on NW Africa-North West Africa,5743
5743,77141,77141,410.0,25.21,5.47,2.87,715,715,False,SNWA-NEA Sahara on NW Africa Plate-North East Africa (Sahara Metacraton),5744
5744,77141,77141,1000.0,90.0,0.0,0.0,715,715,False,SNWA-NEA,5745
5745,77141,77141,1010.0,90.0,0.0,0.0,715,715,False,SNWA-NEA,5746
5746,77142,77142,0.0,90.0,0.0,0.0,714,714,False,Anti-Atlas,5747
5747,77142,77142,1010.0,90.0,0.0,0.0,714,714,False,Anti-Atlas,5748
5748,77143,77143,0.0,90.0,0.0,0.0,714,714,False,Phanerozoic NW Africa-NWA,5749
5749,77143,77143,1010.0,90.0,0.0,0.0,714,714,False,NW Africa,5750
5750,77144,77144,0.0,90.0,0.0,0.0,714,714,False,HOG-NWA Hogger - North West Africa,5751
5751,77144,77144,410.0,90.0,0.0,0.0,714,714,False,HOG-NWA,5752
5752,77144,77144,410.0,25.21,5.47,2.87,715,715,False,HOG-NEA Hoggar-North East Africa (Sahara Metacraton),5753
5753,77144,77144,570.0,90.0,0.0,0.0,715,715,False,HOG-NEA,5754
5754,77144,77144,600.0,90.0,0.0,0.0,715,715,False,HOG-NEA,5755
5755,77144,77144,630.0,8.59,-23.86,15.56,715,715,False,HOG-NEA,5756
5756,77144,77144,730.0,4.9028,3.3681,32.9401,715,715,False,HOG-NEA,5757
5757,77144,77144,1000.0,4.9028,3.3681,32.9401,715,715,False,HOG-NEA,5758
5758,77144,77144,1100.0,8.59,-23.86,15.56,715,715,False,HOG-NEA,5759
5759,77145,77145,0.0,90.0,0.0,0.0,77144,77144,False,ISL-HOG Iskel Arc-Hoggar,5760
5760,77145,77145,850.0,90.0,0.0,0.0,77144,77144,False,ISL-HOG,5761
5761,77145,77145,870.0,13.621,-156.3443,-9.2485,77144,77144,False,ISL-HOG,5762
5762,77145,77145,1010.0,13.621,-156.3443,-9.2485,77144,77144,False,ISL-HOG,5763
5763,77146,77146,0.0,90.0,0.0,0.0,77144,77144,False,SET-HOG Serouenout Terrane-Hoggar,5764
5764,77146,77146,620.0,90.0,0.0,0.0,77144,77144,False,SET-HOG,5765
5765,77146,77146,700.0,46.5484,-1.082,11.7741,77144,77144,False,SET-HOG,5766
5766,77146,77146,1000.0,90.0,0.0,0.0,77144,77144,False,SET-HOG,5767
5767,77146,77146,1010.0,90.0,0.0,0.0,77144,77144,False,SET-HOG,5768
5768,77147,77147,0.0,90.0,0.0,0.0,77145,77145,False,IGU-ISL Iforas Granulite Unit-Iskel Arc,5769
5769,77147,77147,650.0,90.0,0.0,0.0,77145,77145,False,IGU-ISL,5770
5770,77147,77147,700.0,-1.7709000000000001,90.0561,-11.1814,77145,77145,False,IGU-ISL,5771
5771,77147,77147,1010.0,-1.7709000000000001,90.0561,-11.1814,77145,77145,False,IGU-ISL,5772
5772,77148,77148,0.0,90.0,0.0,0.0,77141,77141,False,"EHT-SNWA Eastern Hoggar terranes (Djanet, Edembo, Aouzegueur, Barghot) - Sahara on NW Africa",5773
5773,77148,77148,650.0,90.0,0.0,0.0,77141,77141,False,EHT-SNWA,5774
5774,77148,77148,700.0,64.3774,153.5268,-0.9907,77141,77141,False,EHT-SNWA,5775
5775,77148,77148,750.0,67.4048,170.7676,-2.4853,77141,77141,False,EHT-SNWA,5776
5776,77148,77148,1010.0,67.4048,170.7676,-2.4853,77141,77141,False,EHT-SNWA,5777
5777,77149,77149,0.0,90.0,0.0,0.0,77148,77148,False,"AIT-EHT Assode and Issalane terranes-Eastern Hoggar terranes (Djanet, Edembo, Aouzegueur, Barghot) -",5778
5778,77149,77149,580.0,90.0,0.0,0.0,77148,77148,False,AIT-EHT,5779
5779,77149,77149,650.0,4.2144,-83.2434,-2.2021,77148,77148,False,AIT-EHT,5780
5780,77149,77149,1010.0,4.2144,-83.2434,-2.2021,77148,77148,False,AIT-EHT,5781
5781,77151,77151,0.0,90.0,0.0,0.0,715,715,False,Meditterranean Sahara,5782
5782,77151,77151,1010.0,90.0,0.0,0.0,715,715,False,Meditterranean Sahara,5783
5783,77521,77521,0.0,90.0,0.0,0.0,715,715,False,Eastern West Ethiopian Shield,5784
5784,77521,77521,410.0,90.0,0.0,0.0,715,715,False,Eastern WES,5785
5785,77521.0,77521.0,410.0,90.0,0.0,0.0,7752.0,7752.0,0.0,,5786.0
5786,77521.0,77521.0,750.0,90.0,0.0,0.0,7752.0,7752.0,0.0,,5787.0
5787,77521.0,77521.0,853.0,40.0936,-60.8385,3.4211,7752.0,7752.0,0.0,,5788.0
5788,77521.0,77521.0,863.0,40.0936,-60.8385,3.4211,7752.0,7752.0,0.0,,5789.0
5789,77531,77531,0.0,90.0,0.0,0.0,709,709,False,Southern Ethiopian Shield (Somalia Plate),5790
5790,77531,77531,520.0,90.0,0.0,0.0,709,709,False,SES (Somalia Plate),5791
5791,77531,77531,520.0,41.34,45.6221,-1.3173,7753,7753,False,SES (Somalia Plate),5792
5792,77531,77531,900.0,41.34,45.6221,-1.3173,7753,7753,False,SES (Somalia Plate),5793
5793,77710.0,77710.0,0.0,-17.93,-66.0,117.14,714.0,714.0,0.0,,5794.0
5794,77710.0,77710.0,1100.0,-17.93,-66.0,117.14,714.0,714.0,0.0,,5795.0
5795,80121,80121,0.0,90.0,0.0,0.0,802,802,False,Ross Orogen,5796
5796,80121,80121,1010.0,90.0,0.0,0.0,802,802,False,Ross Orogen,5797
5797,80251.0,80251.0,410.0,90.0,0.0,0.0,8025.0,8025.0,0.0,,5798.0
5798,80251.0,80251.0,650.0,2.0591,119.755,-6.0919,8025.0,8025.0,0.0,,5799.0
5799,80251.0,80251.0,700.0,90.0,0.0,0.0,8025.0,8025.0,0.0,,5800.0
5800,80251.0,80251.0,1010.0,90.0,0.0,0.0,8025.0,8025.0,0.0,,5801.0
5801,90121,90121,250.0,90.0,0.0,0.0,9012,9012,False,STO-CTO South Tianshan arc-Central Tianshan,5802
5802,90121,90121,390.0,22.3382,164.503,-4.2403,9012,9012,False,STO-CTO,5803
5803,90121,90121,400.0,22.4393,164.7764,-4.1432,9012,9012,False,STO-CTO,5804
5804,90121,90121,410.0,19.837,169.9664,0.6644,9012,9012,False,"STO-CTO South-Tianshan Ocean spreading @REF Zhao_et_al_2015 @DOI""10.1016/j.gr.2014.04.007""",5805
5805,90131,90131,0.0,2.8082000000000003,-40.3022,68.878,505,505,False,Southern PAO Iso,5806
5806,90131,90131,250.0,2.8082000000000003,-40.3022,68.878,505,505,False,PAO Iso,5807
5807,90131,90131,275.0,2.8082000000000003,-40.3022,68.878,505,505,False,PAO Iso @xo_ys,5808
5808,90131,90131,275.0,90.0,0.0,0.0,601,601,False,PAO Iso,5809
5809,90131,90131,410.0,90.0,0.0,0.0,601,601,False,PAO Iso,5810
5810,98040,98040,585.0,54.657,-152.1336,96.9746,0,000,False,Mirovoi Triple Junction,5811
5811,98040,98040,720.0,35.6925,-178.804,58.035,0,000,False,Mirovoi Triple Junction,5812
5812,98040,98040,750.0,20.9607,-30.106,-20.747700000000002,0,000,False,Mirovoi Triple Junction,5813
5813,98040,98040,800.0,6.9844,162.9291,18.6782,0,000,False,Mirovoi Triple Junction,5814
5814,98040,98040,900.0,-4.6382,-16.2535,-12.9441,0,000,False,Mirovoi Triple Junction,5815
5815,98040,98040,1000.0,-25.7201,154.6773,9.7177,0,000,False,Mirovoi Triple Junction,5816
5816,98041,98041,0.0,71.2683,-116.2547,-57.8261,0,000,False,Central Mirovoi Ocean (subducting under Siberia),5817
5817,98041,98041,600.0,71.2683,-116.2547,-57.8261,0,000,False,Central Mirovoi Ocean (subducting under Siberia),5818
5818,98041,98041,750.0,67.3009,-129.1317,-202.6193,0,000,False,@xo_yf  Central Mirovoi Ocean (subducting under Siberia),5819
5819,98041,98041,750.0,58.0547,-120.2528,-196.63,98040,98040,False,Central Mirovoi Ocean (subducting under Siberia),5820
5820,98041,98041,750.1,58.954,-87.4663,-229.7122,98040,98040,False,,5821
5821,98041,98041,751.0,57.6849,-112.7772,-187.4669,98040,98040,False,,5822
5822,98041,98041,760.0,57.6277,-113.893,-185.531,98040,98040,False,Central Mirovoi Ocean (subducting under Siberia),5823
5823,98041,98041,800.0,52.8824,-90.6684,-141.3423,98040,98040,False,,5824
5824,98041,98041,850.0,36.5401,-99.1837,-115.9211,98040,98040,False,,5825
5825,98041,98041,900.0,27.2181,-89.7427,-102.5219,98040,98040,False,Central Mirovoi Ocean (subducting under Siberia),5826
5826,98041,98041,1000.0,8.4793,139.8622,100.21,98040,98040,False,Central Mirovoi Ocean (subducting under Siberia),5827
5827,98041,98041,1010.0,8.4793,139.8622,100.21,98040,98040,False,Central Mirovoi Ocean (subducting under Siberia),5828
5828,98042,98042,930.0,22.2087,-78.8964,11.6587,0,000,False,Northern Mirovoi Ocean (subducting under Australia),5829
5829,98042,98042,950.0,15.0187,-80.554,7.9301,0,000,False,Northern Mirovoi Ocean (subducting under Australia),5830
5830,98042,98042,1000.0,90.0,0.0,0.0,0,000,False,Northern Mirovoi Ocean (subducting under Australia),5831
5831,98042,98042,1010.0,90.0,0.0,0.0,0,000,False,Northern Mirovoi Ocean (subducting under Australia),5832
5832,98043,98043,500.0,90.0,0.0,0.0,0,000,False,Oceanic plate subducting under Cadomia-Avalonia-Hoggar,5833
5833,98043,98043,530.0,54.1913,-58.4829,110.9542,0,000,False,Oceanic plate subducting under Cadomia-Avalonia-Hoggar,5834
5834,98043,98043,540.0,80.8879,-5.2206,113.446,0,000,False,Oceanic plate subducting under Cadomia-Avalonia-Hoggar,5835
5835,98043,98043,560.0,80.3708,51.046,117.1357,0,000,False,Oceanic plate subducting under Cadomia-Avalonia-Hoggar,5836
5836,98043,98043,585.0,72.1971,87.1374,136.259,0,000,False,Oceanic plate subducting under Cadomia-Avalonia-Hoggar,5837
5837,98043,98043,585.0,42.2279,-9.4361,87.2627,98040,98040,False,Oceanic plate subducting under Cadomia-Avalonia-Hoggar,5838
5838,98043,98043,700.0,22.9535,173.971,-47.7375,98040,98040,False,Oceanic plate subducting under Cadomia-Avalonia-Hoggar,5839
5839,98043,98043,720.0,22.9535,173.971,-47.7375,98040,98040,False,Oceanic plate subducting under Cadomia-Avalonia-Hoggar,5840
5840,98044,98044,540.0,19.3698,-140.8594,139.5712,0,000,False,Oceanic plate subduction under western US,5841
5841,98044,98044,560.0,19.1609,-138.533,131.794,0,000,False,Oceanic plate subduction under western US,5842
5842,98044,98044,585.0,18.4193,-132.034,112.687,0,000,False,Oceanic plate subduction under western US,5843
5843,98044,98044,585.0,32.2481,6.9827,-63.7467,98040,98040,False,Oceanic plate subduction under western US,5844
5844,98044,98044,720.0,40.3595,171.046,-49.3562,98040,98040,False,Oceanic plate subduction under western US,5845
5845,999,999,760.0,35.9147,91.5823,33.2107,0,000,False,,5846
5846,98045,98045,760.0,35.9147,91.5823,56.2154,0,000,False,,5847
5847,98045,98045,850.0,90.0,0.0,0.0,0,000,False,,5848
5848,98045,98045,860.0,90.0,0.0,0.0,0,000,False,,5849
5849,98046,98046,490.0,57.4184,113.8438,77.1801,0,000,False,,5850
5850,98046,98046,580.0,44.6625,126.8565,85.0852,0,000,False,,5851
5851,98046,98046,635.0,71.6901,48.8887,46.072,0,000,False,,5852
5852,98046,98046,700.0,90.0,0.0,0.0,0,000,False,,5853
5853,98046,98046,710.0,90.0,0.0,0.0,0,000,False,,5854
5854,602201,602201,0.0,-8.7,115.27,206.98,926,926,False,"SCBAI-IZA1 @REF @REF Matthews_et_al_2016 @DOI""10.1016/j.gloplacha.2016.10.002"", Isochron rotations for 259-250 Ma BAB outboard of South China",5855
5855,602201,602201,250.0,17.8922,-74.2145,-268.5327,926,926,False,"SCBAI-IZA1 @REF @REF Matthews_et_al_2016 @DOI""10.1016/j.gloplacha.2016.10.002"", Isochron rotations for 259-250 Ma BAB outboard of South China  @xo_of",5856
5856,602201,602201,250.0,90.0,0.0,0.0,602,602,False,WMO-SCB Western Mianlue Ocean-South China Young et al. (this study),5857
5857,602201,602201,360.0,16.9613,12.229,7.9869,602,602,False,WMO-SCB Young et al. (this study),5858
5858,602201,602201,400.0,36.2359,42.5421,6.1503,602,602,False,WMO-SCB Young et al. (this study),5859
5859,602201,602201,410.0,12.1908,12.1376,-1.6534,602,602,False,WMO-SCB Young et al. (this study),5860
5860,602202,602202,0.0,-9.78,94.73,241.15,926,926,False,"SCBAI-IZA1 @REF @REF Matthews_et_al_2016 @DOI""10.1016/j.gloplacha.2016.10.002"", Isochron rotations for 259-250 Ma BAB outboard of South China",5861
5861,602202,602202,250.0,-15.3709,67.442,273.589,926,926,False,"SCBAI-IZA1 @REF @REF Matthews_et_al_2016 @DOI""10.1016/j.gloplacha.2016.10.002"", Isochron rotations for 259-250 Ma BAB outboard of South China  @xo_of",5862
5862,771311,771311,0.0,90.0,0.0,0.0,701,701,False,Congo on Mozambique Block,5863
5863,771311,771311,1010.0,90.0,0.0,0.0,701,701,False,Congo on Mozambique Block,5864
5864,775211,775211,410.0,90.0,0.0,0.0,77521,77521,False,Ocean subducting under Eastern WES,5865
5865,775211,775211,863.0,90.0,0.0,0.0,77521,77521,False,Ocean subducting under Eastern WES,5866
5866,775311,775311,410.0,90.0,0.0,0.0,77531,77531,False,Ocean subducting under Southern WES,5867
5867,775311,775311,863.0,90.0,0.0,0.0,77531,77531,False,Ocean subducting under Southern WES,5868
5868,902001,902001,250.0,-6.31,129.44,-61.58,701,701,False,"GBS-AFR Gympie-Brook Street subduction zone (Panthalassa)-Africa (Pangea) @REF Matthews_et_al_2016 @DOI""10.1016/j.gloplacha.2016.10.002""",5869
5869,902001,902001,260.0,-10.36,129.05,-59.79,701,701,False,"GBS-AFR  @REF Matthews_et_al_2016 @DOI""10.1016/j.gloplacha.2016.10.002""",5870
5870,902001,902001,270.0,13.51,-49.78,56.69,701,701,False,"GBS-AFR  @REF Matthews_et_al_2016 @DOI""10.1016/j.gloplacha.2016.10.002""",5871
5871,902001,902001,280.0,-13.03,130.19,-56.08,701,701,False,"GBS-AFR  @REF Domeier_Torsvik_2014 @DOI""10.1016/j.gsf.2014.01.002""  POLE_RECALCULATED-@REF Matthews_et_al_2016 @DOI""10.1016/j.gloplacha.2016.10.002""",5872
5872,902001,902001,290.0,-13.22,130.78,-56.22,701,701,False,"GBS-AFR  @REF Domeier_Torsvik_2014 @DOI""10.1016/j.gsf.2014.01.002""  POLE_RECALCULATED-@REF Matthews_et_al_2016 @DOI""10.1016/j.gloplacha.2016.10.002""",5873
5873,902001,902001,300.0,13.78,-49.81,56.95,701,701,False,"GBS-AFR  @REF Domeier_Torsvik_2014 @DOI""10.1016/j.gsf.2014.01.002""  POLE_RECALCULATED-@REF Matthews_et_al_2016 @DOI""10.1016/j.gloplacha.2016.10.002""",5874
5874,902001,902001,430.0,13.78,-49.81,56.95,701,701,False,"GBS-AFR  @REF Domeier_Torsvik_2014 @DOI""10.1016/j.gsf.2014.01.002""  POLE_RECALCULATED-@REF Matthews_et_al_2016 @DOI""10.1016/j.gloplacha.2016.10.002""",5875
5875,902002,902002,250.0,90.0,0.0,0.0,701,701,False,"SWG-AFR Southwest Gondwana outboard subduction zone (Panthalassa)-Africa (Pangea)  @REF Domeier_Torsvik_2014 @DOI""10.1016/j.gsf.2014.01.002""",5876
5876,902002,902002,285.0,-23.3,100.46,-114.99,701,701,False,"SWG-AFR     @REF Domeier_Torsvik_2014 @DOI""10.1016/j.gsf.2014.01.002""  POLE_RECALCULATED-@REF Matthews_et_al_2016 @DOI""10.1016/j.gloplacha.2016.10.002""",5877
5877,902002,902002,290.0,-27.66,99.79,-109.91,701,701,False,"SWG-AFR    @REF Domeier_Torsvik_2014 @DOI""10.1016/j.gsf.2014.01.002""  POLE_RECALCULATED-@REF Matthews_et_al_2016 @DOI""10.1016/j.gloplacha.2016.10.002""",5878
5878,902002,902002,295.0,-26.02,98.72,-107.6,701,701,False,"SWG-AFR     @REF Domeier_Torsvik_2014 @DOI""10.1016/j.gsf.2014.01.002""  POLE_RECALCULATED-@REF Matthews_et_al_2016 @DOI""10.1016/j.gloplacha.2016.10.002""",5879
5879,902002,902002,300.0,23.7718,-81.4945,101.264,701,701,False,"SWG-AFR    @REF Domeier_Torsvik_2014 @DOI""10.1016/j.gsf.2014.01.002""  POLE_RECALCULATED-@REF Matthews_et_al_2016 @DOI""10.1016/j.gloplacha.2016.10.002""",5880
5880,902002,902002,341.0,-17.2616,99.5608,-81.9763,701,701,False,"SWG-NAM  @REF Domeier_Torsvik_2014 @DOI""10.1016/j.gsf.2014.01.002"" POLE_RECALCULATED-@REF Matthews_et_al_2016 @DOI""10.1016/j.gloplacha.2016.10.002""",5881
5881,902002,902002,410.0,-16.57,100.13,-78.68,701,701,False,"SWG-NAM  @REF Domeier_Torsvik_2014 @DOI""10.1016/j.gsf.2014.01.002"" POLE_RECALCULATED-@REF Matthews_et_al_2016 @DOI""10.1016/j.gloplacha.2016.10.002""",5882
5882,902003,902003,250.0,90.0,0.0,0.0,302,302,False,"MAG-BAL Magnitogorsk subduction zone-Baltica			  @REF Domeier_Torsvik_2014 @DOI""10.1016/j.gsf.2014.01.002""",5883
5883,902003,902003,360.0,-26.73,23.96,-103.72,302,302,False,"MAG-BAL   @REF Domeier_Torsvik_2014 @DOI""10.1016/j.gsf.2014.01.002""  POLE_RECALCULATED-@REF Matthews_et_al_2016 @DOI""10.1016/j.gloplacha.2016.10.002""",5884
5884,902003,902003,370.0,-21.58,20.51,-104.53,302,302,False,"MAG-BAL   @REF Domeier_Torsvik_2014 @DOI""10.1016/j.gsf.2014.01.002""  POLE_RECALCULATED-@REF Matthews_et_al_2016 @DOI""10.1016/j.gloplacha.2016.10.002""",5885
5885,902003,902003,375.0,-18.62,18.56,-105.19,302,302,False,"MAG-BAL   @REF Domeier_Torsvik_2014 @DOI""10.1016/j.gsf.2014.01.002""  POLE_RECALCULATED-@REF Matthews_et_al_2016 @DOI""10.1016/j.gloplacha.2016.10.002""",5886
5886,902003,902003,380.0,-15.46,16.44,-105.44,302,302,False,"MAG-BAL  @REF Domeier_Torsvik_2014 @DOI""10.1016/j.gsf.2014.01.002""   POLE_RECALCULATED-@REF Matthews_et_al_2016 @DOI""10.1016/j.gloplacha.2016.10.002""  @xo_ys",5887
5887,902003,902003,380.0,-16.35,-141.75,82.11,401,401,False,"MAG-SIB Magnitogorsk subduction zone-Siberia cross-over @REF Domeier_Torsvik_2014 @DOI""10.1016/j.gsf.2014.01.002"" POLE_RECALCULATED-@REF Matthews_et_al_2016 @DOI""10.1016/j.gloplacha.2016.10.002""",5888
5888,902003,902003,390.0,29.75,29.71,-89.65,401,401,False,"MAG-SIB   @REF Domeier_Torsvik_2014 @DOI""10.1016/j.gsf.2014.01.002""  POLE_RECALCULATED-@REF Matthews_et_al_2016 @DOI""10.1016/j.gloplacha.2016.10.002""",5889
5889,902003,902003,400.0,40.69,19.62,-100.0,401,401,False,"MAG-SIB    @REF Domeier_Torsvik_2014 @DOI""10.1016/j.gsf.2014.01.002""  POLE_RECALCULATED-@REF Matthews_et_al_2016 @DOI""10.1016/j.gloplacha.2016.10.002""",5890
5890,902003,902003,410.0,40.23,20.43,-99.96,401,401,False,"""MAG-SIB   @REF Domeier_Torsvik_2014 @DOI""""10.1016/j.gsf.2014.01.002""""  POLE_RECALCULATED-Matthews et al. (this study) """,5891
5891,902003,902003,415.0,40.71,19.74,-99.96,401,401,False,"MAG-SIB   @REF Domeier_Torsvik_2014 @DOI""10.1016/j.gsf.2014.01.002""  POLE_RECALCULATED-@REF Matthews_et_al_2016 @DOI""10.1016/j.gloplacha.2016.10.002""",5892
5892,902003,902003,420.0,17.59,38.6,-106.23,401,401,False,"MAG-SIB    @REF Domeier_Torsvik_2014 @DOI""10.1016/j.gsf.2014.01.002""  POLE_RECALCULATED-@REF Matthews_et_al_2016 @DOI""10.1016/j.gloplacha.2016.10.002""",5893
5893,902003,902003,430.0,17.59,38.6,-106.23,401,401,False,"MAG-SIB    @REF Domeier_Torsvik_2014 @DOI""10.1016/j.gsf.2014.01.002""  POLE_RECALCULATED-@REF Matthews_et_al_2016 @DOI""10.1016/j.gloplacha.2016.10.002""",5894
5894,902005,902005,250.0,90.0,0.0,0.0,0,000,False,Intra-Paleotethys subduction zone,5895
5895,902005,902005,360.0,63.4019,54.9832,-38.9555,0,000,False,Calculated interactively by GPlates,5896
5896,902005.0,902005.0,410.0,26.0787,69.1306,-36.0498,0.0,0.0,0.0,,5897.0
5897,902005,902005,420.0,-58.01,47.56,-24.35,0,000,False,Intra-Paleotethys subduction zone,5898
5898,902005,902005,430.0,-58.01,47.56,-24.35,0,000,False,Intra-Paleotethys subduction zone,5899
5899,902006,902006,250.0,90.0,0.0,0.0,305,305,False,"VAR-ARM South Variscan subduction zone-Armorica  @REF Domeier_Torsvik_2014 @DOI""10.1016/j.gsf.2014.01.002""",5900
5900,902006,902006,320.0,-17.68,45.52,-84.32,305,305,False,"VAR-ARM  @REF Domeier_Torsvik_2014 @DOI""10.1016/j.gsf.2014.01.002"" POLE_RECALCULATED-@REF Matthews_et_al_2016 @DOI""10.1016/j.gloplacha.2016.10.002""",5901
5901,902006,902006,330.0,-18.75,44.96,-85.02,305,305,False,"VAR-ARM  @REF Domeier_Torsvik_2014 @DOI""10.1016/j.gsf.2014.01.002"" POLE_RECALCULATED-@REF Matthews_et_al_2016 @DOI""10.1016/j.gloplacha.2016.10.002""",5902
5902,902006,902006,340.0,-17.7,45.21,-84.72,305,305,False,"VAR-ARM   @REF Domeier_Torsvik_2014 @DOI""10.1016/j.gsf.2014.01.002"" POLE_RECALCULATED-@REF Matthews_et_al_2016 @DOI""10.1016/j.gloplacha.2016.10.002""",5903
5903,902006,902006,350.0,-16.95,43.57,-85.78,305,305,False,"VAR-ARM  @REF Domeier_Torsvik_2014 @DOI""10.1016/j.gsf.2014.01.002"" POLE_RECALCULATED-@REF Matthews_et_al_2016 @DOI""10.1016/j.gloplacha.2016.10.002""",5904
5904,902006,902006,360.0,-17.36,46.92,-83.6,305,305,False,"VAR-ARM   @REF Domeier_Torsvik_2014 @DOI""10.1016/j.gsf.2014.01.002"" POLE_RECALCULATED-@REF Matthews_et_al_2016 @DOI""10.1016/j.gloplacha.2016.10.002""",5905
5905,902006,902006,370.0,20.09,-122.54,76.77,305,305,False,"VAR-ARM  @REF Domeier_Torsvik_2014 @DOI""10.1016/j.gsf.2014.01.002"" POLE_RECALCULATED-@REF Matthews_et_al_2016 @DOI""10.1016/j.gloplacha.2016.10.002""",5906
5906,902007,902007,250.0,90.0,0.0,0.0,9007,9007,False,"IPTH2-PTW Intra-Paleotethys subduction zone 2-Paleotethys Plate West  @REF Domeier_Torsvik_2014 @DOI""10.1016/j.gsf.2014.01.002""",5907
5907,902007,902007,340.0,-35.26,14.42,-0.30000000000000004,9007,9007,False,"IPTH2-PTW   @REF Domeier_Torsvik_2014 @DOI""10.1016/j.gsf.2014.01.002""  POLE_RECALCULATED-@REF Matthews_et_al_2016 @DOI""10.1016/j.gloplacha.2016.10.002""",5908
5908,902007,902007,350.0,-35.37,46.21,-0.27,9007,9007,False,"IPTH2-PTW  @REF Domeier_Torsvik_2014 @DOI""10.1016/j.gsf.2014.01.002""  POLE_RECALCULATED-@REF Matthews_et_al_2016 @DOI""10.1016/j.gloplacha.2016.10.002""",5909
5909,902007,902007,360.0,0.21,-14.86,-0.17,9007,9007,False,"IPTH2-PTW  @REF Domeier_Torsvik_2014 @DOI""10.1016/j.gsf.2014.01.002""  POLE_RECALCULATED-@REF Matthews_et_al_2016 @DOI""10.1016/j.gloplacha.2016.10.002""",5910
5910,902007,902007,370.0,63.3,5.41,0.1,9007,9007,False,"IPTH2-PTW    @REF Domeier_Torsvik_2014 @DOI""10.1016/j.gsf.2014.01.002""  POLE_RECALCULATED-@REF Matthews_et_al_2016 @DOI""10.1016/j.gloplacha.2016.10.002""",5911
5911,902007,902007,430.0,63.3,5.41,0.1,9007,9007,False,"IPTH2-PTW  @REF Domeier_Torsvik_2014 @DOI""10.1016/j.gsf.2014.01.002""    POLE_RECALCULATED-@REF Matthews_et_al_2016 @DOI""10.1016/j.gloplacha.2016.10.002""",5912
5912,902009,902009,0.0,90.0,0.0,0.0,60301,60301,False,NAN-SKM NAN back arc oceanic plate.,5913
5913,902009,902009,250.0,-54.4441,35.9448,6.2108,60301,60301,False,NAN-SKM NAN back arc oceanic plate @ref Singharajwarapan & Berry 2000.,5914
5914,902009.0,902009.0,260.0,-56.1179,39.8941,4.6089,60301.0,60301.0,0.0,,5915.0
5915,902009.0,902009.0,270.0,-55.8563,41.4848,2.6099,60301.0,60301.0,0.0,,5916.0
5916,902009.0,902009.0,280.0,-65.7084,61.5275,-1.1381000000000001,60301.0,60301.0,0.0,,5917.0
5917,902009,902009,300.0,90.0,0.0,0.0,60301,60301,False,NAN-SKM,5918
5918,902009,902009,430.0,90.0,0.0,0.0,60301,60301,False,NAN-SKM,5919
5919,902010,902010,250.0,0.92,64.73,44.2,9014,9014,False,"PASZ-PAP Paleoasian Intraoceanic subduction zone-Paleoasian Plate  @REF Domeier_Torsvik_2014 @DOI""10.1016/j.gsf.2014.01.002"" POLE_RECALCULATED-@REF Matthews_et_al_2016 @DOI""10.1016/j.gloplacha.2016.10.002""",5920
5920,902010,902010,260.0,0.55,64.67,43.57,9014,9014,False,"PASZ-PAP   @REF Domeier_Torsvik_2014 @DOI""10.1016/j.gsf.2014.01.002"" POLE_RECALCULATED-@REF Matthews_et_al_2016 @DOI""10.1016/j.gloplacha.2016.10.002""",5921
5921,902010,902010,270.0,-14.88,61.69,32.93,9014,9014,False,"PASZ-PAP   @REF Domeier_Torsvik_2014 @DOI""10.1016/j.gsf.2014.01.002"" POLE_RECALCULATED-@REF Matthews_et_al_2016 @DOI""10.1016/j.gloplacha.2016.10.002""",5922
5922,902010,902010,275.0,-30.61,61.18,27.09,9014,9014,False,"PASZ-PAP   @REF Domeier_Torsvik_2014 @DOI""10.1016/j.gsf.2014.01.002"" POLE_RECALCULATED-@REF Matthews_et_al_2016 @DOI""10.1016/j.gloplacha.2016.10.002""",5923
5923,902010,902010,410.0,-30.6,61.18,27.09,9014,9014,False,"PASZ-PAP  @REF Domeier_Torsvik_2014 @DOI""10.1016/j.gsf.2014.01.002""  POLE_RECALCULATED-@REF Matthews_et_al_2016 @DOI""10.1016/j.gloplacha.2016.10.002""",5924
5924,902010,902010,410.0,-30.61,61.18,27.09,9014,9014,False,"PASZ-PAP  @REF Domeier_Torsvik_2014 @DOI""10.1016/j.gsf.2014.01.002""  POLE_RECALCULATED-@REF Matthews_et_al_2016 @DOI""10.1016/j.gloplacha.2016.10.002""",5925
5925,902010,902010,430.0,-30.61,61.18,27.09,9014,9014,False,"PASZ-PAP  @REF Domeier_Torsvik_2014 @DOI""10.1016/j.gsf.2014.01.002""  POLE_RECALCULATED-@REF Matthews_et_al_2016 @DOI""10.1016/j.gloplacha.2016.10.002""",5926
5926,902013,902013,250.0,43.7596,77.2198,60.3187,601,601,False,BAB-TRM Backarc-NCB,5927
5927,902013.0,902013.0,255.0,39.9047,82.3128,81.4746,601.0,601.0,0.0,,5928.0
5928,902013,902013,290.0,40.5678,88.8283,96.331,601,601,False,BAB-NCH,5929
5929,902013.0,902013.0,300.0,41.7189,85.4339,92.8435,601.0,601.0,0.0,,5930.0
5930,902013.0,902013.0,310.0,43.1674,81.0106,87.6691,601.0,601.0,0.0,,5931.0
5931,902013.0,902013.0,320.0,43.7381,78.234,86.2978,601.0,601.0,0.0,,5932.0
5932,902013.0,902013.0,330.0,44.2799,75.3899,85.0713,601.0,601.0,0.0,,5933.0
5933,902013.0,902013.0,360.0,43.4338,80.9432,82.0816,601.0,601.0,0.0,,5934.0
5934,902013.0,902013.0,370.0,43.1233,82.2301,81.3984,601.0,601.0,0.0,,5935.0
5935,902013,902013,410.0,43.2171,81.6538,81.6713,601,601,False,BAB-NCH,5936
5936,902013,902013,420.0,43.24,81.51,81.74,601,601,False,BAB-NCH,5937
5937,902013,902013,430.0,43.24,81.51,81.74,601,601,False,BAB-NCH,5938
5938,902014,902014,250.0,90.0,0.0,0.0,701,701,False,GAC-AFR Gamilaroi-Calliope (Panthalassa) subdu...,5939
5939,902014,902014,380.0,4.9061,105.7658,-77.5251,701,701,False,"GAC-AFR @REF Domeier_Torsvik_2014 @DOI""10.10...",5940
5940,902014,902014,390.0,-9.25,-75.71,64.22,701,701,False,"GAC-AFR @REF Domeier_Torsvik_2014 @DOI""10.101...",5941
5941,902014,902014,400.0,-9.67,-75.75,63.49,701,701,False,"GAC-AFR @REF Domeier_Torsvik_2014 @DOI""10.101...",5942
5942,902014,902014,410.0,-9.35,-75.8,64.12,701,701,False,"GAC-AFR @REF Domeier_Torsvik_2014 @DOI""10.10...",5943
5943,902014,902014,420.0,-9.35,-75.8,64.12,701,701,False,"GAC-AFR @REF Domeier_Torsvik_2014 @DOI""10.10...",5944
5944,902014,902014,430.0,-9.35,-75.8,64.12,701,701,False,"\t""GAC-AFR\t@REF Domeier_Torsvik_2014 @DOI""""10...",5945
5945,980421,980421,0.0,41.0464,59.8141,-153.4551,0,000,False,Mawson sea,5946
5946,980421,980421,740.0,41.5589,71.4235,-185.1599,0,000,False,,5947
5947,980421,980421,760.0,41.0464,59.8141,-153.4551,0,000,False,Mawson sea,5948
5948,999,999,810.0,38.6281,54.6546,-143.3708,0,000,False,Mawson sea,5949
5949,980421,980421,870.0,8.9448,39.846,-108.9264,0,000,False,Mawson sea,5950
5950,980421,980421,900.0,13.9674,45.3379,-76.1486,0,000,False,Mawson sea - ensure convergence with Rodinia,5951
5951,980421,980421,931.0,-0.2494,65.3239,-46.3995,0,000,False,Mawson sea - ensure convergence with Rodinia,5952
5952,980421,980421,940.0,-0.2494,65.3239,-46.3995,0,000,False,Mawson sea - ensure convergence with Rodinia,5953
5953,980441,980441,490.0,57.1964,162.2848,69.5047,0,000,False,Ediacaran–Cambrian Northern hemisphere ocean plate,5954
5954,980441,980441,541.0,47.7277,-178.793,60.0984,0,000,False,Ediacaran–Cambrian Northern hemisphere ocean plate,5955
5955,980441,980441,550.0,47.7277,-178.793,60.0984,0,000,False,Ediacaran–Cambrian Northern hemisphere ocean plate,5956
5956,9804411,9804411,540.0,57.9068,164.4664,107.7344,0,000,False,Ediacaran–Cambrian Northern hemisphere ocean plate,5957
5957,9804411,9804411,560.0,54.5707,-172.7004,103.1332,0,000,False,Ediacaran–Cambrian Northern hemisphere ocean plate,5958
